number,repository,commit,source,source_sha256,source_url,files_retrieved,inspection_depth
1,InteractiveComputerGraphics/SPlisHSPlasH,f3f677140761db7637b5443beb54f19f1f835ed4,SPlisHSPlasH/DFSPH/TimeStepDFSPH.cpp,5dcc295c24fbf083c200f264e2284516a540b5b1b61747cdea80a56ac74e9889,https://github.com/InteractiveComputerGraphics/SPlisHSPlasH/blob/f3f677140761db7637b5443beb54f19f1f835ed4/SPlisHSPlasH/DFSPH/TimeStepDFSPH.cpp#L9,4,Подробнее
2,InteractiveComputerGraphics/PositionBasedDynamics,10a70bc146a97873dc3c8fef372f5217e010542e,Demos/FluidDemo/TimeStepFluidModel.cpp,e6f4ff5c0da5595a51818a5fb973c39fa28f11ee47bee31827a8929eb4ba934a,https://github.com/InteractiveComputerGraphics/PositionBasedDynamics/blob/10a70bc146a97873dc3c8fef372f5217e010542e/Demos/FluidDemo/TimeStepFluidModel.cpp#L42,4,Подробнее
3,matsuoka-601/Splash,3df5d621e6f153d7269037cbd8606bd83796f3fd,render/narrowRangeFilter.wgsl,9a069aa79de9ba52d6780831384d4c00e9b55b9c9cc0cadc33f3c57eeb83590a,https://github.com/matsuoka-601/Splash/blob/3df5d621e6f153d7269037cbd8606bd83796f3fd/render/narrowRangeFilter.wgsl#L2,6,Подробнее
4,matsuoka-601/WaterBall,94130dced92b083ece104ff8fbaf559949d86635,render/fluidRender.ts,5269399d8e88c2cbc2fac677ac933c282fdedf5473bf12f80659d472cee4ca09,https://github.com/matsuoka-601/WaterBall/blob/94130dced92b083ece104ff8fbaf559949d86635/render/fluidRender.ts#L2,4,Обзор участка
5,rlguy/Blender-FLIP-Fluids,70a0e954018fe39e1f9c3631264989569752bb7a,src/engine/diffuseparticlesimulation.cpp,9b00e8cf5b72d474a0f696a090f6dd71844cc04ff96bca236a7364efcc22f6cd,https://github.com/rlguy/Blender-FLIP-Fluids/blob/70a0e954018fe39e1f9c3631264989569752bb7a/src/engine/diffuseparticlesimulation.cpp#L67,5,Подробнее
6,thunil/mantaflow,494445143507296d16e467160c1889be657f8f74,source/plugin/pressure.cpp,9a075d1f1e17c7c1d5e1690ddba43277e10666226db71298031fe2afc99caf1c,https://github.com/thunil/mantaflow/blob/494445143507296d16e467160c1889be657f8f74/source/plugin/pressure.cpp#L10,4,Обзор участка
7,NVIDIAGameWorks/FleX,b1ea0f87b72582649c935d53fd8531b1e7335160,demo/d3d/shaders/compositePS.hlsl,f9e64006a79ecbc52c84f71b0a7e96e3b973529a514b38526e3837f949f745ab,https://github.com/NVIDIAGameWorks/FleX/blob/b1ea0f87b72582649c935d53fd8531b1e7335160/demo/d3d/shaders/compositePS.hlsl#L87,8,Подробнее
8,ttnghia/RealTimeFluidRendering,12dafc3d2e0374b39df6452afb679e8d44650aea,Shaders/filter-narrow-range.fs.glsl,7c89481b5efbb0c4d5825cb6acc8466c43616f1249d297499470f8d673d4ea82,https://github.com/ttnghia/RealTimeFluidRendering/blob/12dafc3d2e0374b39df6452afb679e8d44650aea/Shaders/filter-narrow-range.fs.glsl,7,Подробнее
9,Popov72/FluidRendering,a5ca5f57edea61550e7dfe856588396769f820e8,src/scenes/FluidSimulator2/fluidSimulator.ts,4b0d311228f8b85feefecb602509a5cf081a70a82de35629ef0af32fd2bedebc,https://github.com/Popov72/FluidRendering/blob/a5ca5f57edea61550e7dfe856588396769f820e8/src/scenes/FluidSimulator2/fluidSimulator.ts#L9,5,Обзор участка
10,pablode/flut,6db86a000feb1aadc60ea7e1a445b102bfe6f145,shaders/renderCurvature.frag,ca84ed56160b9dd9317ef47bcd80a7a34357fb1803590c51017053ca03c0f1e5,https://github.com/pablode/flut/blob/6db86a000feb1aadc60ea7e1a445b102bfe6f145/shaders/renderCurvature.frag#L52,4,Подробнее
11,loganzartman/gl-pic-fluid,bc75cb10b9250b411fff28b8301d809cc97b3b1e,shader/pressure_update.cs.glsl,96892288cafb31e4fa7871171946be90f96cf0fb5160aae7332a2c924e453bc1,https://github.com/loganzartman/gl-pic-fluid/blob/bc75cb10b9250b411fff28b8301d809cc97b3b1e/shader/pressure_update.cs.glsl#L12,4,Обзор участка
12,SebLague/Fluid-Sim,4717b7259718d349b0001c82836f24ce5fec81d7,Assets/Scripts/Rendering/ScreenSpace/Smoothing/Bilateral_2D/BilateralFilter2D.shader,fcf309a521d49b0e01a17e6b0b1e6b937a506539ccf90664d7dd2d6a83e50610,https://github.com/SebLague/Fluid-Sim/blob/4717b7259718d349b0001c82836f24ce5fec81d7/Assets/Scripts/Rendering/ScreenSpace/Smoothing/Bilateral_2D/BilateralFilter2D.shader#L1,4,Обзор участка
13,jeantimex/fluid,9daf3ae2add7dedc3eadcc10da5e4a44ef1b771f,src/sph/3d/webgpu_particles/fluid_simulation.ts,a14a1a49c4bd65d74f9230fb89b096adee00b4c7021756cf2f6135c2d57d86c5,https://github.com/jeantimex/fluid/blob/9daf3ae2add7dedc3eadcc10da5e4a44ef1b771f/src/sph/3d/webgpu_particles/fluid_simulation.ts#L72,4,Обзор участка
14,dli/fluid,ac3ee551ee33caaf4c0aa38da21e2be5562fd5ab,simulator.js,3ed92041ec4a2130dcfb36a49d54ced3936b10d960e1aba89b1b1fd70259ef5b,https://github.com/dli/fluid/blob/ac3ee551ee33caaf4c0aa38da21e2be5562fd5ab/simulator.js#L62,6,Подробнее
15,tunabrain/incremental-fluids,1dcb0abd702684a07c81a3f0e88b41ecd0e5497a,8-flip/Fluid.cpp,6f5162199732b19460d8d0f02d7a963c64386bfbd55e048b662dde8e24e42750,https://github.com/tunabrain/incremental-fluids/blob/1dcb0abd702684a07c81a3f0e88b41ecd0e5497a/8-flip/Fluid.cpp#L475,1,Обзор участка
16,taichi-dev/taichi,ba0e81dce559fb63a5958bf82feb1d00c55c02fe,python/taichi/examples/simulation/mpm128.py,4f04bb55ec221bdc6e70361e9681b21843d77445826c3bdd83404cefd494b129,https://github.com/taichi-dev/taichi/blob/ba0e81dce559fb63a5958bf82feb1d00c55c02fe/python/taichi/examples/simulation/mpm128.py#L16,4,Обзор участка
17,matsuoka-601/WebGPU-Ocean,3bd932778650b5e756ba2590969ed618313843ad,render/fluidRender.ts,7fb9c81d644a6f98af0a6186cc174d4e93e7642adb8677c15e80b5283d93363f,https://github.com/matsuoka-601/WebGPU-Ocean/blob/3bd932778650b5e756ba2590969ed618313843ad/render/fluidRender.ts#L2,4,Обзор участка
18,danielshervheim/unity-stylized-water,d209d15bd8af8404b55c149ea3e9d8e1b7d453b3,Assets/Stylized Water/Shaders/Stylized Water.shader,5f6d68632e370d48d54275204ceac276b8c751422913b93eccdb05a4a0a9952a,https://github.com/danielshervheim/unity-stylized-water/blob/d209d15bd8af8404b55c149ea3e9d8e1b7d453b3/Assets/Stylized%20Water/Shaders/Stylized%20Water.shader#L30,4,Обзор участка
19,InteractiveComputerGraphics/splashsurf,56d3e6ac444cf8540c238a4391483955a9484210,splashsurf_lib/src/dense_subdomains.rs,4b274b1e97154a8c54d4a90d2cd790ed98ffe0011cf59411906bb3da727f8130,https://github.com/InteractiveComputerGraphics/splashsurf/blob/56d3e6ac444cf8540c238a4391483955a9484210/splashsurf_lib/src/dense_subdomains.rs#L22,4,Подробнее
20,dimforge/salva,51c153e05974836eea17db445e30f1ff64bb5b32,src/solver/pressure/dfsph_solver.rs,00f4daf05a9bdb082e961e647c93df4ed432b9cf17564c39b270cd8de9c7bf02,https://github.com/dimforge/salva/blob/51c153e05974836eea17db445e30f1ff64bb5b32/src/solver/pressure/dfsph_solver.rs#L12,4,Подробнее
21,yuki-koyama/position-based-fluids,92d71b14e735d060e446c1483aa7b98d8084e68e,src/main.cpp,c301aec9e491c9053b5950b5b4d9b3fa6e2e0f6ffb48bd0d9a3c954ef5c437db,https://github.com/yuki-koyama/position-based-fluids/blob/92d71b14e735d060e446c1483aa7b98d8084e68e/src/main.cpp#L2,1,Обзор участка
22,benma/pysph,18347a8d3d24eabf60f8fdaac30a44368f1f0ab2,src/fluid_rendering/fluid_renderer.py,5acb78e1558686462f105a4cc3a2c7b01ecdbdacc668b6d8126acce119e16280,https://github.com/benma/pysph/blob/18347a8d3d24eabf60f8fdaac30a44368f1f0ab2/src/fluid_rendering/fluid_renderer.py#L50,4,Обзор участка
23,Wumpf/blub,939f346cf3a8e2173834d46fe6979ae42a0d4cc2,src/simulation/pressure_solver.rs,91e7cdab7be8ebd6581a30401de80ebe65c3a64cc2e0b5a5131daec491558e9e,https://github.com/Wumpf/blub/blob/939f346cf3a8e2173834d46fe6979ae42a0d4cc2/src/simulation/pressure_solver.rs#L22,4,Подробнее
24,Xiangyu-Hu/SPHinXsys,846029ffef0906913685c4ba0a0911a16d98396d,src/shared/particle_dynamics/fluid_dynamics/surface_tension.cpp,04b9ad3a2354ba73f85dd222583dac77d05424b890a5c16828e82b9d57fd83f4,https://github.com/Xiangyu-Hu/SPHinXsys/blob/846029ffef0906913685c4ba0a0911a16d98396d/src/shared/particle_dynamics/fluid_dynamics/surface_tension.cpp#L1,4,Обзор участка
25,rlguy/FLIPViscosity3D,178b82fabb8985a3544716b7281775464e184f67,src/fluidsimulation.cpp,a56f68d9781810c8d9b44293ec008b35c941d0a08d3d0c41ac777496b90c797d,https://github.com/rlguy/FLIPViscosity3D/blob/178b82fabb8985a3544716b7281775464e184f67/src/fluidsimulation.cpp#L39,4,Обзор участка
26,naeioi/PBF-CUDA,31a769d18a29848b06eaef34196b571dd0f3c755,fluids/shader/SSFsmooth_depth.f.glsl,c10aff9e4520645bebf0aa23d604f45affe41af3aec5fa428cfee191b26dbd85,https://github.com/naeioi/PBF-CUDA/blob/31a769d18a29848b06eaef34196b571dd0f3c755/fluids/shader/SSFsmooth_depth.f.glsl#L26,4,Обзор участка
27,IronWarrior/ToonWaterShader,8fb92c3de358399b7d0144c93713b068524eadd7,Assets/Shaders/ToonWater.shader,5210dc9c0a3d71f2a530d10cb851c121bfe800a16485964ac61eed7ef4449b10,https://github.com/IronWarrior/ToonWaterShader/blob/8fb92c3de358399b7d0144c93713b068524eadd7/Assets/Shaders/ToonWater.shader#L14,4,Обзор участка
28,nialltl/incremental_mpm,2c4659230ec1added189913da11ed67f182f5b4d,Assets/3. MLS_MPM_Fluid_Multithreaded/MLS_MPM_Fluid_Multithreaded.cs,d1fee285294df0bc38cb0db1c92dc84a7552cc101f99f676197f79909891d591,https://github.com/nialltl/incremental_mpm/blob/2c4659230ec1added189913da11ed67f182f5b4d/Assets/3.%20MLS_MPM_Fluid_Multithreaded/MLS_MPM_Fluid_Multithreaded.cs#L39,4,Обзор участка
29,k-ye/PbfVs,f9fa71fbfffcdc8142a7b5825ca09ef6f375079d,PbfVsLib/src/pbf_solver_gpu.cu,fb13189ba314b87eda9b081bd85e8480f0395776c2a7cb0ce042592b41927a2d,https://github.com/k-ye/PbfVs/blob/f9fa71fbfffcdc8142a7b5825ca09ef6f375079d/PbfVsLib/src/pbf_solver_gpu.cu#L19,4,Обзор участка
30,leonardo-montes/Unity-ECS-Job-System-SPH,d4b9fe746eba54e099452f3b5f88e80849b7830a,Assets/Job System/SPHSystem.cs,c3ee6f2bbfeccc50b0626b8adde04e1f599b0b3de290f39de539ed1829ed4062,https://github.com/leonardo-montes/Unity-ECS-Job-System-SPH/blob/d4b9fe746eba54e099452f3b5f88e80849b7830a/Assets/Job%20System/SPHSystem.cs#L15,5,Обзор участка
31,ccbycc/embedded-fluid2d,ad8533a6580dbaed8dbe70406811a24b1ebf1340,fluid2d/fluid_solver.cpp,f493e8ff9d497606f9a667a304927453f1cd533742b1efb9cc503935683eb519,https://github.com/ccbycc/embedded-fluid2d/blob/ad8533a6580dbaed8dbe70406811a24b1ebf1340/fluid2d/fluid_solver.cpp#L59,4,Обзор участка
32,matsuoka-601/Particles4All,58d6fa6d2c50e3f58da5c7a6f9b885ce26c485f0,src/main.js,4cd63f9639220cd8f456064c500cd26e6f1c9d0d9bf438b2d3694ef170e41ecc,https://github.com/matsuoka-601/Particles4All/blob/58d6fa6d2c50e3f58da5c7a6f9b885ce26c485f0/src/main.js#L330,2,Обзор участка
33,kuriishi/PositionBasedFluids,69028c9ec0bd2c0cf94d85d225d8ac7d1871f1c7,src/renderer/shader/fluid/fluidThickness.frag,15aa7fbe75b074dcd071bcb6e17c4877fb00117a6827f89f7c12cf867dfaa259,https://github.com/kuriishi/PositionBasedFluids/blob/69028c9ec0bd2c0cf94d85d225d8ac7d1871f1c7/src/renderer/shader/fluid/fluidThickness.frag#L19,4,Обзор участка
34,kishimisu/WebGPU-Fluid-Simulation,6681df80bb83c6e1612c71a8e7b9fa5de5d58de8,src/shaders.js,282718dde81f654b0124fa44d7531f1884b3274dd865fd9b1a7bb71985f78295,https://github.com/kishimisu/WebGPU-Fluid-Simulation/blob/6681df80bb83c6e1612c71a8e7b9fa5de5d58de8/src/shaders.js#L339,3,Обзор участка
35,omgware/fluid-simulator-v2,4c18a5e1261f2bf6ce779cb87a23cd9f699ef495,fluid-simulator-android/assets/data/shaders/defaultim.frag,68a38be9bc7ca8cb0d1e009680b3937c6b12d302bf45542c14ba62bc186b9a33,https://github.com/omgware/fluid-simulator-v2/blob/4c18a5e1261f2bf6ce779cb87a23cd9f699ef495/fluid-simulator-android/assets/data/shaders/defaultim.frag#L23,4,Обзор участка
36,jason-huang03/SPH_Project,2a97e63dab680a2ee40b6a96b0f135062c6b1aaf,SPH/fluid_solvers/base_solver.py,e45c36261f9bc46a5f049228a9547d62102c1bcf7e3a9c64804acfeee5a2cfff,https://github.com/jason-huang03/SPH_Project/blob/2a97e63dab680a2ee40b6a96b0f135062c6b1aaf/SPH/fluid_solvers/base_solver.py#L1,4,Обзор участка
37,PavelBlend/blender-jet-fluids-addon,efd3c33df29a1f16b89881989de2abea36b2f94e,jet_fluids/bake_particles.py,5ea7bb0539f34af36005cbbdc64a80a46b8bd5e778cb1ee2aeff9449c56811b2,https://github.com/PavelBlend/blender-jet-fluids-addon/blob/efd3c33df29a1f16b89881989de2abea36b2f94e/jet_fluids/bake_particles.py#L37,4,Обзор участка
38,JAGJ10/PositionBasedFluids,f096a6af49d26193a9781250485c404fa5d1a4f8,PositionBasedFluids/foamThickness.frag,3607a3560deef7c7a14ceb1796ba74e0a0988e451e94525faab37134466d6555,https://github.com/JAGJ10/PositionBasedFluids/blob/f096a6af49d26193a9781250485c404fa5d1a4f8/PositionBasedFluids/foamThickness.frag#L8,4,Обзор участка
39,hadashiA/UnityURP-ScreenSpaceFluid,b11890bf973f6aa655d8e7714eed89e1b96e0095,Assets/Scripts/SsfPass.cs,20b4c2cdd3814d56f36f5ca05748a0d7ead833e0d07fe6afa89432e3c84aa14f,https://github.com/hadashiA/UnityURP-ScreenSpaceFluid/blob/b11890bf973f6aa655d8e7714eed89e1b96e0095/Assets/Scripts/SsfPass.cs#L42,5,Обзор участка
40,GarrettGunnell/Water,1673a12e796c5745aea6fa26eda53261da8efa80,Assets/Shaders/Water.shader,e8c639869f735a7178a0fe8abf2f043f3962767af217cd22dcbdc754b215cae5,https://github.com/GarrettGunnell/Water/blob/1673a12e796c5745aea6fa26eda53261da8efa80/Assets/Shaders/Water.shader#L201,3,Обзор участка
41,ohmaseclaro/webgpu-fryer,7339802d8e146f844d90d0988dc928bba6c1b03a,src/sim/mlsMpmSimulator.ts,81e86bfa82e3f4d0a8c794214ac292656855eb9127640a860a649a890f051586,https://github.com/ohmaseclaro/webgpu-fryer/blob/7339802d8e146f844d90d0988dc928bba6c1b03a/src/sim/mlsMpmSimulator.ts#L34,4,Обзор участка
42,InteractiveComputerGraphics/CompactNSearch,b40afcf47fe1963b363eba2371f04b42720fcb1d,demo/main.cpp,3d4abe597c053fbae631e5ca610ec3d0af83fe52c348a6f6bdcfecf173f852f0,https://github.com/InteractiveComputerGraphics/CompactNSearch/blob/b40afcf47fe1963b363eba2371f04b42720fcb1d/demo/main.cpp#L28,1,Обзор участка
43,shajidhasan/mobile-fluid-sim,52eca767d1d81b166ed8a930a8ffd67b7d14fb73,src/lib/fluid/FlipFluid.ts,c64c41a5e55fde1c981a6e83e7328edc437e988888fc62e0f7b8f39962592b12,https://github.com/shajidhasan/mobile-fluid-sim/blob/52eca767d1d81b166ed8a930a8ffd67b7d14fb73/src/lib/fluid/FlipFluid.ts#L145,4,Обзор участка
44,jinleili/simuverse,599d81143c0cca2bf665cde763993f478243cd85,simuverse/src/fluid/fluid_simulator.rs,ddbbc389d60ddf17febf806bab321c611b6f4e3745317815acec0664bd3ac139,https://github.com/jinleili/simuverse/blob/599d81143c0cca2bf665cde763993f478243cd85/simuverse/src/fluid/fluid_simulator.rs#L177,4,Обзор участка
45,onsetsu/floom,498018571663fdab4d158f478b35a08c12771293,src/floom/simplesimulation.js,6a31be52bfd0b3ce6fa22465519be831a28ffc0d7fb84d034708da01ea932856,https://github.com/onsetsu/floom/blob/498018571663fdab4d158f478b35a08c12771293/src/floom/simplesimulation.js#L15,3,Обзор участка
46,aren227/unity-fluid-simulation,fe4a779b8ac47107ac6607546349cc3297c42e04,Assets/Scripts/Solver.cs,48a9fd9d717a1ce2d4abc8ca5f915498c5779337bf457020b4ea83286365b6f9,https://github.com/aren227/unity-fluid-simulation/blob/fe4a779b8ac47107ac6607546349cc3297c42e04/Assets/Scripts/Solver.cs#L17,4,Обзор участка
47,lukedan/libfluid,cb78d82a34b3d01d3278ef39274a0b4ce72bcde8,src/pressure_solver.cpp,fceaabc91bfc4f9ef3343f79dfd219085ace4e04b2ba67e1048f0fc39e517f64,https://github.com/lukedan/libfluid/blob/cb78d82a34b3d01d3278ef39274a0b4ce72bcde8/src/pressure_solver.cpp#L1,6,Обзор участка
48,bwasty/particle-fluids,25e5fcf9936e1aa13d52f8a1c6115081b08f78c0,particlefluids.cpp,3e6429990d6fbaea1aaed72dda3fc1e0db556ca58f86e41e47c374a9d9eddfdc,https://github.com/bwasty/particle-fluids/blob/25e5fcf9936e1aa13d52f8a1c6115081b08f78c0/particlefluids.cpp#L109,2,Обзор участка
49,bandinopla/threejs-fluid-simulation,14ff3b0e55954685dc14648d5625715fa8e8c14a,src/FluidMaterialGPU.ts,409459bdf84bb82655458f19d959d94a14fe8e50fb11282f0c0d44707687967d,https://github.com/bandinopla/threejs-fluid-simulation/blob/14ff3b0e55954685dc14648d5625715fa8e8c14a/src/FluidMaterialGPU.ts#L107,4,Обзор участка
50,golanlevin/MPM-Fluid,51bf4a1ebf4ae87f5c0ae2b69a98c84936d5bd3b,src/ofxMPMFluid.cpp,eb776c1d55bef0e159e8f3adbda548da1635754fddac52339ca72528d0b78c26,https://github.com/golanlevin/MPM-Fluid/blob/51bf4a1ebf4ae87f5c0ae2b69a98c84936d5bd3b/src/ofxMPMFluid.cpp#L55,4,Обзор участка
51,HectorArellano/PBF_GPU,7ff2a9b356e7228dcafb75cf655f293a37f55c99,js/shaders/PBF/vs-calculateConstrains.js,c4d70d0c4d29e7eda30237ad1f63bb170c5f5232e135dfc8024a550bc568c25f,https://github.com/HectorArellano/PBF_GPU/blob/7ff2a9b356e7228dcafb75cf655f293a37f55c99/js/shaders/PBF/vs-calculateConstrains.js#L7,4,Обзор участка
52,jinleili/fluid-webgpu,e1c6dcef32e7c845947adaccafdfab996181f50c,shader/lbm/d2q9_collide.comp.glsl,7234d30dec5a6e458ac1f6210764a688a90f3fa82cb1696ff8d5f74ef644cf92,https://github.com/jinleili/fluid-webgpu/blob/e1c6dcef32e7c845947adaccafdfab996181f50c/shader/lbm/d2q9_collide.comp.glsl#L22,5,Обзор участка
53,Platinguin/Godot-Water-Shader-Prototype,639d2e0dad8b97db3d14e284e22a967857130c1d,shaders/visual_water.shader,de045671d3d4338b6519079e8ff00c11e18895bc6c0331143b4ff94eedbf85c6,https://github.com/Platinguin/Godot-Water-Shader-Prototype/blob/639d2e0dad8b97db3d14e284e22a967857130c1d/shaders/visual_water.shader#L7,4,Обзор участка
54,CzzzzH/MLS-MPM,45a365d1b021c264ccf0aa0c1eae2b82a17f9d73,mls_mpm_blender.py,f808a466cb62c545ba24f620904c4b0ae3bb0992acc6064e38cea190b322d642,https://github.com/CzzzzH/MLS-MPM/blob/45a365d1b021c264ccf0aa0c1eae2b82a17f9d73/mls_mpm_blender.py#L443,2,Обзор участка
55,lamp-cap/Unity_FLIP_Fluid_Simulation,0c30aef2206eac822cd484a84c66787a2f98cbca,Assets/Scripts/Fluid/FLIP/Solver/AdaptiveNarrowBandSolver.cs,ce08c7e822a6885defa08f77170d99c80e4453134ff322a666fa969914dea3ae,https://github.com/lamp-cap/Unity_FLIP_Fluid_Simulation/blob/0c30aef2206eac822cd484a84c66787a2f98cbca/Assets/Scripts/Fluid/FLIP/Solver/AdaptiveNarrowBandSolver.cs#L49,4,Обзор участка
56,FabianStoll/WebGL-Fluid-Simulation,f6fe511014958c579a43cb2d5235c9e12cdece1c,particlesystem.js,830fe17f7ba88dac2b658b29d4a124a7e9f6225c03572c8d663c24870b03ab43,https://github.com/FabianStoll/WebGL-Fluid-Simulation/blob/f6fe511014958c579a43cb2d5235c9e12cdece1c/particlesystem.js#L571,4,Обзор участка
57,LinzhouLi/WebGPU-Fluid-Simulation,32105334f03705cd8d34ed0400be420052f32ece,src/renderer/filteredParticleFluid/shader/renderPassShader.ts,1b779cbd975f4505c54b9d7da542602fbe269720fdb6387e277590c0cdfa5ebe,https://github.com/LinzhouLi/WebGPU-Fluid-Simulation/blob/32105334f03705cd8d34ed0400be420052f32ece/src/renderer/filteredParticleFluid/shader/renderPassShader.ts#L21,4,Обзор участка
58,nvjob/nvjob-water-shader-simple-and-fast,2eedee294af53b817e1ed2ee0749846a40c77cd1,Assets/#NVJOB Simple Water Shaders/#NVJOB Simple Water Shaders/Water Specular.shader,2112442b558d3b8d714dee69bd8cd49c258530ecf59b2bde62e37b701554af41,https://github.com/nvjob/nvjob-water-shader-simple-and-fast/blob/2eedee294af53b817e1ed2ee0749846a40c77cd1/Assets/%23NVJOB%20Simple%20Water%20Shaders/%23NVJOB%20Simple%20Water%20Shaders/Water%20Specular.shader#L84,4,Обзор участка
59,hanbollar/MPM-Implementation,67a362852b2a824031f7d3f9b5815b2333408534,src/simulation/MPMSimulation.h,4c634f7e7c4da6cd229b8249c2aa2423ae1fcc540dc70ee68efe0baec5f37893,https://github.com/hanbollar/MPM-Implementation/blob/67a362852b2a824031f7d3f9b5815b2333408534/src/simulation/MPMSimulation.h#L333,2,Обзор участка
60,davrempe/2d-fluid-sim,a5e1bfebbfdebde8b4a9df5f02a2655afd0c3b95,FluidSim2D/FluidSim2D/FluidSolver2d.cpp,310b0ab1ce41c0d5b4eeac901c44808e7fb2671dd6f9a33e80e45cbb471f125f,https://github.com/davrempe/2d-fluid-sim/blob/a5e1bfebbfdebde8b4a9df5f02a2655afd0c3b95/FluidSim2D/FluidSim2D/FluidSolver2d.cpp#L79,4,Обзор участка
61,matsuoka-601/Floaty,898cbcbbee5138d92803433530ea5c85b142ee6b,solver.ts,828e0e29e8c9bae028f3baeacf5097e3b695f261b1063d15096bb7845bf19fec,https://github.com/matsuoka-601/Floaty/blob/898cbcbbee5138d92803433530ea5c85b142ee6b/solver.ts#L2,4,Обзор участка
62,Mr-222/PBD_Fluid_Demo_Unity,125ff4d6320ca1eaab8aef678762d07e4c20305c,Assets/Resources/FluidSolver.compute,422635188ea93c7fb3f626461b751079c4c3c9ed52ef98b8eea06c9949b83cb5,https://github.com/Mr-222/PBD_Fluid_Demo_Unity/blob/125ff4d6320ca1eaab8aef678762d07e4c20305c/Assets/Resources/FluidSolver.compute#L9,4,Обзор участка
63,Bercon/incendium,16c14f83ce7ad2d4436bdb157a58793200530003,src/main.js,d78962259ba6e3fce881d29b72ae4170441e2144fb8ea43c96fbb64155d99580,https://github.com/Bercon/incendium/blob/16c14f83ce7ad2d4436bdb157a58793200530003/src/main.js#L51,2,Обзор участка
64,tuxalin/water-shader,5370b57f2384cdac460c9f704e6380e71b778359,shaders/hlsl/water/foam.cginc,dcf8f3d13eb84f434d8849c4851acbc55b52c2481797e8eceb0e84ce1aaeec09,https://github.com/tuxalin/water-shader/blob/5370b57f2384cdac460c9f704e6380e71b778359/shaders/hlsl/water/foam.cginc#L2,4,Обзор участка
65,Liby99/mpm-rs,8d4ae104586ced37e5016f63ac496fc25d3e1398,doc/rust-v1/mpm.rs,7a612e11e60878e8840a2b5c3a5e88002a44e79dcc864f80de9d5cb481241fd0,https://github.com/Liby99/mpm-rs/blob/8d4ae104586ced37e5016f63ac496fc25d3e1398/doc/rust-v1/mpm.rs#L40,3,Обзор участка
66,lijenicol/SPH-Fluid-Simulator,2d171798a1d9ca18293ce078e051881d0a6c7457,src/kernels/sphGPU.cu,f449f5442d7d6783859dc72fbaffe06b1014c87dbe021fbb4cd80030921a10ce,https://github.com/lijenicol/SPH-Fluid-Simulator/blob/2d171798a1d9ca18293ce078e051881d0a6c7457/src/kernels/sphGPU.cu#L5,4,Обзор участка
67,W298/gvdb-fluid-unreal,23b8d9f8d88281c9153c784214a3ef8817e2fff3,GVDB_Library/src/fluid_system.cpp,1f02f4eb0593da845c32fd24ef3b10bf4854a319141379a9ceff7a3c117fdc75,https://github.com/W298/gvdb-fluid-unreal/blob/23b8d9f8d88281c9153c784214a3ef8817e2fff3/GVDB_Library/src/fluid_system.cpp#L24,4,Обзор участка
68,bwiberg/position-based-fluids,411a11a8b68567c05147179182d3247850aea187,kernels/timestep.cl,e421d3e90283a8c4c31f4ff7349cbc04d84b4cd55f5abd1ab1f131d3ad92ea91,https://github.com/bwiberg/position-based-fluids/blob/411a11a8b68567c05147179182d3247850aea187/kernels/timestep.cl,5,Обзор участка
69,xuxmin/pbf,9451c5a0fef546edd4a528ed405e61331e8b14fa,js/shaders/ssf/ssfSmoothDepth.js,8ff7231237b44a3640a3929854421dcf9f39b5e032e498d11dd5f6526e666f00,https://github.com/xuxmin/pbf/blob/9451c5a0fef546edd4a528ed405e61331e8b14fa/js/shaders/ssf/ssfSmoothDepth.js#L33,4,Обзор участка
70,robkau/mlsmpm-particles-rs,2cac04f6d022ea1c0e805da683f0383d1028f573,src/step_p2g.rs,6c5161b1541cc32423392b83242c0cdcdeefe946b0d6bed7be2b4f94c7759dff,https://github.com/robkau/mlsmpm-particles-rs/blob/2cac04f6d022ea1c0e805da683f0383d1028f573/src/step_p2g.rs#L133,4,Обзор участка
71,AudranDoublet/opr,429f7fa379c1aaabbb691c765e90ed7f7a2e42f2,sph/src/pressure_solver/dfsph.rs,30cbccde0e015bae9a37a048041b59941e93c3ea8452dfb137fc666d90e5aefb,https://github.com/AudranDoublet/opr/blob/429f7fa379c1aaabbb691c765e90ed7f7a2e42f2/sph/src/pressure_solver/dfsph.rs#L6,4,Обзор участка
72,seanbone/WaterSim,4b355f399445a421629cbd2971166ee2d9be7b4c,3d/src/flip-methods/particle_to_grid.cpp,109ca3937a88b2f7d67b595b0e3ecd0bb383ac6baecb4e2edff0d6b46d1855a3,https://github.com/seanbone/WaterSim/blob/4b355f399445a421629cbd2971166ee2d9be7b4c/3d/src/flip-methods/particle_to_grid.cpp#L2,4,Обзор участка
73,Mirage-c/3D-FluidSimulation-PathTracing,33ac73fd9aa48f404a23ec78e10d3ebd1b688266,simulation/mpm3d.py,56cdecb937f4a27f7279ef55e5748375d9b5b1f778ac6e54adcaa01278133bd0,https://github.com/Mirage-c/3D-FluidSimulation-PathTracing/blob/33ac73fd9aa48f404a23ec78e10d3ebd1b688266/simulation/mpm3d.py#L33,3,Обзор участка
74,ppciarravano/larmorfluid-yapfs,42244a69ec91748b64cc4dba1fbb17f1c771502f,src/solver.cpp,cb7b0b8ac1f75b3a50854d6fef8d074cbc812365996691b75edf95ce091ec6dc,https://github.com/ppciarravano/larmorfluid-yapfs/blob/42244a69ec91748b64cc4dba1fbb17f1c771502f/src/solver.cpp#L182,3,Обзор участка
75,ekpyron/pbf,19cb7773468411dd55561a0db2e1ab5f7b5f9c91,shaders/sph/calclambda.glsl,6850794f08833dad973284c0852d6cc5ecaa2f0c690ccaeaba61299ced3092e8,https://github.com/ekpyron/pbf/blob/19cb7773468411dd55561a0db2e1ab5f7b5f9c91/shaders/sph/calclambda.glsl#L37,4,Обзор участка
76,Hab5/mls-mpm,e10aa1ae6f442d1f361db655e56edf457ef3efd2,src/main_glm.cpp,0e0c4c617f4ac04b84285b90bb714e84b90b7e6bb176cff864a2a42f3e6aa98e,https://github.com/Hab5/mls-mpm/blob/e10aa1ae6f442d1f361db655e56edf457ef3efd2/src/main_glm.cpp#L86,4,Обзор участка
77,genpfault/sph-tutorial,373cbf849e3053d83592cb9572f53ef32b578086,src/main.cpp,4ddb128d1f20432a3e76bafc933957d080bf1e427c48be5448ada9311b74cc5b,https://github.com/genpfault/sph-tutorial/blob/373cbf849e3053d83592cb9572f53ef32b578086/src/main.cpp#L31,1,Обзор участка
78,boelukas/pbs-sandfluid,5520176e0832eca0bccbc6aa54dc13498a8b494f,docs/submission/src/simulation.py,a1c2732b7fb45a2bf0561e19db86463860b5e9a8b48cd163aa1af4f8669aee2a,https://github.com/boelukas/pbs-sandfluid/blob/5520176e0832eca0bccbc6aa54dc13498a8b494f/docs/submission/src/simulation.py#L2,4,Обзор участка
79,ZeusYang/PositionBasedFluid_CUDA,764ba215701e9bb5a15e6f28175e477fd27fa779,PBF_CUDA/Simulator/FluidKernel.cuh,981186931c5165930974146869817c3fc6bcb72ab479093e2e1e155c391a6e36,https://github.com/ZeusYang/PositionBasedFluid_CUDA/blob/764ba215701e9bb5a15e6f28175e477fd27fa779/PBF_CUDA/Simulator/FluidKernel.cuh#L100,4,Обзор участка
80,marcushultman/screen-spaced-fluid-rendering,63b1c8ad6de1dbc329253e2375f6a816f7727516,src/FluidParticleSystem.cpp,eb2b04645fba642500cb00cc0e707f0b1e57472cb295f7de672b92ed42a3fc83,https://github.com/marcushultman/screen-spaced-fluid-rendering/blob/63b1c8ad6de1dbc329253e2375f6a816f7727516/src/FluidParticleSystem.cpp#L71,4,Обзор участка
81,ngwnos/webgpu-fluid,57d3f78adbe7f04e64841e0051a5c469a9c1d9b6,src/fluid.ts,def83d66568201d9352e8b609dea65b4b8f5541fdb045a84f969fec93a0e9162,https://github.com/ngwnos/webgpu-fluid/blob/57d3f78adbe7f04e64841e0051a5c469a9c1d9b6/src/fluid.ts#L29,1,Обзор участка
82,kaegi/adaptive-sph,c96d9416521851e1f390f0a84d25d25266c42338,src/simulation/boundary_handler/particle_boundary_handler.rs,6d2c87c3e9ba5035921c4174f75fa8613f9571626b475174fecc498a605a4eb7,https://github.com/kaegi/adaptive-sph/blob/c96d9416521851e1f390f0a84d25d25266c42338/src/simulation/boundary_handler/particle_boundary_handler.rs#L8,4,Обзор участка
83,leojilong/Interactive-GPU-accelerated-2D-3D-fluid-simulation-using-Position-Based-Fluids-and-Taichi,a5ee6a2be50fd2e4dad723bcf9c512815bc65cc8,Position_Based_Fluid.py,95f15236c29aec6c0b6e7df0e939128d31281740091d59f06958304ee40a33de,https://github.com/leojilong/Interactive-GPU-accelerated-2D-3D-fluid-simulation-using-Position-Based-Fluids-and-Taichi/blob/a5ee6a2be50fd2e4dad723bcf9c512815bc65cc8/Position_Based_Fluid.py#L14,1,Обзор участка
84,agam-kashyap/Fluid-Simulation-Rendering,b8a6c4126d96c5311825114a97e8e13bba3b0edb,Simulation/src/sph.cpp,254a6d28a160bc18a35b937f578d34331f7dc7cb9b51f0159241f5a5491e1718,https://github.com/agam-kashyap/Fluid-Simulation-Rendering/blob/b8a6c4126d96c5311825114a97e8e13bba3b0edb/Simulation/src/sph.cpp#L3,4,Обзор участка
85,freddycoppa/webgpu-fluid-sim,3318e2e946ccf2efa25d5836dbc9a1c90ac5a22f,shader.wgsl,de12aff78fe545813bc109c5bdb8b3c09bfbebc3d4e09d23442adf5405e1740d,https://github.com/freddycoppa/webgpu-fluid-sim/blob/3318e2e946ccf2efa25d5836dbc9a1c90ac5a22f/shader.wgsl#L331,3,Обзор участка
86,AUTUMN9452/mpm_sand_incompressible_fluid,576cb2091833c1df717f98812ba834353f56033f,Coupling_Incompressible_fluid/apic_extension.py,ea70e052bb46cc5d85da6870e581f7eee65d8cdc9e9abfec84e57628c261d8e0,https://github.com/AUTUMN9452/mpm_sand_incompressible_fluid/blob/576cb2091833c1df717f98812ba834353f56033f/Coupling_Incompressible_fluid/apic_extension.py#L5,4,Обзор участка
87,rlguy/SPHFluidSim,07548003daf6ebcc3020f6fed37e30981d9f7e81,src/sphfluidsimulation.cpp,cbb15894829946647d4df851fcea1fd46404f61e6ea5b50665c209abbe0f570d,https://github.com/rlguy/SPHFluidSim/blob/07548003daf6ebcc3020f6fed37e30981d9f7e81/src/sphfluidsimulation.cpp#L16,4,Обзор участка
88,awbrenn/2D-FLIP-fluid-solver,aba87030e85406984fe3ceba46b3b1ec472d0d4b,FLIPSolver.cpp,45f35547cd96ce5a685e00f519f01aa87f62da4aff6c13e50b50c72f67b9f255,https://github.com/awbrenn/2D-FLIP-fluid-solver/blob/aba87030e85406984fe3ceba46b3b1ec472d0d4b/FLIPSolver.cpp#L69,4,Обзор участка
89,lucas-schuermann/pbd-fluid-rs,6a73969d30291f430fad007303512877ab5c49fd,solver/src/lib.rs,b663deab05266677e3386211f72a409022a3faad4850a8a30d4f17cc4ff48b35,https://github.com/lucas-schuermann/pbd-fluid-rs/blob/6a73969d30291f430fad007303512877ab5c49fd/solver/src/lib.rs#L21,2,Обзор участка
90,mmmovania/screen-space-fluid-rendering,12facd8b4ab2be6f5af8ebc81a5ed9038230e5a9,src/fluids/fluid_system.cpp,486945bb3bff223dc94e1e9672218027794205d29e74c52b7a7406e748df6b6e,https://github.com/mmmovania/screen-space-fluid-rendering/blob/12facd8b4ab2be6f5af8ebc81a5ed9038230e5a9/src/fluids/fluid_system.cpp#L44,4,Обзор участка
91,krishi-saripalli/WebGPU-Smoke,9549ca244f712b6c11de3f33e218b6300434697e,src/hooks/UseRenderResources.ts,b58727360de9e49db0437ba1c3cf931764ff506dcab5c3ed4603c963a3ca8e84,https://github.com/krishi-saripalli/WebGPU-Smoke/blob/9549ca244f712b6c11de3f33e218b6300434697e/src/hooks/UseRenderResources.ts#L20,4,Обзор участка
92,dodydharma/GPU-Compute-Shader-MPM-Fluid-Simulation,f477e856aaab7e6308e4441703eafc83bbabe6e1,src/GPUMPMFluidApp.cpp,212e62facd0c787b4283e4552e168d55068262dabd27f3a4db04f6b9a27e3028,https://github.com/dodydharma/GPU-Compute-Shader-MPM-Fluid-Simulation/blob/f477e856aaab7e6308e4441703eafc83bbabe6e1/src/GPUMPMFluidApp.cpp#L102,4,Обзор участка
93,larsbertram69/Lux,7aa41882c1964bbbfb28c4601875a551a93a560b,Lux Shader/LuxCore/Wetness/LuxWetness.cginc,15e279c835e5419afaef075ef5be8d9ac55672cfede7688e0393800977f1d661,https://github.com/larsbertram69/Lux/blob/7aa41882c1964bbbfb28c4601875a551a93a560b/Lux%20Shader/LuxCore/Wetness/LuxWetness.cginc#L1,4,Подробнее
94,Shaderic/Realistic-Material-Wetness,c1f154a82ad6923efd59695a1a19b5123990f6c7,Assets/Shaders/RealisticMaterialWetness - surface shader.shader,0269d9ed7fb3b8d6447b792277b6d3718e625851c33e24c5b41ab357be22a4af,https://github.com/Shaderic/Realistic-Material-Wetness/blob/c1f154a82ad6923efd59695a1a19b5123990f6c7/Assets/Shaders/RealisticMaterialWetness%20-%20surface%20shader.shader#L1,1,Подробнее
95,turanszkij/WickedEngine,df44c3db4c4927492bc9c791eac715d98d7ed091,WickedEngine/shaders/surfaceHF.hlsli,a29e88a82b91e35337f49c976d4cf30decfffc98144389c14b47338ef847a3ab,https://github.com/turanszkij/WickedEngine/blob/df44c3db4c4927492bc9c791eac715d98d7ed091/WickedEngine/shaders/surfaceHF.hlsli#L14,7,Подробнее
96,doyubkim/fluid-engine-dev,94c300ff5ad8a2f588e5e27e8e9746a424b29863,src/jet/grid_fractional_single_phase_pressure_solver3.cpp,12ff0800a2b3ebd3d9201a419eaeccc4d73482b4ced39daf7dc9a6f350f6a49e,https://github.com/doyubkim/fluid-engine-dev/blob/94c300ff5ad8a2f588e5e27e8e9746a424b29863/src/jet/grid_fractional_single_phase_pressure_solver3.cpp#L18,4,Обзор участка
97,rlguy/GridFluidSim3D,5dbd0ca028fc6a7ec8d9e9db56501a814c0f09f1,src/diffuseparticlesimulation.cpp,1c31afad0fadb0b1d523175f92e3ef10c3574b220cabdb165de0120ee0667706,https://github.com/rlguy/GridFluidSim3D/blob/5dbd0ca028fc6a7ec8d9e9db56501a814c0f09f1/src/diffuseparticlesimulation.cpp#L183,5,Подробнее
98,smkplus/WetShader,91cd1ab1f378ee9ceeaf0ad580db25399b4c0e1d,Assets/Shaders/WetShader 1.shader,7013384ce5fba8151541df2da3cdb7d2087841acd573a5ec03847e882d6f1c49,https://github.com/smkplus/WetShader/blob/91cd1ab1f378ee9ceeaf0ad580db25399b4c0e1d/Assets/Shaders/WetShader%201.shader#L8,4,Подробнее
99,ray-cast/ray-mmd,218a91cd1c53f49850b2772ebbcb98bf258e75b1,Materials/Programmable/Wetness/material_functions.fxsub,773750f8e565beb948737d0351fe4ceb257cdff920e609609a868e3fa12d88a8,https://github.com/ray-cast/ray-mmd/blob/218a91cd1c53f49850b2772ebbcb98bf258e75b1/Materials/Programmable/Wetness/material_functions.fxsub#L1,6,Обзор участка
100,rinafumoto/FluidSimulation,e22f54d7920903fcb40b41c685a442229bb3b963,src/Fluid.cpp,d14e84ba1ce14ad4c1c783e52bf346341774bd56632ec6bc4cabdeb0583d2caa,https://github.com/rinafumoto/FluidSimulation/blob/e22f54d7920903fcb40b41c685a442229bb3b963/src/Fluid.cpp#L31,4,Обзор участка
