time_s,sample,offset_x_m,offset_y_m,offset_z_m,volume_m3,mechanical_change_j,support_work_j,viscous_heat_j,numerical_defect_j
0.000000,0,-0.000000002,-0.000000100,0.000000000,0.000765130351,0.000000000000,0.000000000000,0.000000000000,0.000000000000
0.000000,1,-0.000000002,-0.000000100,-0.000000000,0.000765130351,0.000000000000,0.000000000000,0.000000000000,0.000000000000
0.000000,2,0.000000000,0.000000013,-0.000000000,0.001549388960,0.000000000000,0.000000000000,0.000000000000,0.000000000000
0.000000,3,0.000000008,0.000000035,0.000000055,0.001549388960,0.000000000000,0.000000000000,0.000000000000,0.000000000000
0.050000,0,0.000028375,-0.003674076,0.000042018,0.000765177398,0.033707956484,0.036936722015,0.003227459776,-0.000001305754
0.050000,1,0.000028351,-0.003705322,0.000049692,0.000765179431,0.034588460918,0.037831685033,0.003241968024,-0.000001256092
0.050000,2,0.000030381,-0.008622290,0.002329657,0.001550058425,0.255436526837,0.265725027903,0.010283189950,-0.000005311116
0.050000,3,0.000126992,-0.004795704,-0.002155989,0.001549146010,0.060807263103,0.067896041297,0.007082593225,-0.000006184969
0.100000,0,0.000017610,-0.000931531,0.000006553,0.000765042259,0.139366611709,0.147257128185,0.007888958179,-0.000001558296
0.100000,1,0.000017764,-0.000934219,0.000009393,0.000765038797,0.142996556402,0.151016773159,0.008018476969,-0.000001739787
0.100000,2,-0.000268904,-0.001730245,-0.001554346,0.001550180674,1.488371586234,1.558026927709,0.069649634770,-0.000005706705
0.100000,3,-0.000235218,-0.001315417,-0.000164288,0.001548712059,0.368898601593,0.393632013493,0.024727999257,-0.000005412643
0.150000,0,-0.000008381,-0.002656224,0.000005768,0.000765140711,0.307981244112,0.319429399082,0.011444820368,-0.000003334602
0.150000,1,-0.000008024,-0.002693241,0.000015908,0.000765140715,0.316652934185,0.328291612857,0.011635145455,-0.000003533217
0.150000,2,-0.000168502,-0.006808245,-0.000519874,0.001549549763,1.587078146686,1.671383458301,0.084302475039,-0.000002836577
0.150000,3,-0.000040043,-0.005437878,-0.000586492,0.001548957036,0.438420492282,0.471737697181,0.033310690132,-0.000006514767
0.200000,0,-0.000009949,-0.002502764,0.000073098,0.000765203097,0.343812643852,0.356073892637,0.012258513116,-0.000002735669
0.200000,1,-0.000009705,-0.002509492,0.000076400,0.000765203586,0.353308287759,0.365786305209,0.012474587825,-0.000003429625
0.200000,2,-0.000203130,0.000767663,-0.001769160,0.001548474382,2.543871567615,2.653798412845,0.109924139886,-0.000002705344
0.200000,3,-0.000215943,-0.002284319,0.001530113,0.001550284777,0.766937272004,0.810816333914,0.043874377139,-0.000004684772
0.250000,0,0.000011257,-0.001569640,-0.000015015,0.000765123877,0.399657951908,0.414030538040,0.014371071991,-0.000001514141
0.250000,1,0.000011560,-0.001564890,-0.000015160,0.000765122556,0.413272409908,0.427896919387,0.014622160340,-0.000002349139
0.250000,2,-0.000085640,-0.005427840,0.000088993,0.001550404329,2.321133813801,2.448308292205,0.127171627882,-0.000002850522
0.250000,3,-0.000221583,-0.005554123,0.000244143,0.001549409938,0.572902473060,0.622832470352,0.049924745068,-0.000005252224
0.300000,0,0.000045819,-0.003427571,0.000059280,0.000765223181,0.395226158131,0.411428406880,0.016203242554,0.000000993805
0.300000,1,0.000046465,-0.003443115,0.000065508,0.000765226895,0.412188071918,0.428667094440,0.016479104189,0.000000081667
0.300000,2,0.000274275,-0.001250867,-0.001678761,0.001549345124,2.479767966739,2.622717786099,0.142947494204,-0.000002325155
0.300000,3,0.000021669,-0.002959689,0.001170512,0.001548732958,0.760162297742,0.817738928463,0.057570893806,-0.000005736914
0.350000,0,-0.000024297,-0.001719513,0.000082271,0.000765318027,0.385177255882,0.402357911450,0.017181842576,0.000001187008
0.350000,1,-0.000024157,-0.001701434,0.000083731,0.000765320233,0.405045415132,0.422526210760,0.017480876222,0.000000080594
0.350000,2,0.000413316,-0.005292112,-0.001448837,0.001549026608,2.470802784027,2.621191935048,0.150385907060,-0.000003243961
0.350000,3,-0.000061317,-0.004318888,0.001681171,0.001548704272,0.751148487299,0.813405041554,0.062249084536,-0.000007469719
0.400000,0,-0.000033238,-0.002123173,-0.000057357,0.000765035040,0.349549842381,0.368550459096,0.019000972928,0.000000356214
0.400000,1,-0.000032916,-0.002117375,-0.000053843,0.000765032643,0.373960698222,0.393278163136,0.019316544169,-0.000000920744
0.400000,2,0.000168239,-0.001480983,-0.002294319,0.001550235862,2.500701325245,2.664888264426,0.164183652263,-0.000003286918
0.400000,3,0.000170058,-0.001675106,0.002892022,0.001550163181,0.920844862697,0.988105277098,0.067254428050,-0.000005986351
0.450000,0,0.000003645,-0.003032294,0.000180582,0.000765049099,0.324812538747,0.344374863813,0.019563960309,0.000001635244
0.450000,1,0.000003932,-0.003031911,0.000183281,0.000765051127,0.351394365122,0.371277435447,0.019883470081,0.000000399756
0.450000,2,-0.000073634,-0.004960661,-0.000801470,0.001549643642,2.496079531509,2.665211117122,0.169128446898,-0.000003138716
0.450000,3,0.000317066,-0.004111485,0.002398469,0.001550105333,0.917753775331,0.988208099434,0.070449505572,-0.000004818531
0.500000,0,-0.000041000,-0.001730197,0.000045367,0.000765246728,0.282615490214,0.303364838357,0.020750841755,0.000001493611
0.500000,1,-0.000040982,-0.001721987,0.000044050,0.000765251530,0.311370298523,0.332456466110,0.021086562310,0.000000394723
0.500000,2,0.000075261,-0.002317999,-0.000675784,0.001548215982,2.465390594936,2.646792626967,0.181398174527,-0.000003857503
0.500000,3,-0.000561291,-0.003078679,0.002360886,0.001548843943,0.923075987954,0.997245186346,0.074162850385,-0.000006348008
0.550000,0,-0.000067840,-0.002905386,-0.000010660,0.000765058422,0.229409126052,0.251237101175,0.021829791778,0.000001816655
0.550000,1,-0.000067401,-0.002910641,-0.000008399,0.000765054467,0.259700615282,0.281875956749,0.022176094705,0.000000753238
0.550000,2,0.000142703,-0.005176929,-0.000577200,0.001551344700,2.461837225116,2.646516527038,0.184675559594,-0.000003742328
0.550000,3,-0.000674014,-0.004411326,0.002177889,0.001548758236,0.878601487671,0.957797824640,0.079191625643,-0.000004711326
0.600000,0,-0.000101919,-0.002657095,0.000144455,0.000765049593,0.192358871635,0.214493498595,0.022138160875,0.000003533916
0.600000,1,-0.000101926,-0.002645926,0.000144309,0.000765050243,0.223264974983,0.245752517026,0.022490203345,0.000002661302
0.600000,2,0.000182813,-0.002998277,-0.001211706,0.001548832508,2.417306175664,2.610920072555,0.193610084765,-0.000003812126
0.600000,3,-0.000518233,-0.002919313,0.002024628,0.001550539035,0.815833238774,0.900080036568,0.084241299547,-0.000005498247
0.650000,0,-0.000110851,-0.002241730,-0.000127200,0.000765306700,0.138600239639,0.161673496819,0.023076658711,0.000003401532
0.650000,1,-0.000110887,-0.002232425,-0.000127952,0.000765310316,0.169737909976,0.193175856093,0.023440170154,0.000002224037
0.650000,2,0.000013001,-0.005054772,-0.001583294,0.001549413623,2.399324864622,2.595365617437,0.196036193429,-0.000004559386
0.650000,3,0.000335044,-0.005160263,0.000876351,0.001549418443,0.577258157070,0.667822238065,0.090559590544,-0.000004490451
0.700000,0,-0.000077855,-0.003282087,0.000065796,0.000765198872,0.100853060986,0.124486633613,0.023634119030,0.000000546404
0.700000,1,-0.000077534,-0.003286716,0.000066966,0.000765192770,0.132084078029,0.156087886942,0.024002718670,-0.000001090244
0.700000,2,-0.000006580,-0.003470342,-0.001230745,0.001550267651,2.340649431920,2.543805496276,0.203151628252,-0.000004436104
0.700000,3,0.000230318,-0.004831137,0.000207613,0.001549279521,0.101947306093,0.198465002216,0.096512054437,-0.000005641686
0.750000,0,-0.000096194,-0.002493374,-0.000007122,0.000764919619,0.069753899909,0.093793051033,0.024040594479,0.000001443355
0.750000,1,-0.000096143,-0.002486264,-0.000008531,0.000764915247,0.100581499826,0.125000019408,0.024417885044,-0.000000634538
0.750000,2,0.000124013,-0.005198045,-0.001378530,0.001548449721,2.325291607242,2.530135734757,0.204839863195,-0.000004264320
0.750000,3,-0.000705067,-0.006453699,-0.000057236,0.001546855690,-0.061527167721,0.040921795102,0.102444702079,-0.000004260744
0.800000,0,-0.000088903,-0.002889072,-0.000132539,0.000765050889,0.038068295063,0.062673067035,0.024606029701,0.000001257728
0.800000,1,-0.000088578,-0.002891004,-0.000133511,0.000765057350,0.068371820398,0.093363567195,0.024991340990,-0.000000405808
0.800000,2,0.000096497,-0.004224229,-0.001002663,0.001550323779,2.318506973895,2.529452355943,0.210941790262,-0.000003591787
0.800000,3,-0.001078895,-0.005116075,-0.000026234,0.001549398787,-0.143799944578,-0.034685314048,0.109111743790,-0.000002886740
0.850000,0,-0.000071580,-0.003413869,0.000112347,0.000765120505,0.019774504842,0.044586328517,0.024815039713,0.000003216038
0.850000,1,-0.000071403,-0.003415183,0.000110495,0.000765118306,0.049651238063,0.074852864039,0.025203374466,0.000001748490
0.850000,2,0.000083862,-0.004958303,-0.001223005,0.001549839998,2.331541766678,2.543824345855,0.212278212520,-0.000004366657
0.850000,3,-0.000399712,-0.006261531,0.000087736,0.001547150716,-0.082930025401,0.031941178394,0.114868432596,-0.000002771200
0.900000,0,-0.000107371,-0.002875307,-0.000138648,0.000764950277,0.003802496360,0.029042223924,0.025240788891,0.000001061327
0.900000,1,-0.000107436,-0.002870700,-0.000142635,0.000764946974,0.033083107593,0.058721207292,0.025637641338,-0.000000458361
0.900000,2,0.000258351,-0.004027215,-0.000324356,0.001548785633,2.324797400725,2.541404387789,0.216604255597,-0.000002731468
0.900000,3,0.000013606,-0.005022065,0.000822873,0.001550559401,-0.095132531763,0.024596049105,0.119725984779,-0.000002596089
0.950000,0,-0.000074367,-0.003453735,-0.000019199,0.000765114718,0.004574302464,0.030259568232,0.025686709679,0.000001443911
0.950000,1,-0.000074128,-0.003458424,-0.000018628,0.000765118621,0.033596049271,0.059686354215,0.026090838007,0.000000533063
0.950000,2,0.000471286,-0.004574178,-0.000671804,0.001550791716,2.323208517811,2.541090705189,0.217878472538,-0.000003714841
0.950000,3,-0.000351536,-0.006208203,0.000854641,0.001548663886,-0.127144912865,-0.002864329680,0.124278335026,-0.000002248159
1.000000,0,-0.000066147,-0.003118741,0.000045600,0.000765360531,0.022163085950,0.048002989829,0.025840094259,0.000000190380
1.000000,1,-0.000066089,-0.003113315,0.000047624,0.000765359405,0.051034286602,0.077282873806,0.026247430460,-0.000001156743
1.000000,2,0.000453720,-0.004508925,-0.000275398,0.001548554739,2.231795547101,2.452320165015,0.220520086466,-0.000004531448
1.000000,3,-0.001055360,-0.005278549,0.000749797,0.001551534727,-0.089218037305,0.039149916540,0.128367389444,-0.000000564401
1.050000,0,0.000010114,-0.003176586,-0.000108612,0.000765060174,0.081007940835,0.107405746780,0.026396428261,-0.000001377684
1.050000,1,0.000009678,-0.003163417,-0.000115475,0.000765046840,0.108235110499,0.135027644435,0.026789533775,-0.000003000161
1.050000,2,0.000423519,-0.004706285,-0.001054055,0.001549691102,2.137393983762,2.360137931804,0.222737915030,-0.000006033012
1.050000,3,-0.000413833,-0.007058927,0.001058372,0.001547582376,0.059626597303,0.193669096125,0.134040883202,-0.000001615620
1.100000,0,-0.000014886,-0.003762400,0.000154775,0.000765015613,0.159700163363,0.186307848155,0.026605251946,-0.000002432846
1.100000,1,-0.000014975,-0.003760723,0.000145176,0.000765017122,0.184320135849,0.211323394322,0.026999371064,-0.000003887409
1.100000,2,0.000043488,-0.004705189,-0.000572977,0.001550460162,1.856618610774,2.081566019309,0.224941813070,-0.000005595465
1.100000,3,0.000209338,-0.006239752,0.000227900,0.001549788183,0.462959161644,0.601249313983,0.138289109028,-0.000001043310
1.150000,0,-0.000140166,-0.003157749,0.000039698,0.000765144755,0.242272259729,0.269061248242,0.026787514700,-0.000001473812
1.150000,1,-0.000140011,-0.003168286,0.000030704,0.000765149212,0.265710502972,0.292895500810,0.027182267333,-0.000002730505
1.150000,2,-0.000567562,-0.005305984,-0.000404971,0.001548190513,1.677474870720,1.906055266486,0.228575616548,-0.000004779218
1.150000,3,-0.000042906,-0.007171591,-0.001364732,0.001547501043,0.532661607003,0.676430235955,0.143769699784,0.000001070832
1.200000,0,-0.000096272,-0.003271772,0.000044046,0.000765046629,0.319427068985,0.346346460128,0.026920910959,0.000001519817
1.200000,1,-0.000096159,-0.003283524,0.000039434,0.000765048201,0.344295070161,0.371614735205,0.027319835271,0.000000170228
1.200000,2,-0.000448087,-0.005342267,0.001189205,0.001550661005,1.375650108794,1.609418191590,0.233762206732,-0.000005876064
1.200000,3,-0.000917295,-0.005726258,-0.002426511,0.001550124982,0.516503681774,0.664005905082,0.147503562105,0.000001338797
1.250000,0,-0.000036954,-0.003686742,0.000197778,0.000765044768,0.362553422551,0.389641409170,0.027090139643,0.000002153025
1.250000,1,-0.000037172,-0.003662139,0.000192625,0.000765048889,0.391139753588,0.418611987405,0.027472868806,0.000000634989
1.250000,2,0.000097561,-0.005202853,0.001565196,0.001549292638,1.149150034042,1.386303642796,0.237146843753,-0.000006765000
1.250000,3,-0.001055282,-0.006309112,-0.002817672,0.001548661076,0.835274865758,0.985967619791,0.150693797554,0.000001043521
1.300000,0,-0.000091603,-0.003150715,-0.000032974,0.000765249896,0.396662220628,0.423858552078,0.027197973034,0.000001641585
1.300000,1,-0.000088626,-0.003176584,-0.000043267,0.000765253003,0.436450421224,0.464048882693,0.027598848104,0.000000386635
1.300000,2,0.000558255,-0.004853587,0.001672212,0.001549039702,0.977596416557,1.219665954832,0.242063540911,-0.000005997364
1.300000,3,-0.000479382,-0.005226651,-0.002793302,0.001549166330,0.894518139819,1.048491285866,0.153975356236,0.000002210188
1.350000,0,-0.000129368,-0.003317494,0.000057015,0.000765213824,0.422165574097,0.449462638694,0.027298470521,0.000001405924
1.350000,1,-0.000123206,-0.003359685,0.000054003,0.000765211738,0.477155008152,0.504859857201,0.027705175251,0.000000326203
1.350000,2,0.000715625,-0.005303049,0.002504172,0.001550337449,0.898585833378,1.145408442510,0.246816988987,-0.000005620144
1.350000,3,-0.000060621,-0.005774961,-0.003148362,0.001548702067,0.987400667052,1.145538404066,0.158140345986,0.000002608972
1.400000,0,-0.000105207,-0.003226710,-0.000005004,0.000765072129,0.432855289808,0.460215561758,0.027360351512,0.000000079562
1.400000,1,-0.000100615,-0.003222416,-0.000004575,0.000765066115,0.501067680666,0.528844044735,0.027776839338,0.000000475270
1.400000,2,0.000272928,-0.004812827,0.003153519,0.001549500712,0.765067479510,1.016562277372,0.251487110012,-0.000007687849
1.400000,3,-0.000466487,-0.005731095,-0.002589457,0.001549978277,1.053180750990,1.215054787716,0.161877676510,0.000003639784
1.450000,0,-0.000091467,-0.003160159,-0.000112432,0.000765144856,0.430191285227,0.457660173219,0.027470071188,0.000001183196
1.450000,1,-0.000088458,-0.003158236,-0.000112741,0.000765140237,0.511177769507,0.539074977100,0.027899412600,0.000002205007
1.450000,2,0.000108193,-0.004714450,0.003601210,0.001548553471,0.696138107827,0.950795546540,0.254647160914,-0.000010277799
1.450000,3,-0.000809129,-0.006387628,-0.002606528,0.001547574497,1.071627133152,1.238036892985,0.166412472172,0.000002712339
1.500000,0,-0.000032627,-0.003660770,-0.000017696,0.000765209095,0.409712519277,0.437278234410,0.027567706050,0.000001990916
1.500000,1,-0.000027410,-0.003711005,-0.000017728,0.000765201661,0.499160677466,0.527177224491,0.028019933731,0.000003386707
1.500000,2,0.000148698,-0.004388911,0.002792331,0.001550047388,0.620182692982,0.878279242512,0.258088655364,-0.000007894165
1.500000,3,-0.000586270,-0.006003810,-0.002178931,0.001550431860,1.070383511970,1.240857498997,0.170477284999,0.000003297972
1.550000,0,-0.000153792,-0.003124926,-0.000180505,0.000765038097,0.363025946163,0.390722472587,0.027698257601,0.000001731177
1.550000,1,-0.000152690,-0.003119737,-0.000171994,0.000765043499,0.455386847760,0.483561167499,0.028177803989,0.000003484250
1.550000,2,-0.000054313,-0.004558443,0.003483655,0.001548330244,0.608248846867,0.869654662495,0.261396456984,-0.000009358645
1.550000,3,-0.000140225,-0.006146453,-0.002528728,0.001548296138,1.033886507875,1.208725279864,0.174841627565,0.000002855576
1.600000,0,-0.000207518,-0.003097700,-0.000146012,0.000765151493,0.283110378639,0.310901920560,0.027792769413,0.000001227493
1.600000,1,-0.000208752,-0.003062724,-0.000137371,0.000765149980,0.375771879971,0.404049261941,0.028281401843,0.000004019872
1.600000,2,0.000211839,-0.005221435,0.002243681,0.001549445381,0.600457338847,0.866940029724,0.266473428561,-0.000009262316
1.600000,3,-0.000367920,-0.006024313,-0.002272785,0.001552345580,0.979380877651,1.157940458157,0.178562746391,0.000003165885
1.650000,0,-0.000148815,-0.003467984,-0.000131649,0.000765281627,0.191688636725,0.219569341839,0.027881081654,0.000000376540
1.650000,1,-0.000149262,-0.003443080,-0.000130489,0.000765283385,0.282807840630,0.311174915633,0.028370501337,0.000003426334
1.650000,2,0.000521184,-0.005766252,0.001395057,0.001550553504,0.516216579340,0.786887245959,0.270662993951,-0.000007672669
1.650000,3,-0.000710297,-0.006205278,-0.003097045,0.001545712787,0.843003425864,1.025820182266,0.182819687166,0.000002930764
1.700000,0,-0.000123807,-0.003322469,-0.000227100,0.000765148011,0.090587982023,0.118597405409,0.028011226687,0.000001803300
1.700000,1,-0.000123963,-0.003303407,-0.000223236,0.000765146094,0.175945109972,0.204434711893,0.028493719610,0.000004117689
1.700000,2,0.000357632,-0.006164788,-0.000176600,0.001548768298,0.410599207132,0.685668324824,0.275061605770,-0.000007511922
1.700000,3,-0.000634220,-0.006166830,-0.002900612,0.001551775769,0.695051745385,0.881709710482,0.186661469030,0.000003503933
1.750000,0,-0.000197542,-0.003267620,-0.000193078,0.000765129575,0.012856662761,0.041102640414,0.028246686552,0.000000708899
1.750000,1,-0.000194972,-0.003274678,-0.000176101,0.000765139721,0.088992785934,0.117708491968,0.028719298504,0.000003592470
1.750000,2,0.000079672,-0.006291498,0.000057459,0.001548679905,0.347616574999,0.626217691834,0.278596028905,-0.000005087931
1.750000,3,-0.000374120,-0.006213543,-0.003388925,0.001546153460,0.596528692261,0.787575701907,0.191049896147,0.000002886501
1.800000,0,-0.000458846,-0.003509924,-0.000128995,0.000765163100,-0.021454997332,0.006888932054,0.028345729556,0.000001800170
1.800000,1,-0.000457575,-0.003461163,-0.000143347,0.000765149341,0.041415340600,0.070208106666,0.028795646285,0.000002880218
1.800000,2,-0.000408652,-0.006204744,-0.000522900,0.001550081818,0.261022740403,0.542350438066,0.281324934967,-0.000002762696
1.800000,3,-0.000497042,-0.005893087,-0.002762790,0.001553734969,0.499844783012,0.694493778488,0.194652066400,0.000003070924
1.850000,0,-0.000333005,-0.003543191,-0.000083219,0.000765003291,-0.037803549359,-0.009352019524,0.028453102921,0.000001573086
1.850000,1,-0.000327443,-0.003491099,-0.000099318,0.000764996612,0.004991986942,0.033881873751,0.028893547439,0.000003660630
1.850000,2,-0.000252417,-0.006041201,-0.000256527,0.001549253596,0.164496736758,0.448139747957,0.283637360068,-0.000005651131
1.850000,3,-0.000915831,-0.006084076,-0.003042871,0.001544232019,0.385482373633,0.583947395230,0.198468173288,0.000003151691
1.900000,0,-0.000064025,-0.003614664,-0.000054528,0.000765023352,-0.042311990920,-0.013805808530,0.028507453512,0.000001271122
1.900000,1,-0.000053939,-0.003626301,-0.000054180,0.000765027160,-0.020575236656,0.008378830211,0.028957614100,0.000003547233
1.900000,2,0.000287640,-0.006022599,-0.000130217,0.001548635041,0.044468186358,0.330178268866,0.285704317188,-0.000005765321
1.900000,3,-0.000732619,-0.005941326,-0.002317158,0.001553624233,0.318022531105,0.520159328990,0.202139721257,0.000002923372
1.950000,0,-0.000153403,-0.003507722,-0.000047103,0.000765279645,-0.042930483946,-0.014356813411,0.028574297326,0.000000626791
1.950000,1,-0.000148129,-0.003510938,-0.000053697,0.000765297878,-0.036872407146,-0.007840959095,0.029035030709,0.000003582658
1.950000,2,0.000618253,-0.006080283,0.000693609,0.001550959730,-0.070710606086,0.216958502463,0.287663312088,-0.000005796461
1.950000,3,-0.000211355,-0.006165334,-0.002744218,0.001545189171,0.274996727155,0.481106963618,0.206112990806,0.000002754344
2.000000,0,-0.000318969,-0.003523288,0.000085258,0.000765262881,-0.041336747455,-0.012682340134,0.028655484842,0.000001077522
2.000000,1,-0.000317407,-0.003439813,0.000044126,0.000765238504,-0.041923758924,-0.012795533601,0.029132837971,0.000004612648
2.000000,2,0.000446139,-0.006243540,0.000648423,0.001549348374,-0.124908015614,0.164754623698,0.289654783035,-0.000007856277
2.000000,3,-0.000170249,-0.006130074,-0.002172284,0.001553251890,0.248859872483,0.458982045561,0.210125192562,0.000003019484
