world,sample,time,geometric_bound,near_level,far_level,pose_us,certificate_us,selection_us
0,0,0,0.06226845099662248,0,1,47.917,59162.333,17.666
0,1,0.009765625,0.06220754662454242,0,1,42.833999999999996,53055.375,17
0,2,0.01953125,0.06214630737879666,0,1,38.834,38114.334,13.917000000000002
0,3,0.029296875,0.06208478204190498,0,1,41.084,53682.542,15.25
0,4,0.0390625,0.06202311884799382,0,1,41.417,56659.125,15.665999999999999
0,5,0.048828125,0.061961047258574875,0,1,39.583,39287.875,15.083
0,6,0.05859375,0.061898767651765024,0,1,37.875,51063,14.041
0,7,0.068359375,0.06183627864188362,0,1,39.167,49049.75,15.917
0,8,0.078125,0.06177340001257609,0,1,39.625,85958.792,14.708
0,9,0.087890625,0.061710422256641945,0,1,37.625,147200.95799999998,13.458
0,10,0.09765625,0.06164705751815233,0,1,39.542,61665.833000000006,14.916
0,11,0.107421875,0.06158350585181321,0,1,39.041000000000004,73998.5,16.291999999999998
0,12,0.1171875,0.06151963172591807,0,1,38.667,46753.625,16.333000000000002
0,13,0.12695313,0.06145558173817441,0,1,38.917,47774.334,14.375
0,14,0.13671875,0.06139124859363095,0,1,39.084,61049.5,14.375
0,15,0.14648438,0.06132662542627448,0,1,39.542,107361.75,15.5
0,16,0.15625,0.06126181581575978,0,1,38.708000000000006,44345.292,15.75
0,17,0.16601563,0.061196698855794894,0,1,40.792,58458.208,17.166
0,18,0.17578125,0.06113136330738108,0,1,40.125,40968.25,17.125
0,19,0.18554688,0.06106573497275136,0,1,38.334,43033.25,15.334
0,20,0.1953125,0.0609999641520761,0,1,41.167,37964.834,12.625
0,21,0.20507813,0.06093386818740325,0,1,38.541999999999994,40138.375,14
0,22,0.21484375,0.06086756653549699,0,1,38.167,49199,14.959
0,23,0.22460938,0.06080096938492602,0,1,40.125,46336.916,16.208000000000002
0,24,0.234375,0.06073421785891051,0,1,41.291999999999994,38930.458,14.958
0,25,0.24414063,0.06066715481859524,0,1,38.583,37902.208,15.209
0,26,0.25390625,0.06059987123854415,0,1,36.917,38108.125,14.125
0,27,0.26367188,0.06053241052754716,0,1,39.916999999999994,38237.833999999995,15.375000000000002
0,28,0.2734375,0.060464611705362346,0,1,37.625,38063.5,15.083
0,29,0.28320313,0.060396646360138063,0,1,38.041,37857.792,14.916
0,30,0.29296875,0.060328452486521904,0,1,37.375,37994.75,15.125
0,31,0.30273438,0.06026001148617492,0,1,39.25,37765.375,13.417
0,32,0.3125,0.060191376824822784,0,1,38.5,37514.083,15
0,33,0.32226563,0.06012242388855966,0,1,36.708,37443.333,14.75
0,34,0.33203125,0.0600533695024774,0,1,39.959,37370.875,15.458
0,35,0.34179688,0.059984035646318754,0,1,37.625,37963.917,14.792
0,36,0.3515625,0.059914501589339496,0,1,38.417,41242.25,14.542
0,37,0.36132813,0.05984466061396267,0,1,37.25,39443.583,15.167
0,38,0.37109375,0.05977467880083128,0,1,39.334,40689.958999999995,13.584000000000001
0,39,0.38085938,0.05970452565590178,0,1,40.625,39246.5,16.584
0,40,0.390625,0.059634092366662256,0,1,36.334,38958,13.917000000000002
0,41,0.40039063,0.05956341807099866,0,1,36.5,39490.25,13.332999999999998
0,42,0.41015625,0.05949256616167105,0,1,37.083,38948.875,11.833
0,43,0.41992188,0.05942147104188875,0,1,38.208999999999996,53545.458,15.125
0,44,0.4296875,0.05935018036141495,0,1,38.916,50019.583,14.667
0,45,0.43945313,0.05927879046232926,0,1,39.291000000000004,38877.875,14
0,46,0.44921875,0.05920708234518853,0,1,41.375,52990.75,14.791
0,47,0.45898438,0.05913516014546654,0,1,37.291,41275.375,15.291
0,48,0.46875,0.05906312368210571,0,1,42.833,38307.25,12.417
0,49,0.47851563,0.05899083839487749,0,1,38.166,40465.167,16.042
0,50,0.48828125,0.05891827538773055,0,1,37.833999999999996,39188.75,12.875
0,51,0.49804688,0.05884563869770378,0,1,37.583999999999996,41616.917,23.541999999999998
0,52,0.5078125,0.05877274777540365,0,1,39.709,38743.917,15.792
0,53,0.5175781,0.05869969044564046,0,1,38.791000000000004,40702,15.709000000000001
0,54,0.52734375,0.058626433064658465,0,1,37.708,39438.708000000006,12.958
0,55,0.5371094,0.058552908144425556,0,1,37.333000000000006,38403.958,12.791
0,56,0.546875,0.05850624373018381,0,1,39.666000000000004,39876.625,14.375
0,57,0.5566406,0.058508400937625604,0,1,38.166,40495.667,13.042
0,58,0.56640625,0.058510371257025094,0,1,38.917,43422,17.541999999999998
0,59,0.5761719,0.05851140654351217,0,1,42.25,41660.834,15.167
0,60,0.5859375,0.058512472224715735,0,1,36.958,41674.792,14.375
0,61,0.5957031,0.05851280238738919,0,1,39.375,44171.458,15.75
0,62,0.60546875,0.05851292799360847,0,1,37.042,39055.917,15.417000000000002
0,63,0.6152344,0.058512677461778545,0,1,38,38558.834,15.5
0,64,0.625,0.05851198996907049,0,1,39.292,39720.75,14.959
0,65,0.6347656,0.05851071171068343,0,1,37.416999999999994,39030.416,13.208
0,66,0.64453125,0.05850899643443313,0,1,37.333999999999996,42485.208,14.75
0,67,0.6542969,0.05850705070968914,0,1,39.084,38615.25,11.959
0,68,0.6640625,0.058504651513999785,0,1,36.75,39626.833,12.541
0,69,0.6738281,0.05850168797212535,0,1,37.5,39438.292,15.208
0,70,0.68359375,0.058498273470951496,0,1,37.292,42167.708,15.042
0,71,0.6933594,0.05849490561190915,0,1,37.75,38518.958999999995,14.125
0,72,0.703125,0.05849074141093476,0,1,37.458,39937.5,14.084
0,73,0.7128906,0.058486261951029135,0,1,38.083,38476.416,14.916
0,74,0.72265625,0.05848141663864695,0,1,37.458,39518.041,15.167
0,75,0.7324219,0.058476281242063895,0,1,37.375,39992.333,13.917000000000002
0,76,0.7421875,0.05847040901498401,0,1,37.375,38826.25,15.209
0,77,0.7519531,0.0584643548836803,0,1,37.666999999999994,40183.458999999995,14.166
0,78,0.76171875,0.058457826853377706,0,1,36.833,41142.958,15.083
0,79,0.7714844,0.05845096519675617,0,1,38.292,43284.5,16.209
0,80,0.78125,0.05844370179202637,0,1,40.041,43741.208,16.541999999999998
0,81,0.7910156,0.05843604231018092,0,1,38.375,52329.083,16.333000000000002
0,82,0.80078125,0.058427854474361086,0,1,40.375,48963.041,14.792
0,83,0.8105469,0.058419551433092264,0,1,37.125,41684.125,14.458
0,84,0.8203125,0.05841063134247725,0,1,37.541,50610.958999999995,15.5
0,85,0.8300781,0.058401439312013574,0,1,37.75,107484,14
0,86,0.83984375,0.058391802674900954,0,1,38.833,70137.834,16.25
0,87,0.8496094,0.05838175729441565,0,1,37.75,94088.459,14.875
0,88,0.859375,0.05837129861303522,0,1,38.291000000000004,41250.292,17.458000000000002
0,89,0.8691406,0.05836061003515327,0,1,40.291,41984.417,14.166
0,90,0.87890625,0.05834948484189946,0,1,37.459,38827.833,15.832999999999998
0,91,0.8886719,0.058338078694958086,0,1,39.041000000000004,41197.875,12.417
0,92,0.8984375,0.0583260555390542,0,1,36.375,39815.167,22.5
0,93,0.9082031,0.05831365700073936,0,1,38,41529.584,15.417000000000002
0,94,0.91796875,0.05830104389250656,0,1,56,41628.25,15.667000000000002
0,95,0.9277344,0.058288286788034036,0,1,36.958,39341.375,14.292
0,96,0.9375,0.05827464662841499,0,1,38.625,40751.833,12.541
0,97,0.9472656,0.058260993604722866,0,1,37.083,40889.166,12.417
0,98,0.95703125,0.05824685113172835,0,1,38.25,38683.625,16.291999999999998
0,99,0.9667969,0.05823222186451083,0,1,43.292,40341.75,15.708
0,100,0.9765625,0.058217419994263976,0,1,39.916999999999994,38784.75,14.417
0,101,0.9863281,0.05820217684456958,0,1,37.959,39866.917,13.083
0,102,0.99609375,0.05818650460239847,0,1,37.125,39638.375,16.5
0,103,1.0058594,0.0581706535278848,0,1,38.084,40095.125,12.458
0,104,1.015625,0.05815423556885154,0,1,36.875,40045.25,14.208
0,105,1.0253906,0.0581376189696684,0,1,37.625,39019.917,14.5
0,106,1.0351563,0.05812045847264951,0,1,37.625,41895.5,15.415999999999999
0,107,1.0449219,0.058103267789850054,0,1,40.041,38882.167,16.291999999999998
0,108,1.0546875,0.05808539383087018,0,1,39.167,40458.375,13.625
0,109,1.0644531,0.05806740367618295,0,1,37,39592.125,12.834
0,110,1.0742188,0.05804900690014785,0,1,38,38954.833,13.917000000000002
0,111,1.0839844,0.05803007255974861,0,1,37.125,40884,15.208
0,112,1.09375,0.05801112289723245,0,1,35.958,39859.291,12.791
0,113,1.1035156,0.05799155549566265,0,1,36.25,39057.625,15.708
0,114,1.1132813,0.05797160100264851,0,1,38.208,38944.25,14.125
0,115,1.1230469,0.0579516817175352,0,1,39.208,38806.666,17.125
0,116,1.1328125,0.0579311779361696,0,1,61.75,39194.125,15.25
0,117,1.1425781,0.057910382499305815,0,1,36.5,38194.625,15.291
0,118,1.1523438,0.057889146656982624,0,1,43.833,38518.541000000005,14.542
0,119,1.1621094,0.057867591004663134,0,1,37.625,38772,14.875
0,120,1.171875,0.05784605215045279,0,1,38.208,38574.791999999994,12.667
0,121,1.1816406,0.05782375001759181,0,1,36.541999999999994,37862.917,16.416
0,122,1.1914063,0.05780144537588319,0,1,53.5,37299.292,14.667
0,123,1.2011719,0.05777863945379729,0,1,37.333000000000006,37978.208,14.708
0,124,1.2109375,0.05775548846310852,0,1,39.167,37486.792,11.833
0,125,1.2207031,0.05773201271660266,0,1,35.625,37892.791000000005,16.166
0,126,1.2304688,0.05770839797043167,0,1,37.333000000000006,37865.583,14.166
0,127,1.2402344,0.05768435280447696,0,1,39.916999999999994,37787.125,12.042
0,128,1.25,0.06226845099662248,0,1,29.75,37441.875,13.667
1,0,0,0.07462178142773605,0,1,29.75,37463.333,13.709
1,1,0.009765625,0.07455165343801436,0,1,35.792,37657.167,12
1,2,0.01953125,0.07448112798216364,0,1,38.625,37909.417,14.708
1,3,0.029296875,0.07441026233029525,0,1,36.625,37693.5,15.333
1,4,0.0390625,0.07433906699751389,0,1,42,37568.625,11.834000000000001
1,5,0.048828125,0.074267466484193,0,1,35.5,38163.917,11.084
1,6,0.05859375,0.07419550196519244,0,1,35.125,37676.375,13.917000000000002
1,7,0.068359375,0.07412319263497354,0,1,37.333999999999996,37970.791,14.417
1,8,0.078125,0.07405044106421801,0,1,37.083,37704.5,14.709
1,9,0.087890625,0.07397742915469967,0,1,39,37783.125,12.875
1,10,0.09765625,0.07390397761590876,0,1,35.958999999999996,37982.334,20.959
1,11,0.107421875,0.07383024671176641,0,1,38.75,38869.458000000006,14.5
1,12,0.1171875,0.07375613648805984,0,1,37.25,38350,14.417
1,13,0.12695313,0.07368163526929634,0,1,36.667,37783.5,15.625
1,14,0.13671875,0.07360687704972828,0,1,53.417,38147.333,14.041
1,15,0.14648438,0.07353167761821841,0,1,36.416,38032.708,12.208
1,16,0.15625,0.07345618900999724,0,1,36.667,37483.209,13.292000000000002
1,17,0.16601563,0.07338032628293226,0,1,37.583000000000006,37785.875,14.792
1,18,0.17578125,0.07330412374588909,0,1,36.541999999999994,37876.083999999995,15.5
1,19,0.18554688,0.07322759031037089,0,1,35.709,37622.75,13.5
1,20,0.1953125,0.07315073593632737,0,1,36.167,37784.5,13.708
1,21,0.20507813,0.07307355083763813,0,1,36.375,37945.833,14.959
1,22,0.21484375,0.07299599013069742,0,1,36.75,37627.459,14.125
1,23,0.22460938,0.07291815571347877,0,1,49.291,37582.708,13.083
1,24,0.234375,0.07283996801549793,0,1,36.833,37864.292,11.833
1,25,0.24414063,0.07276142679736892,0,1,36.125,37750.833,14.416
1,26,0.25390625,0.07268262409213141,0,1,36.125,37797.375,14.875
1,27,0.26367188,0.0726034718311698,0,1,37.125,37599,14
1,28,0.2734375,0.07252398606967085,0,1,36.792,37841.208,11.667
1,29,0.28320313,0.07244422336954466,0,1,35.875,37788.166999999994,14.458
1,30,0.29296875,0.07236410219843982,0,1,38,37661.166000000005,13.542
1,31,0.30273438,0.07228370702752299,0,1,37.292,37907.875,14.208
1,32,0.3125,0.07220296462856896,0,1,36.208000000000006,37937.417,13.625
1,33,0.32226563,0.0721219202208844,0,1,37.083,37673.958,42.792
1,34,0.33203125,0.0720406069103895,0,1,35.875,37545.542,14.417
1,35,0.34179688,0.07195897107663952,0,1,37.292,38116.083,15.75
1,36,0.3515625,0.07187705119968993,0,1,37.708,37459,12.792
1,37,0.36132813,0.071794820205056,0,1,35.333000000000006,37611,13.667
1,38,0.37109375,0.0717122759413063,0,1,36.167,37945.833,13.332999999999998
1,39,0.38085938,0.07162945098792917,0,1,45.083,37324.792,11.667
1,40,0.390625,0.07154635349899316,0,1,54.375,37319.375,16.166999999999998
1,41,0.40039063,0.07146297784519139,0,1,36.666,37690.083,14.208
1,42,0.41015625,0.07137929408953443,0,1,37.125,37907.542,12.375
1,43,0.41992188,0.0712953469630487,0,1,35.916,37625.083,15.375000000000002
1,44,0.4296875,0.07121109979648758,0,1,36.667,37861.792,14.375
1,45,0.43945313,0.07112656751658321,0,1,36.958,37491.417,13.25
1,46,0.44921875,0.07104176968324695,0,1,37,37582.125,17.25
1,47,0.45898438,0.07095671177961994,0,1,37.375,37997.042,15.291999999999998
1,48,0.46875,0.07087140541638765,0,1,36.583,38043.542,14.375
1,49,0.47851563,0.07078580949650266,0,1,40.083999999999996,37726.958999999995,14.208
1,50,0.48828125,0.07069989641182181,0,1,37.25,37442.333,16.083
1,51,0.49804688,0.07061379149776144,0,1,38.042,37819.5,13.5
1,52,0.5078125,0.07052738475408929,0,1,37.792,37554.458,22.959000000000003
1,53,0.5175781,0.07044077991905498,0,1,36.792,37686.5,12.709
1,54,0.52734375,0.07035387658765024,0,1,36.125,37916.584,11.833
1,55,0.5371094,0.07026667877593953,0,1,35.708,37678.083,14.625
1,56,0.546875,0.07017929656254296,0,1,37.375,37628.083,14.709
1,57,0.5566406,0.07009166021484141,0,1,37.542,37710.583999999995,12.959000000000001
1,58,0.56640625,0.07000375093166597,0,1,35.208,37593.125,14.416
1,59,0.5761719,0.06991562016869803,0,1,42,40054.917,12.958
1,60,0.5859375,0.06982726257464891,0,1,36.25,37733.208,12.083
1,61,0.5957031,0.06973863962165718,0,1,35.75,37776.75,12.625
1,62,0.60546875,0.06964980107308939,0,1,35.875,37925.875,14.208
1,63,0.6152344,0.0695607324309395,0,1,36.167,37789.708,14.75
1,64,0.625,0.06947146391840228,0,1,36.708,37820.125,8.875
1,65,0.6347656,0.0693819239731111,0,1,33.916,37379.167,13.167
1,66,0.64453125,0.06929218193501682,0,1,35.333000000000006,37694.667,14.167
1,67,0.6542969,0.06920221186931204,0,1,39.583,37906.125,14.167
1,68,0.6640625,0.06911205367844697,0,1,36.917,37636.417,13.665999999999999
1,69,0.6738281,0.06902161123055052,0,1,36.208000000000006,37694.167,20.292
1,70,0.68359375,0.06893102244988,0,1,44.792,37360.125,16.875
1,71,0.6933594,0.06884022272799692,0,1,36.541999999999994,37669.5,13.667
1,72,0.703125,0.06874919142500643,0,1,35.958999999999996,37859.584,8.792
1,73,0.7128906,0.0686579885573327,0,1,33.75,37528.667,13.541
1,74,0.72265625,0.06856655791271828,0,1,37.416000000000004,37667.875,9.958
1,75,0.7324219,0.06847495593372258,0,1,34.292,37486.75,14.375
1,76,0.7421875,0.06838312179092207,0,1,37,37675,14.458
1,77,0.7519531,0.06829112696023616,0,1,37.375,37764.625,11.833
1,78,0.76171875,0.06819893228149866,0,1,35.166999999999994,37816.875,11.417
1,79,0.7714844,0.06810655301566347,0,1,35.375,37863.083999999995,25.5
1,80,0.78125,0.06801399917253464,0,1,34.125,37699.25,13.125
1,81,0.7910156,0.06792124344135614,0,1,36.833,37577.25,14.542
1,82,0.80078125,0.06782832594233208,0,1,40.583,40122.875,15.832999999999998
1,83,0.8105469,0.06773522551456314,0,1,36.959,37716.833999999995,14.542
1,84,0.8203125,0.0676419660676079,0,1,37.833,59953.375,23.25
1,85,0.8300781,0.06754856937849828,0,1,37.958,59146.167,14.541
1,86,0.83984375,0.0674549585843727,0,1,37.625,51859.625,14.709
1,87,0.8496094,0.06736116469284469,0,1,37.208,37756.916000000005,10.75
1,88,0.859375,0.06726726907912327,0,1,35.333000000000006,49642.458,14.75
1,89,0.8691406,0.06717318813449229,0,1,37.541,49476.708,23.416999999999998
1,90,0.87890625,0.06707898452191496,0,1,80.375,48165.417,14.959
1,91,0.8886719,0.06698463458295643,0,1,37.625,37800.916,11.833
1,92,0.8984375,0.06689009963655608,0,1,35.333000000000006,44720.958,11.375
1,93,0.9082031,0.06679542657260236,0,1,35.792,82243.917,23.5
1,94,0.91796875,0.0667006168122833,0,1,79.167,66126.583,13.625
1,95,0.9277344,0.06660569077674756,0,1,38.375,44311.625,13.208
1,96,0.9375,0.06651061131737909,0,1,39.083,45740.917,12.5
1,97,0.9472656,0.06641541239410766,0,1,36.958,37770.541,11
1,98,0.95703125,0.0663200582403125,0,1,36.166,55631.958,11.542
1,99,0.9667969,0.06622461607948209,0,1,35.375,56708.333,24.167
1,100,0.9765625,0.06612902375760135,0,1,527,53922.5,15.291
1,101,0.9863281,0.06603332187910173,0,1,37.291,37759,12.666
1,102,0.99609375,0.065937500112087,0,1,36.959,37734.333,11.083
1,103,1.0058594,0.06584156821589628,0,1,36,40463.375,23.083
1,104,1.015625,0.06574553863714344,0,1,79.959,74412.875,24.666999999999998
1,105,1.0253906,0.06564936893312003,0,1,79.66600000000001,42424.958,16.333000000000002
1,106,1.0351563,0.06555314462893,0,1,38,42467.834,24.333
1,107,1.0449219,0.06545678905155694,0,1,95.25,63749.5,24
1,108,1.0546875,0.0653603560435211,0,1,80.041,48807.208,22.833
1,109,1.0644531,0.06526380318179023,0,1,79.04100000000001,41706.708,14.958
1,110,1.0742188,0.06516719115067786,0,1,37.75,38846.291,9.333
1,111,1.0839844,0.06507049006956636,0,1,34.542,38349.042,8.708
1,112,1.09375,0.06497365996977082,0,1,34.041999999999994,38663.625,8.041
1,113,1.1035156,0.0648768022662572,0,1,34.333,41968.25,23.208
1,114,1.1132813,0.06477980498420992,0,1,78.083,54539.833000000006,13.791
1,115,1.1230469,0.06468282716140517,0,1,37.625,38690.667,9.084
1,116,1.1328125,0.06458570507039557,0,1,35.041,64956.54200000001,13.417
1,117,1.1425781,0.0644885524487445,0,1,38.167,75842.292,13.584000000000001
1,118,1.1523438,0.0643912956437191,0,1,37.416999999999994,50256.084,22.959000000000003
1,119,1.1621094,0.0642940223223286,0,1,79.83300000000001,42859.75,12.666
1,120,1.171875,0.06419668597017496,0,1,37.75,39131.958,11.5
1,121,1.1816406,0.06410621697698171,0,1,37.25,39979.208,15.709000000000001
1,122,1.1914063,0.06410621697698171,0,1,40.208,39135.083,13.833
1,123,1.2011719,0.06410620601905835,0,1,36.584,39603.709,12.542
1,124,1.2109375,0.06410622476751464,0,1,36.625,38237.875,13.167
1,125,1.2207031,0.06410622453648274,0,1,36.583,38239.208,14.208
1,126,1.2304688,0.06410622150266532,0,1,37.916000000000004,39984.291,12.25
1,127,1.2402344,0.06410621344028047,0,1,37.083,40030.708999999995,14.042
1,128,1.25,0.07462178142773605,0,1,29.958,38786.25,16.084
