time_s,sample,offset_x_m,offset_y_m,offset_z_m,volume_m3
0.000000,0,0.000000004172,-0.000000011921,0.000000000000,0.095347012947
0.000000,1,-0.000000004172,-0.000000011921,0.000000000000,0.095347012947
0.000000,2,0.000000004172,0.000000000000,0.000000004172,0.088990545417
0.000000,3,-0.000000004172,0.000000000000,0.000000004172,0.088990545417
0.050000,0,-0.000025548336,-0.012063935568,-0.000137514740,0.095364165236
0.050000,1,-0.000025555813,-0.012063763681,-0.000094162946,0.095364289217
0.050000,2,0.000025592670,-0.011390936428,-0.000163474994,0.089008463305
0.050000,3,0.000025583799,-0.011560695522,-0.000193363900,0.089008903517
0.100000,0,-0.000169276411,-0.044467480361,-0.001120454536,0.095400755586
0.100000,1,-0.000169153809,-0.044463170629,-0.000849632454,0.095401124850
0.100000,2,0.000155406009,-0.040092781641,-0.001520171548,0.089045796727
0.100000,3,0.000155174617,-0.041095091963,-0.001706039336,0.089047783895
0.150000,0,-0.000395539546,-0.086422395699,-0.004481299145,0.095450229877
0.150000,1,-0.000394923889,-0.086392415211,-0.003919925944,0.095450749946
0.150000,2,0.000283167611,-0.074256963720,-0.006275606329,0.089077988228
0.150000,3,0.000282014755,-0.076044772060,-0.006597139122,0.089082128864
0.200000,0,-0.000484034960,-0.124008331270,-0.012505884535,0.095490885934
0.200000,1,-0.000483077371,-0.123912362262,-0.012031340374,0.095490923952
0.200000,2,0.000122595617,-0.103584326608,-0.016726764841,0.089111294514
0.200000,3,0.000120975739,-0.104329607500,-0.016834048303,0.089114366007
0.250000,0,-0.000177963819,-0.149030784706,-0.026690229512,0.095504495581
0.250000,1,-0.000178263015,-0.148868732717,-0.027069088609,0.095503280214
0.250000,2,-0.000492891672,-0.124575263330,-0.033088707405,0.089125876769
0.250000,3,-0.000490314188,-0.121653848245,-0.032783885432,0.089119470773
0.300000,0,0.000621635225,-0.161691109413,-0.045830983535,0.095490160610
0.300000,1,0.000621528163,-0.161592688970,-0.047688282927,0.095487680476
0.300000,2,-0.001275109799,-0.137755205595,-0.052006879231,0.089114086050
0.300000,3,-0.001275165494,-0.130314626456,-0.051565027460,0.089092029758
0.350000,0,0.001738382163,-0.165505681210,-0.065494761898,0.095459648442
0.350000,1,0.001749207020,-0.165732619966,-0.068623531699,0.095457359204
0.350000,2,-0.001581846100,-0.142464084902,-0.067509192446,0.089092121034
0.350000,3,-0.001627060923,-0.133714052697,-0.066545469708,0.089060849768
0.400000,0,0.002708069726,-0.164146591448,-0.079738270411,0.095431224984
0.400000,1,0.002740339841,-0.164947212358,-0.082841247954,0.095431140802
0.400000,2,-0.000928591265,-0.138596226442,-0.074879178400,0.089063869008
0.400000,3,-0.001046212710,-0.135257440008,-0.071421596698,0.089042141381
0.450000,0,0.002947235519,-0.161244552527,-0.085014982912,0.095409603130
0.450000,1,0.002982858955,-0.162637310967,-0.086285181881,0.095412711492
0.450000,2,0.000535456633,-0.129881839749,-0.074272884481,0.089045082336
0.450000,3,0.000441213695,-0.138536411807,-0.066423762082,0.089054265345
0.500000,0,0.001934527984,-0.160460614368,-0.082032308736,0.095404411138
0.500000,1,0.001932992125,-0.162006088621,-0.080075815495,0.095410811052
0.500000,2,0.002029524624,-0.121955890873,-0.068628302716,0.089028845906
0.500000,3,0.002120672694,-0.145234314195,-0.057232046985,0.089076964446
0.550000,0,-0.000517131781,-0.165658416924,-0.073445434623,0.095424965513
0.550000,1,-0.000536540448,-0.166550776410,-0.067739047187,0.095433691769
0.550000,2,0.002746886609,-0.120752525805,-0.059080286928,0.089028935286
0.550000,3,0.002841703656,-0.153816218941,-0.048170598921,0.089110626994
0.600000,0,-0.003940657897,-0.178004534056,-0.061535178378,0.095461085707
0.600000,1,-0.003870730241,-0.177443048118,-0.052630776127,0.095469134760
0.600000,2,0.002243172286,-0.130225159321,-0.045739214536,0.089054233971
0.600000,3,0.001837566458,-0.159245837820,-0.040676043248,0.089139025098
0.650000,0,-0.007264594354,-0.190830479719,-0.048723639467,0.095492564481
0.650000,1,-0.007036343742,-0.188356529219,-0.038744692573,0.095495066027
0.650000,2,0.000179186479,-0.147528977917,-0.031340463113,0.089091869912
0.650000,3,-0.000636103376,-0.154506303108,-0.036008434170,0.089128416192
0.700000,0,-0.009061646958,-0.192578430067,-0.038209794789,0.095494936323
0.700000,1,-0.008807423494,-0.188363536748,-0.031080320978,0.095488385776
0.700000,2,-0.003564084876,-0.162946526080,-0.020887889964,0.089127424389
0.700000,3,-0.003422604035,-0.135116666655,-0.036520725786,0.089072414160
0.750000,0,-0.008116172331,-0.179263832118,-0.032304002443,0.095454712192
0.750000,1,-0.008091065443,-0.174234933781,-0.032626284599,0.095438882704
0.750000,2,-0.007573649688,-0.169700093810,-0.018482359301,0.089133467198
0.750000,3,-0.005695544111,-0.107120584172,-0.043728261305,0.089000240141
0.800000,0,-0.004075673323,-0.162194361582,-0.030842265490,0.095415352696
0.800000,1,-0.004263963125,-0.158194040224,-0.041398906260,0.095394544764
0.800000,2,-0.009582958405,-0.171495364743,-0.026134156375,0.089129275402
0.800000,3,-0.007683180740,-0.089510224523,-0.053516533462,0.088962819876
0.850000,0,0.002144173861,-0.158824199952,-0.031695669321,0.095409336044
0.850000,1,0.002121511992,-0.158479510519,-0.051196288660,0.095391033746
0.850000,2,-0.008786718148,-0.173498788482,-0.043418915345,0.089129962685
0.850000,3,-0.009237024936,-0.100212818714,-0.056490284854,0.088974408863
0.900000,0,0.008472733939,-0.174279653431,-0.033594556835,0.095436239267
0.900000,1,0.008908041768,-0.179784059327,-0.056782143794,0.095429275232
0.900000,2,-0.006176028726,-0.171738450323,-0.065365346074,0.089123599551
0.900000,3,-0.008813090722,-0.139509574519,-0.048758009018,0.089024895555
0.950000,0,0.012744598599,-0.194007048594,-0.038483425028,0.095471115881
0.950000,1,0.013336238293,-0.205218930829,-0.058060064088,0.095485651315
0.950000,2,-0.003907287554,-0.157195397985,-0.084683594304,0.089076874147
0.950000,3,-0.003907704934,-0.187591053899,-0.036009774853,0.089135339990
1.000000,0,0.013555711844,-0.199162887272,-0.049438748411,0.095459133265
1.000000,1,0.013576437314,-0.212897110680,-0.058175849545,0.095493172667
1.000000,2,-0.002558271091,-0.128014880244,-0.098203297857,0.088987829013
1.000000,3,0.004123060652,-0.219147621161,-0.024781337804,0.089246692615
1.050000,0,0.009824810775,-0.190294379405,-0.065874372949,0.095413271307
1.050000,1,0.009080639917,-0.201562368814,-0.059038283714,0.095448561134
1.050000,2,-0.001089163069,-0.101253689285,-0.105465516548,0.088931529790
1.050000,3,0.007047726021,-0.225912677634,-0.021968034918,0.089264392605
1.100000,0,0.001368145595,-0.188096450830,-0.081712140965,0.095395689582
1.100000,1,0.000641952644,-0.191783143226,-0.059394428615,0.095420646343
1.100000,2,0.001231666950,-0.105366958374,-0.102076497054,0.088948037690
1.100000,3,0.005405465464,-0.214506523614,-0.035422055559,0.089206954340
1.150000,0,-0.009839482030,-0.207408405658,-0.090067037678,0.095436577090
1.150000,1,-0.009654166849,-0.200079369242,-0.057580110400,0.095442931481
1.150000,2,0.000490051755,-0.149186056673,-0.082829737193,0.088996250177
1.150000,3,0.002479473747,-0.191195480570,-0.063609005448,0.089143458914
1.200000,0,-0.019614246459,-0.235581952767,-0.088941680690,0.095517920140
1.200000,1,-0.018743953031,-0.218564733147,-0.055278553816,0.095491834825
1.200000,2,-0.008635392830,-0.213689090591,-0.054522744589,0.089142559207
1.200000,3,0.003392396184,-0.159690454610,-0.093234721258,0.089074611847
1.250000,0,-0.023756128110,-0.244038273091,-0.081243845987,0.095534455557
1.250000,1,-0.023860623572,-0.223312381895,-0.056710669553,0.095487038192
1.250000,2,-0.026733433239,-0.263362809558,-0.022911308574,0.089366684660
1.250000,3,0.004445861453,-0.119218825840,-0.112000999245,0.088956599711
1.300000,0,-0.020269247728,-0.221376185773,-0.070908855577,0.095454364101
1.300000,1,-0.022220545135,-0.203823565269,-0.064636533291,0.095411440005
1.300000,2,-0.036121150692,-0.270919144217,0.005019286948,0.089421235490
1.300000,3,0.005743606734,-0.077927442051,-0.117191132139,0.088882406530
1.350000,0,-0.009788784999,-0.189168026790,-0.059041788876,0.095389927491
1.350000,1,-0.012344009050,-0.180532825031,-0.075979741026,0.095357224153
1.350000,2,-0.033007874923,-0.240951163731,0.008030621247,0.089276986686
1.350000,3,0.005488922121,-0.070251241315,-0.115149466486,0.088912797805
1.400000,0,0.004894410737,-0.180719932689,-0.044576958022,0.095397837051
1.400000,1,0.003228023080,-0.185391710095,-0.082880637412,0.095375585167
1.400000,2,-0.022540372013,-0.197009617923,-0.023142387222,0.089127099373
1.400000,3,0.005485431597,-0.119801915052,-0.101852954877,0.088972570422
1.450000,0,0.018731336132,-0.203951645297,-0.029435353980,0.095472271311
1.450000,1,0.017779663948,-0.222752808013,-0.081006489378,0.095474532478
1.450000,2,-0.018697232506,-0.155891129223,-0.069935710924,0.089056445706
1.450000,3,0.019629686738,-0.207765792126,-0.078462401635,0.089082514433
1.500000,0,0.028317184272,-0.230186760312,-0.020583897320,0.095540926803
1.500000,1,0.026023220320,-0.257711036294,-0.072242398718,0.095586312332
1.500000,2,-0.015294866598,-0.119694591492,-0.107840956863,0.088969796388
1.500000,3,0.046893991475,-0.290106499353,-0.042110090990,0.089426265717
1.550000,0,0.031108216686,-0.225189897858,-0.026051090959,0.095495788505
1.550000,1,0.026107708828,-0.252902974682,-0.061449671334,0.095550305802
1.550000,2,-0.016582326888,-0.081690646716,-0.126951099493,0.088885329855
1.550000,3,0.067995309366,-0.320606703368,0.008214439122,0.089652504284
1.600000,0,0.024635676823,-0.192342276127,-0.047589824628,0.095381694563
1.600000,1,0.018261688340,-0.213008784231,-0.052279328350,0.095424961872
1.600000,2,-0.018467144719,-0.062784747686,-0.139381646944,0.088862341042
1.600000,3,0.064735545431,-0.285176475918,0.032705629933,0.089440479771
1.650000,0,0.010286437712,-0.173002747004,-0.073269558593,0.095332872707
1.650000,1,0.003647486411,-0.179911512186,-0.043185421707,0.095366318287
1.650000,2,-0.011623090880,-0.103055125162,-0.149095770736,0.088931716676
1.650000,3,0.046079491750,-0.214190295098,0.002357330786,0.089136425214
1.700000,0,-0.006776853747,-0.198333769914,-0.088126816184,0.095389114693
1.700000,1,-0.013625749454,-0.185033335134,-0.032389946798,0.095404843212
1.700000,2,-0.021504917963,-0.194482907197,-0.134928882073,0.089023065275
1.700000,3,0.036524616200,-0.153212274136,-0.054727649195,0.089047405358
1.750000,0,-0.019425335950,-0.249151191573,-0.089025047437,0.095537719555
1.750000,1,-0.027824992441,-0.217387504413,-0.023419323929,0.095502765788
1.750000,2,-0.053558873137,-0.290541591988,-0.088978739520,0.089297615672
1.750000,3,0.029087860564,-0.112205627525,-0.098092249853,0.089016529034
1.800000,0,-0.024543426063,-0.275589512313,-0.081972797988,0.095618461936
1.800000,1,-0.035978214372,-0.237526587279,-0.024056546198,0.095537818730
1.800000,2,-0.082920757420,-0.359289648062,-0.016797376391,0.089719991227
1.800000,3,0.023380345015,-0.078783964986,-0.112975116178,0.088921558341
1.850000,0,-0.019918533023,-0.252254856150,-0.073682494125,0.095502229788
1.850000,1,-0.033488002551,-0.219984958996,-0.041640049003,0.095438321241
1.850000,2,-0.085699864409,-0.345522827174,0.045687934186,0.089701637709
1.850000,3,0.022167902403,-0.058073991759,-0.126893811699,0.088843068922
1.900000,0,-0.005828698230,-0.206366716134,-0.064285824323,0.095379444958
1.900000,1,-0.020128050772,-0.187524448693,-0.070314461514,0.095342287207
1.900000,2,-0.064600763035,-0.253723838929,0.051390140289,0.089313238112
1.900000,3,0.013398012547,-0.075660940141,-0.158705863372,0.088932091872
1.950000,0,0.014264655418,-0.186680053516,-0.050361937426,0.095372100194
1.950000,1,-0.000992598130,-0.188435334476,-0.091396855728,0.095353554581
1.950000,2,-0.050371492259,-0.166862905391,0.010848494139,0.089091573035
1.950000,3,0.004645188346,-0.150843294928,-0.164192131380,0.089011340832
2.000000,0,0.032418887852,-0.207052261616,-0.033548986364,0.095456318741
2.000000,1,0.015578981659,-0.233028293242,-0.096751548462,0.095469267384
2.000000,2,-0.032171620414,-0.100969913016,-0.026274389940,0.089058643936
2.000000,3,0.025789219415,-0.256179760773,-0.124325446805,0.089163797402
2.050000,0,0.045400441099,-0.237655982071,-0.022334555176,0.095546411866
2.050000,1,0.025286341626,-0.277610845631,-0.091498385273,0.095616047010
2.050000,2,-0.021927980706,-0.044801454078,-0.037878493610,0.088918278162
2.050000,3,0.060258747007,-0.353992958345,-0.057149600717,0.089627071395
2.100000,0,0.049538886770,-0.238979043010,-0.026578885826,0.095506632012
2.100000,1,0.026505721620,-0.276848693905,-0.082771443747,0.095585778799
2.100000,2,-0.008676976219,-0.018285601298,-0.043819795210,0.088801223043
2.100000,3,0.065624104385,-0.380762834026,0.022235219779,0.089854187981
2.150000,0,0.039961852558,-0.206282483534,-0.049034690314,0.095385651406
2.150000,1,0.017659911067,-0.232980668856,-0.072966609369,0.095421714743
2.150000,2,0.003846739886,-0.029042567317,-0.074192054407,0.089041092457
2.150000,3,0.045530773853,-0.309219611306,0.059313501402,0.089529642599
2.200000,0,0.021570874639,-0.180449647524,-0.073531312312,0.095332462195
2.200000,1,-0.000822553029,-0.191877849780,-0.058150092278,0.095355537872
2.200000,2,0.025107536403,-0.073611590273,-0.108867777400,0.088984295734
2.200000,3,0.032671857139,-0.209677012291,0.037308731342,0.089163311343
2.250000,0,0.002535256306,-0.201075372226,-0.085092224297,0.095387485787
2.250000,1,-0.021843337734,-0.190463492964,-0.037397795868,0.095399128425
2.250000,2,0.038950324414,-0.177849851885,-0.119674351756,0.089122006893
2.250000,3,0.017447324798,-0.124937208690,0.003915590575,0.089029020872
2.300000,0,-0.009871052232,-0.253253887928,-0.085685295812,0.095535919108
2.300000,1,-0.037798926558,-0.220846732736,-0.018760419917,0.095504021939
2.300000,2,0.030746322827,-0.299967504509,-0.089381448193,0.089372244648
2.300000,3,0.009397717800,-0.056363175521,-0.005811608226,0.088941881979
2.350000,0,-0.016581299179,-0.283797595498,-0.081998187137,0.095626079476
2.350000,1,-0.047309277342,-0.243924822603,-0.013086128430,0.095554904840
2.350000,2,0.032532130352,-0.355456737841,-0.032791762029,0.089852298322
2.350000,3,-0.006163100662,-0.012884623996,0.003872565370,0.088816794116
2.400000,0,-0.014929750568,-0.263994904797,-0.077317174321,0.095515342221
2.400000,1,-0.043907758968,-0.230183553912,-0.027917405681,0.095461867080
2.400000,2,0.048586923754,-0.328523458485,0.002952818906,0.089587909032
2.400000,3,-0.024811898342,-0.004724907703,-0.011885555703,0.088870691118
2.450000,0,-0.004058948256,-0.219388132026,-0.068735071415,0.095390274112
2.450000,1,-0.030919852109,-0.196052592474,-0.054477011944,0.095361403135
2.450000,2,0.053725946603,-0.256052385568,-0.017710715722,0.089426486293
2.450000,3,-0.045969224777,-0.026012875507,-0.053585986856,0.088858226004
2.500000,0,0.012662780313,-0.195328087073,-0.053649821642,0.095372806321
2.500000,1,-0.014417649609,-0.188638093298,-0.074892480383,0.095355265038
2.500000,2,0.039286241036,-0.172952799828,-0.052284880850,0.089142866196
2.500000,3,-0.077393893579,-0.093772459132,-0.084748458916,0.088981511266
2.550000,0,0.027224219355,-0.207468439022,-0.037157211524,0.095434904508
2.550000,1,-0.001342246759,-0.224763404478,-0.084051236668,0.095443380995
2.550000,2,0.032128021679,-0.116665769911,-0.058734505865,0.089025720026
2.550000,3,-0.100596718403,-0.215504947340,-0.089571430541,0.089131099185
2.600000,0,0.037733143372,-0.235641069071,-0.027658613990,0.095515010058
2.600000,1,0.007532791903,-0.269592428057,-0.086440106820,0.095569510832
2.600000,2,0.029385140917,-0.079401144480,-0.050319673338,0.088815492536
2.600000,3,-0.095627143144,-0.299733569419,-0.076753530009,0.089605930242
2.650000,0,0.039920537571,-0.244404407660,-0.031876902669,0.095505551352
2.650000,1,0.010832075022,-0.278413755544,-0.085311256479,0.095572444428
2.650000,2,0.041982247670,-0.050113725761,-0.047458859354,0.088678631692
2.650000,3,-0.091902762755,-0.304270787894,-0.060080226610,0.089466360951
2.700000,0,0.029933133897,-0.222623649803,-0.048610664562,0.095423251432
2.700000,1,0.005008018292,-0.248633100379,-0.080624637868,0.095456567250
2.700000,2,0.056175715644,-0.057012961502,-0.069260758820,0.088789457741
2.700000,3,-0.100660723347,-0.271370793899,-0.073598684538,0.089213861320
2.750000,0,0.014420390686,-0.200558327002,-0.065637146784,0.095367881532
2.750000,1,-0.007669811067,-0.215414640621,-0.069580530159,0.095382812135
2.750000,2,0.081453582798,-0.089705703034,-0.084820693920,0.088939911678
2.750000,3,-0.092808590077,-0.210688642797,-0.095956709296,0.089026324467
2.800000,0,0.000191181244,-0.211102258917,-0.075291727117,0.095397562224
2.800000,1,-0.020843985900,-0.207908954585,-0.054587595697,0.095396972126
2.800000,2,0.115070330002,-0.159515754395,-0.082842343239,0.089194407446
2.800000,3,-0.079661515470,-0.152434091447,-0.106002234667,0.089324299495
2.850000,0,-0.009594152685,-0.247348407434,-0.079952351176,0.095495123238
2.850000,1,-0.030573088880,-0.225397260903,-0.042706467490,0.095463694926
2.850000,2,0.106732446442,-0.239689460112,-0.072433978353,0.089469274597
2.850000,3,-0.063339735841,-0.127612811945,-0.102169100283,0.089343233049
2.900000,0,-0.016555403399,-0.271567108740,-0.081591548123,0.095557389887
2.900000,1,-0.036078058764,-0.243394204426,-0.038930333928,0.095507601152
2.900000,2,0.067906381541,-0.284965203037,-0.056185144396,0.089634708937
2.900000,3,-0.055563422005,-0.113900430778,-0.100867238985,0.089139664210
2.950000,0,-0.016906909514,-0.262005552914,-0.079819861789,0.095504750176
2.950000,1,-0.031679137848,-0.238709520175,-0.044340108033,0.095467672169
2.950000,2,0.054282823704,-0.267237874253,-0.056060920638,0.089641961754
2.950000,3,-0.054394824350,-0.100666571971,-0.094817414927,0.088859235465
3.000000,0,-0.010228988937,-0.234694968461,-0.073386116657,0.095421553410
3.000000,1,-0.020374643829,-0.218361818817,-0.053828719976,0.095406198369
3.000000,2,0.056679796819,-0.227436527051,-0.081462018469,0.089144635903
3.000000,3,-0.059886265801,-0.106984599729,-0.083250994487,0.088719074447
3.050000,0,-0.001099165551,-0.216815912576,-0.062630558573,0.095398047075
3.050000,1,-0.008536911294,-0.210790749792,-0.061556842496,0.095400474178
3.050000,2,0.059782030068,-0.186976385175,-0.086197300083,0.089025497105
3.050000,3,-0.074931698822,-0.140686194387,-0.059152565982,0.089098462787
3.100000,0,0.006974573539,-0.220281755509,-0.052771900910,0.095427038666
3.100000,1,0.000228567072,-0.228644240494,-0.067640278461,0.095445602343
3.100000,2,0.048852772380,-0.155471127193,-0.080375974572,0.089007719554
3.100000,3,-0.074299355574,-0.196990624581,-0.055584043557,0.089262901983
3.150000,0,0.012755914027,-0.235939460648,-0.047761718829,0.095465865893
3.150000,1,0.007525186025,-0.253752249331,-0.072790816782,0.095499250796
3.150000,2,0.025066989355,-0.136252894864,-0.087134099686,0.088836430614
3.150000,3,-0.037355912116,-0.241768588747,-0.064232458510,0.089422916737
3.200000,0,0.012911165272,-0.243356738556,-0.047993676535,0.095480013877
3.200000,1,0.012221751031,-0.260577152658,-0.074969977659,0.095507987447
3.200000,2,0.016829797827,-0.132117880147,-0.093677504988,0.088976757116
3.200000,3,0.009181837422,-0.255010387909,-0.055818887201,0.089293600574
3.250000,0,0.007030858927,-0.234760964090,-0.051567428402,0.095452488496
3.250000,1,0.010865882314,-0.248010748521,-0.073458197233,0.095466992744
3.250000,2,0.009017741369,-0.135353884892,-0.093822925129,0.089082430898
3.250000,3,0.020991594826,-0.229888556079,-0.045198882922,0.089152888954
3.300000,0,0.000632018504,-0.224358780552,-0.056232874880,0.095422803521
3.300000,1,0.006861294352,-0.232577675579,-0.068714308434,0.095421116056
3.300000,2,0.007840442047,-0.154706862708,-0.075501792105,0.089174416015
3.300000,3,0.003799204301,-0.199636849838,-0.061010059234,0.088950724616
3.350000,0,-0.003442091562,-0.227080072240,-0.061598691160,0.095427791503
3.350000,1,0.003259696055,-0.226926435194,-0.063398974787,0.095414746104
3.350000,2,0.003833562738,-0.190964097560,-0.053223453212,0.089208179488
3.350000,3,-0.000522885618,-0.175751911912,-0.070831692569,0.088942664508
3.400000,0,-0.006333724955,-0.240441370784,-0.067536715115,0.095455704773
3.400000,1,0.000706022356,-0.232521778513,-0.060352005718,0.095435238481
3.400000,2,-0.014944156568,-0.222697885476,-0.060873813494,0.089319040528
3.400000,3,0.018724312572,-0.159073968483,-0.079863274672,0.088964053623
3.450000,0,-0.009033809612,-0.250198161380,-0.071542703418,0.095475557906
3.450000,1,0.000448428710,-0.240509674771,-0.059247716187,0.095457148488
3.450000,2,-0.047332901359,-0.226199579009,-0.067751632375,0.089173725398
3.450000,3,0.034115825854,-0.151958411112,-0.095885488323,0.088975439985
3.500000,0,-0.008613880497,-0.248924818620,-0.072219948384,0.095469648144
3.500000,1,0.003764281201,-0.241168055761,-0.058599089193,0.095460654268
3.500000,2,-0.072845803185,-0.213405592042,-0.056182229950,0.089229160029
3.500000,3,0.038083196955,-0.156581514441,-0.099341831879,0.089058221708
3.550000,0,-0.005216572131,-0.242148425352,-0.070533331645,0.095447040940
3.550000,1,0.008261399895,-0.236525972036,-0.058324738754,0.095446724356
3.550000,2,-0.062425401692,-0.197667455099,-0.055793467155,0.089062828354
3.550000,3,0.047629233127,-0.172794350568,-0.096439403248,0.089164937790
3.600000,0,-0.001978387363,-0.237153023574,-0.068098512118,0.095434492179
3.600000,1,0.010779455087,-0.234780116656,-0.059277956429,0.095443481762
3.600000,2,-0.035715540728,-0.175230755108,-0.062696732906,0.089022413777
3.600000,3,0.056812081834,-0.193574032877,-0.085307173312,0.089237928670
3.650000,0,0.000541831162,-0.236350857395,-0.066252733021,0.095432579459
3.650000,1,0.011809376761,-0.237849876097,-0.061860981727,0.095446507215
3.650000,2,-0.030946103074,-0.163299346064,-0.070479392488,0.089063778176
3.650000,3,0.062618017705,-0.211500042153,-0.072089676661,0.089222919119
3.700000,0,0.001788609318,-0.238852546542,-0.064626747132,0.095440942751
3.700000,1,0.012647225496,-0.241770497335,-0.064603331717,0.095451841703
3.700000,2,-0.038005267267,-0.167761858856,-0.081432784927,0.089066477268
3.700000,3,0.072038164088,-0.212619171832,-0.071567675019,0.089136992404
3.750000,0,0.001190623829,-0.240967973358,-0.062210006004,0.095454066350
3.750000,1,0.012452465346,-0.242952120881,-0.065900001141,0.095457789089
3.750000,2,-0.036076848475,-0.177313283031,-0.080306317194,0.089132821360
3.750000,3,0.085914343702,-0.195300652384,-0.073835339319,0.089062255454
3.800000,0,-0.000162998326,-0.240569568662,-0.059750701708,0.095455473139
3.800000,1,0.010426597242,-0.241977754119,-0.066076565156,0.095453555250
3.800000,2,-0.037790846111,-0.188083254426,-0.071930576443,0.089012778280
3.800000,3,0.085646462510,-0.182758075729,-0.070086193337,0.089013420780
3.850000,0,-0.000358941977,-0.239961850990,-0.058721636184,0.095451512982
3.850000,1,0.008132517377,-0.241233717299,-0.066185404978,0.095445216736
3.850000,2,-0.038890652243,-0.200875305832,-0.069875353968,0.089153026167
3.850000,3,0.063244330732,-0.179166865116,-0.066571442578,0.089110016717
3.900000,0,0.000482285094,-0.240291758560,-0.059342409210,0.095449444160
3.900000,1,0.006217749401,-0.240794158992,-0.066402768776,0.095441343916
3.900000,2,-0.030479491858,-0.205470890837,-0.067230396951,0.089174134943
3.900000,3,0.036873690803,-0.173315538661,-0.062292048934,0.089157689171
3.950000,0,0.000893815082,-0.240275645032,-0.060575989310,0.095449464878
3.950000,1,0.004352708928,-0.240591318585,-0.065946147214,0.095446475487
3.950000,2,-0.017501128737,-0.203057561157,-0.066845094215,0.089126588689
3.950000,3,0.027681399616,-0.174983549249,-0.061925188699,0.089051831952
4.000000,0,0.001112944188,-0.240019199780,-0.061625018909,0.095448585061
4.000000,1,0.003053267042,-0.241352921259,-0.064445998980,0.095448149784
4.000000,2,-0.016436190835,-0.193190266159,-0.070026353559,0.089104960193
4.000000,3,0.026023637626,-0.189494513101,-0.063858276126,0.089050695251
4.050000,0,0.001903865873,-0.251784810066,-0.062709863439,0.095477648111
4.050000,1,0.002188638609,-0.253374940730,-0.062964049458,0.095481117442
4.050000,2,-0.018082112770,-0.196024204294,-0.068459762662,0.089082381399
4.050000,3,0.016634130577,-0.213168677565,-0.062054656093,0.089124678045
4.100000,0,0.002628713064,-0.279139701018,-0.064063240655,0.095559984456
4.100000,1,0.000689954910,-0.279627166536,-0.062483881516,0.095562647427
4.100000,2,-0.007594457592,-0.222108023338,-0.068980506562,0.089076891761
4.100000,3,0.004731210089,-0.240811199105,-0.061242638003,0.089221974697
4.150000,0,0.002708828987,-0.303809400721,-0.066003718112,0.095634461131
4.150000,1,-0.001683841281,-0.303568292530,-0.063408130776,0.095637223579
4.150000,2,0.011564614522,-0.245949536126,-0.073654686600,0.089229312471
4.150000,3,-0.010442053883,-0.253671879226,-0.066651733664,0.089256143577
4.200000,0,0.002564740496,-0.311526380396,-0.069446166647,0.095627376748
4.200000,1,-0.003945653463,-0.310928353771,-0.066436449599,0.095626970975
4.200000,2,0.023595705572,-0.248189428328,-0.078769732643,0.089240473452
4.200000,3,-0.026641996852,-0.244310581198,-0.078881687290,0.089102699624
4.250000,0,0.002138824465,-0.298749995882,-0.075022312255,0.095537954759
4.250000,1,-0.005746504903,-0.297250011595,-0.071983356088,0.095531787986
4.250000,2,0.027228209663,-0.229337697574,-0.085419938197,0.089070879631
4.250000,3,-0.036100765641,-0.219469976485,-0.097160094949,0.089149996680
4.300000,0,0.001088901935,-0.269782274291,-0.082167154823,0.095419030765
4.300000,1,-0.007473596927,-0.268032965195,-0.079378788015,0.095418044446
4.300000,2,0.034487081317,-0.196502175317,-0.097794024124,0.089187666607
4.300000,3,-0.037339441399,-0.186787100802,-0.114632482316,0.089081997607
4.350000,0,0.000218672576,-0.236827807595,-0.087449943954,0.095329629884
4.350000,1,-0.008870394591,-0.235981706072,-0.085168604965,0.095329788637
4.350000,2,0.042910152088,-0.161137975755,-0.110909592118,0.088990200742
4.350000,3,-0.038374329537,-0.156632475991,-0.121935308383,0.088806029899
4.400000,0,-0.000021746376,-0.211948926412,-0.085827470148,0.095288506710
4.400000,1,-0.009962474281,-0.211823609459,-0.084461439210,0.095291614298
4.400000,2,0.048593517779,-0.133095385838,-0.116362483044,0.089022379887
4.400000,3,-0.048683414462,-0.136396468266,-0.121455000536,0.088825033306
4.450000,0,0.000284545529,-0.196986333857,-0.075668428107,0.095298303921
4.450000,1,-0.010907328237,-0.196987558640,-0.075570382014,0.095300833170
4.450000,2,0.049448279636,-0.115480924191,-0.108996754562,0.088950690832
4.450000,3,-0.065008973831,-0.123760075694,-0.113671943309,0.088880176247
4.500000,0,0.000577845557,-0.188852357931,-0.060013576448,0.095329514451
4.500000,1,-0.011886071042,-0.189027296475,-0.061087063772,0.095331178466
4.500000,2,0.057213000159,-0.111462941990,-0.096296038344,0.089072101318
4.500000,3,-0.080356741752,-0.119320470021,-0.101955314161,0.089041711440
4.550000,0,0.000295678429,-0.184851221387,-0.043178560724,0.095357182790
4.550000,1,-0.013328590856,-0.185303653518,-0.045134087295,0.095357494008
4.550000,2,0.068355263972,-0.115191905093,-0.085301265571,0.089167353442
4.550000,3,-0.092110384007,-0.115720844267,-0.090428879733,0.089090227863
4.600000,0,-0.000304603325,-0.181230258803,-0.027817321444,0.095377694845
4.600000,1,-0.015154830090,-0.181695147720,-0.030377303930,0.095375350997
4.600000,2,0.074420181200,-0.115928140835,-0.073865616085,0.089095368167
4.600000,3,-0.102118781741,-0.107305774916,-0.077559847316,0.088960381023
4.650000,0,-0.000813206580,-0.175635412452,-0.015354601491,0.095396690830
4.650000,1,-0.016819258421,-0.176061293097,-0.018136468348,0.095395647914
4.650000,2,0.081098216272,-0.113507342959,-0.062281701098,0.089021351329
4.650000,3,-0.107552155703,-0.100671435761,-0.061291880337,0.088960829496
4.700000,0,-0.001073708107,-0.170844972933,-0.007540972225,0.095406498676
4.700000,1,-0.017843803365,-0.171457703274,-0.010142279058,0.095405160711
4.700000,2,0.091835736602,-0.112481873091,-0.051671574349,0.088989055580
4.700000,3,-0.110387308868,-0.100002649296,-0.047650728507,0.089124882282
4.750000,0,-0.001245867903,-0.172646321008,-0.006051413440,0.095408367757
4.750000,1,-0.018238404580,-0.173581249893,-0.008196112310,0.095407203660
4.750000,2,0.099188109268,-0.117616079016,-0.042861801738,0.089066109614
4.750000,3,-0.112587980071,-0.105785948923,-0.041257328972,0.089064708144
4.800000,0,-0.001615586095,-0.185560613173,-0.010844746595,0.095433569008
4.800000,1,-0.018244453159,-0.186476383291,-0.012425290198,0.095433491629
4.800000,2,0.098104552276,-0.131691222156,-0.038656021649,0.089054100592
4.800000,3,-0.117212478140,-0.120198732707,-0.041486990384,0.088973706603
4.850000,0,-0.001967744896,-0.210047028110,-0.020525123942,0.095483734214
4.850000,1,-0.017752704993,-0.210511327457,-0.021536688295,0.095484037756
4.850000,2,0.089003118569,-0.154271503869,-0.041745001748,0.089068796928
4.850000,3,-0.119008458155,-0.145246712625,-0.046120464541,0.089045757339
4.900000,0,-0.002105737532,-0.242229185101,-0.034184674081,0.095549154420
4.900000,1,-0.016467059987,-0.242135902145,-0.034627988579,0.095548254467
4.900000,2,0.078450474360,-0.183780542422,-0.050774706298,0.089160550779
4.900000,3,-0.111015769792,-0.178333348879,-0.054518859365,0.089051348962
4.950000,0,-0.002008561880,-0.274983406207,-0.051487349659,0.095616414353
4.950000,1,-0.014110180354,-0.274455980663,-0.051371791230,0.095612025966
4.950000,2,0.066972229466,-0.216706553151,-0.061421757984,0.089292777940
4.950000,3,-0.095028324847,-0.213479055610,-0.065864287490,0.089235137182
5.000000,0,-0.001660587299,-0.300433609770,-0.071408220407,0.095660450368
5.000000,1,-0.010513936210,-0.299653938545,-0.070861813238,0.095657043888
5.000000,2,0.051213624459,-0.242999358231,-0.073071088698,0.089224287731
5.000000,3,-0.070570409195,-0.242841888499,-0.079256045735,0.089434023136
5.050000,0,-0.001311012752,-0.301684849110,-0.091231636652,0.095607190845
5.050000,1,-0.005907306116,-0.300999437192,-0.090452570839,0.095606306215
5.050000,2,0.028517309808,-0.245906229635,-0.083365313800,0.089206001323
5.050000,3,-0.039477707748,-0.245706865120,-0.091237772848,0.089219746283
5.100000,0,-0.001095540622,-0.275421235127,-0.107066320919,0.095465494889
5.100000,1,-0.001005191349,-0.275191922115,-0.106216632538,0.095465889101
5.100000,2,0.000264114745,-0.223386343135,-0.091369560365,0.088976070463
5.100000,3,-0.005930510718,-0.224425142406,-0.099677118756,0.089062042939
5.150000,0,-0.001037627319,-0.243899166130,-0.114159285528,0.095358882622
5.150000,1,0.003593479361,-0.244049059486,-0.113436827648,0.095359256170
5.150000,2,-0.028045876022,-0.197112724957,-0.097712919095,0.088806679509
5.150000,3,0.025895170507,-0.199440952260,-0.102906233891,0.088866633487
5.200000,0,-0.001008809337,-0.224775128254,-0.109672139457,0.095328833359
5.200000,1,0.007835103919,-0.225019675071,-0.109238693559,0.095329215019
5.200000,2,-0.052400364821,-0.181559373403,-0.096952786314,0.088977722617
5.200000,3,0.059137483483,-0.184138469027,-0.097247115770,0.088973379693
5.250000,0,-0.000875699342,-0.223968157901,-0.095886888948,0.095364974443
5.250000,1,0.011951965706,-0.224106223008,-0.095819674020,0.095366511295
5.250000,2,-0.071763638490,-0.180345078147,-0.085015690145,0.089091000668
5.250000,3,0.089792593520,-0.179900202832,-0.082574408792,0.089018155967
5.300000,0,-0.000509137397,-0.239320429568,-0.077429864298,0.095440405193
5.300000,1,0.016383575242,-0.239138362335,-0.077800632825,0.095440206316
5.300000,2,-0.089546310932,-0.187346889545,-0.065889706153,0.089270840462
5.300000,3,0.117677741737,-0.182101128206,-0.065193749760,0.089151044786
5.350000,0,0.000059036414,-0.258715473058,-0.057735361847,0.095515755377
5.350000,1,0.021089343444,-0.258149915817,-0.058612054068,0.095515581004
5.350000,2,-0.108445155580,-0.193561659496,-0.050447879605,0.089205166174
5.350000,3,0.142257329004,-0.184351928429,-0.052064016801,0.089090631853
5.400000,0,0.000405088430,-0.266780111882,-0.039961947896,0.095549761434
5.400000,1,0.024961108277,-0.266053742111,-0.041301002571,0.095548599970
5.400000,2,-0.127528238834,-0.192085035630,-0.046150043812,0.089005938015
5.400000,3,0.162029691321,-0.178536421055,-0.049049084850,0.089173983665
5.450000,0,0.000598619081,-0.260237649912,-0.028371148222,0.095521086518
5.450000,1,0.027024887230,-0.259564625068,-0.029961073576,0.095520859071
5.450000,2,-0.139094620891,-0.181481482924,-0.052453226047,0.088857441348
5.450000,3,0.170615188990,-0.163312442359,-0.057412322814,0.089044391005
5.500000,0,0.001003543613,-0.244375137921,-0.025957858378,0.095459393610
5.500000,1,0.027166111229,-0.243876966333,-0.027518411968,0.095459859233
5.500000,2,-0.137070627696,-0.167612423538,-0.065081428440,0.089081496879
5.500000,3,0.165305360523,-0.149646837399,-0.072818745228,0.089028229254
5.550000,0,0.001571945957,-0.227175254115,-0.032025104557,0.095406370792
5.550000,1,0.025828448907,-0.226863660537,-0.033360989987,0.095407013898
5.550000,2,-0.124953401421,-0.161300010953,-0.077304672873,0.089029718594
5.550000,3,0.152896710874,-0.147018290864,-0.088883372937,0.088986000908
5.600000,0,0.001908075221,-0.218736687010,-0.041489391970,0.095391600887
5.600000,1,0.023819092538,-0.218521509505,-0.042554548987,0.095393359925
5.600000,2,-0.111511977574,-0.167921261038,-0.084240827703,0.089233226321
5.600000,3,0.140742779135,-0.157277044659,-0.098674013166,0.088931830476
5.650000,0,0.001895419049,-0.223303068561,-0.049472171433,0.095401435821
5.650000,1,0.021704437905,-0.223062388435,-0.050300742603,0.095401699613
5.650000,2,-0.101270971865,-0.181626046895,-0.086408297323,0.089143672815
5.650000,3,0.131834082862,-0.175100575448,-0.101082862591,0.089069862658
5.700000,0,0.001803154987,-0.236051425277,-0.055321836784,0.095431125056
5.700000,1,0.019441888709,-0.235702313907,-0.055942728081,0.095430652629
5.700000,2,-0.094067679555,-0.196118449314,-0.087072533474,0.089031111429
5.700000,3,0.122625622424,-0.192872983644,-0.100135637680,0.089169571073
5.750000,0,0.001885132954,-0.249616798065,-0.060821312252,0.095469853851
5.750000,1,0.016713472511,-0.249241171669,-0.061212066265,0.095469480024
5.750000,2,-0.084672020728,-0.207693204092,-0.086754946552,0.088917734854
5.750000,3,0.108450062915,-0.204652999759,-0.098425034492,0.089087679142
5.800000,0,0.002152729711,-0.259130405923,-0.066751903093,0.095489436699
5.800000,1,0.013246288412,-0.258806062432,-0.066900735368,0.095489192684
5.800000,2,-0.067090660096,-0.212284746432,-0.084158877702,0.089005404177
5.800000,3,0.087266548076,-0.209761270341,-0.094338307834,0.089104392918
5.850000,0,0.002287584892,-0.261397707247,-0.072298577407,0.095485109089
5.850000,1,0.008932890391,-0.261186602461,-0.072221765147,0.095483982224
5.850000,2,-0.041715619560,-0.209869026773,-0.078112760053,0.089007956608
5.850000,3,0.059388973125,-0.208867528479,-0.085142739945,0.089086755301
5.900000,0,0.002226262121,-0.256113606230,-0.076430417448,0.095455170789
5.900000,1,0.004243740189,-0.256050804682,-0.076171173534,0.095455442763
5.900000,2,-0.013726280936,-0.204570208463,-0.069228658152,0.089082104368
5.900000,3,0.027583817318,-0.204416871242,-0.071197587159,0.089000564914
5.950000,0,0.001971587779,-0.248037358091,-0.078724668641,0.095430114425
5.950000,1,-0.000404046849,-0.248070061617,-0.078338790159,0.095429987608
5.950000,2,0.008643615920,-0.198937619171,-0.061199219041,0.089147991240
5.950000,3,-0.001658481688,-0.200297792379,-0.058113816538,0.089162480556
6.000000,0,0.001729439715,-0.242850711997,-0.078669450859,0.095418218549
6.000000,1,-0.004769251610,-0.242914823741,-0.078259517886,0.095420014937
6.000000,2,0.027297636980,-0.195438789628,-0.055923123647,0.089138469871
6.000000,3,-0.027488701651,-0.196240271914,-0.049406093064,0.089025402676
6.050000,0,0.001491135989,-0.253564383750,-0.075462973022,0.095455915993
6.050000,1,-0.008984980008,-0.253562290417,-0.075171846246,0.095458740179
6.050000,2,0.044599523906,-0.207238184076,-0.053887141796,0.089074296467
6.050000,3,-0.051070406177,-0.207261544994,-0.045740351363,0.089237560586
6.100000,0,0.001070184954,-0.282151853294,-0.068855296460,0.095558141739
6.100000,1,-0.013255360627,-0.282019185003,-0.068810568266,0.095558515470
6.100000,2,0.062909358659,-0.233261804903,-0.055149341045,0.089125810545
6.100000,3,-0.073810414438,-0.231900423240,-0.047637751894,0.089212391527
6.150000,0,0.000683562468,-0.309107693519,-0.061119184650,0.095652037310
6.150000,1,-0.017035256946,-0.308845535542,-0.061335879577,0.095651702674
6.150000,2,0.079825537576,-0.249365102206,-0.060168629809,0.089224990956
6.150000,3,-0.093792439133,-0.245825188020,-0.055555654758,0.089273719618
6.200000,0,0.000287927409,-0.318221181924,-0.056862026746,0.095656765505
6.200000,1,-0.019621070236,-0.317833827645,-0.057275794372,0.095655042643
6.200000,2,0.090288820147,-0.244856798220,-0.071971611176,0.089176649116
6.200000,3,-0.106892316340,-0.239707222270,-0.071366805022,0.089139628188
6.250000,0,-0.000218642776,-0.303595071253,-0.059320935228,0.095551055738
6.250000,1,-0.020549778543,-0.303173339699,-0.059847263839,0.095552144833
6.250000,2,0.090511455675,-0.222221118707,-0.093227898579,0.089278115195
6.250000,3,-0.109518876211,-0.217150871537,-0.096644247132,0.089088056621
6.300000,0,-0.000784996329,-0.270943855939,-0.067657743272,0.095421366986
6.300000,1,-0.019841943577,-0.270586584576,-0.068243002447,0.095421396483
6.300000,2,0.081870721757,-0.190291654646,-0.118963573360,0.089071745981
6.300000,3,-0.100828330491,-0.186818374922,-0.124770731709,0.089069816723
6.350000,0,-0.001164225819,-0.235186978335,-0.075879685565,0.095322777198
6.350000,1,-0.018219563608,-0.234920008536,-0.076495079902,0.095322005640
6.350000,2,0.071627994307,-0.160735400475,-0.136185430853,0.088854655287
6.350000,3,-0.090107721556,-0.159417236196,-0.143982317694,0.088964042910
6.400000,0,-0.001402130540,-0.209001260179,-0.076766340424,0.095279569428
6.400000,1,-0.016830976431,-0.208830479976,-0.077389379147,0.095279130576
6.400000,2,0.065420267863,-0.141134096193,-0.136280737185,0.088884140426
6.400000,3,-0.083923841543,-0.139164664241,-0.145684111961,0.089011201538
6.450000,0,-0.001807324487,-0.194394075559,-0.068688164204,0.095288876384
6.450000,1,-0.016404276202,-0.194279049264,-0.069305505945,0.095288176742
6.450000,2,0.064852413591,-0.130806850667,-0.125588986325,0.088912397790
6.450000,3,-0.084918388784,-0.127764645786,-0.135740041446,0.088909107804
6.500000,0,-0.002405815518,-0.188168525465,-0.055698468660,0.095322311097
6.500000,1,-0.016772048954,-0.188059238557,-0.056305557908,0.095322529783
6.500000,2,0.066874644037,-0.128125932400,-0.114445933208,0.088956919273
6.500000,3,-0.088771207755,-0.125239753002,-0.124701690059,0.088912452007
6.550000,0,-0.003018915021,-0.186644989864,-0.042090548657,0.095355303408
6.550000,1,-0.017231111866,-0.186503893582,-0.042670582957,0.095354877394
6.550000,2,0.067415233077,-0.128923164782,-0.104738697077,0.089018982651
6.550000,3,-0.091563431514,-0.124698675028,-0.114451368708,0.088906942448
6.600000,0,-0.003532040289,-0.185319327198,-0.029461368037,0.095376011645
6.600000,1,-0.017243234119,-0.185153375083,-0.029979120769,0.095376118930
6.600000,2,0.065242020284,-0.127298879473,-0.090523896365,0.089003733485
6.600000,3,-0.091894178410,-0.121628128741,-0.099171934030,0.088928222444
6.650000,0,-0.004007998101,-0.181404438808,-0.018868232357,0.095395020657
6.650000,1,-0.016815233172,-0.181241581719,-0.019292263547,0.095396486782
6.650000,2,0.061562906842,-0.125056504632,-0.069461463568,0.089053352319
6.650000,3,-0.091054664090,-0.119938922041,-0.076547055888,0.089095260154
6.700000,0,-0.004407922636,-0.177488761245,-0.012590879246,0.095403044251
6.700000,1,-0.016068296960,-0.177294973081,-0.012925536684,0.095403699940
6.700000,2,0.058306537648,-0.128153984114,-0.047717109934,0.089177716495
6.700000,3,-0.089384010891,-0.123864594900,-0.052298312532,0.089141285023
6.750000,0,-0.004615029182,-0.179361581687,-0.012335356204,0.095407352368
6.750000,1,-0.015030844120,-0.179169173766,-0.012585851341,0.095407842695
6.750000,2,0.055761988163,-0.136663030540,-0.032895557482,0.089223585113
6.750000,3,-0.086044331685,-0.132195768338,-0.035530873986,0.089126976727
6.800000,0,-0.004682934372,-0.191656846377,-0.017254615297,0.095435763192
6.800000,1,-0.013690135878,-0.191486685903,-0.017429341074,0.095435837804
6.800000,2,0.051645262792,-0.149705075306,-0.028660625659,0.088993855394
6.800000,3,-0.081099540225,-0.145016474801,-0.030313020358,0.089043857484
6.850000,0,-0.004639089612,-0.214841194604,-0.025436253517,0.095484379824
6.850000,1,-0.011899931615,-0.214716188433,-0.025534507981,0.095484648395
6.850000,2,0.045053003638,-0.171113258358,-0.031770702522,0.089078180028
6.850000,3,-0.073389370045,-0.166767579929,-0.033261869501,0.089119683552
6.900000,0,-0.004426801982,-0.245469369604,-0.036468236707,0.095550547460
6.900000,1,-0.009485940998,-0.245371915221,-0.036487933288,0.095550823023
6.900000,2,0.034966137890,-0.199747979827,-0.038202997799,0.089094371108
6.900000,3,-0.061248273594,-0.196672101212,-0.039869695634,0.089149108661
6.950000,0,-0.003965896384,-0.276710636153,-0.051269827403,0.095615153098
6.950000,1,-0.006412531337,-0.276693258050,-0.051212575360,0.095616661308
6.950000,2,0.021347413501,-0.228336050805,-0.048356378600,0.089337626468
6.950000,3,-0.042789807289,-0.226862423940,-0.049972658003,0.089229898800
7.000000,0,-0.003194305440,-0.301106943542,-0.069627005955,0.095659580084
7.000000,1,-0.002850161324,-0.301153666068,-0.069521880278,0.095661033393
7.000000,2,0.005820958873,-0.249575256782,-0.064107098463,0.089293373586
7.000000,3,-0.019096926387,-0.250781182634,-0.065231893658,0.089268219971
7.050000,0,-0.002115016556,-0.301884411271,-0.088572513831,0.095608111199
7.050000,1,0.001017151764,-0.301956603006,-0.088453203341,0.095607037818
7.050000,2,-0.009861149510,-0.248729670251,-0.082788147365,0.089299776275
7.050000,3,0.005419484755,-0.251533991360,-0.082671143877,0.089331261080
7.100000,0,-0.000844808524,-0.275639105741,-0.103765707468,0.095465392621
7.100000,1,0.004895922018,-0.275706103956,-0.103680131242,0.095465903548
7.100000,2,-0.023997886195,-0.225162563650,-0.098511256601,0.089002421412
7.100000,3,0.027731341851,-0.228359943593,-0.098062379201,0.089145534440
7.150000,0,0.000416135248,-0.244408362988,-0.110599650896,0.095358940432
7.150000,1,0.008565565213,-0.244412499667,-0.110587219700,0.095359686675
7.150000,2,-0.038150954939,-0.200278540236,-0.106624941552,0.088888983131
7.150000,3,0.049795661298,-0.202873715843,-0.107008345632,0.088961906115
7.200000,0,0.001631267222,-0.225652038400,-0.106502948843,0.095327943140
7.200000,1,0.012076457010,-0.225561273777,-0.106587280496,0.095329330356
7.200000,2,-0.052055154946,-0.188276641107,-0.102624767510,0.088881294981
7.200000,3,0.071723600018,-0.187387627506,-0.104793164327,0.088900963570
7.250000,0,0.002812588652,-0.225082815451,-0.093686977579,0.095362457757
7.250000,1,0.015546242056,-0.224876831872,-0.093880402912,0.095362977266
7.250000,2,-0.065323507544,-0.188994817188,-0.088517395517,0.089029968694
7.250000,3,0.092247788025,-0.184652125178,-0.092352606334,0.088943429862
7.300000,0,0.003957126306,-0.240344722953,-0.076411801198,0.095434516260
7.300000,1,0.019110895688,-0.240001917016,-0.076726401216,0.095434228640
7.300000,2,-0.076666049035,-0.197027162463,-0.070453452895,0.089091374574
7.300000,3,0.110355428671,-0.190023480186,-0.075831084274,0.089141564245
7.350000,0,0.005064450304,-0.259482044115,-0.057876653511,0.095509824704
7.350000,1,0.022592662017,-0.259021743764,-0.058330027941,0.095509685655
7.350000,2,-0.088294874617,-0.205968570780,-0.054847967085,0.089210727315
7.350000,3,0.127059338963,-0.195903987065,-0.062307138797,0.089184813391
7.400000,0,0.006059368379,-0.267606127093,-0.041274766078,0.095545665901
7.400000,1,0.025285048600,-0.267044065482,-0.041873773030,0.095544960007
7.400000,2,-0.096940275673,-0.207434483226,-0.044728256075,0.089239736554
7.400000,3,0.140459040464,-0.195082154329,-0.055608169745,0.089332250444
7.450000,0,0.006722898989,-0.261442581403,-0.030714424762,0.095521135095
7.450000,1,0.026297880581,-0.260842091220,-0.031419918590,0.095520433557
7.450000,2,-0.098071967619,-0.196840096167,-0.042264750792,0.089036183579
7.450000,3,0.144089930630,-0.183651290781,-0.056108896386,0.089068957675
7.500000,0,0.006836230517,-0.246114979041,-0.028821693440,0.095458036871
7.500000,1,0.025239998121,-0.245578230891,-0.029555706440,0.095456722178
7.500000,2,-0.091235144785,-0.182637688468,-0.047635506801,0.089011172747
7.500000,3,0.135802565023,-0.170258711252,-0.062707451385,0.088938789171
7.550000,0,0.006454665454,-0.229467671407,-0.034671820422,0.095406985821
7.550000,1,0.022610853816,-0.229039292159,-0.035358647885,0.095406656226
7.550000,2,-0.079865548620,-0.176022046167,-0.057974344989,0.089012021157
7.550000,3,0.121033672737,-0.166245219996,-0.072234554542,0.088878051032
7.600000,0,0.005926351229,-0.221178606156,-0.043416168807,0.095396647780
7.600000,1,0.019578060170,-0.220888091217,-0.044012958551,0.095396931436
7.600000,2,-0.068368292055,-0.180974011127,-0.067176144451,0.089011850384
7.600000,3,0.105335988752,-0.174239034244,-0.079533029377,0.089037527585
7.650000,0,0.005489403011,-0.225518179345,-0.050630003800,0.095408060920
7.650000,1,0.016833090232,-0.225339910434,-0.051125430143,0.095407720848
7.650000,2,-0.057456377848,-0.193698141293,-0.070734440432,0.089059631978
7.650000,3,0.092005597482,-0.188857007000,-0.081902350336,0.089019628324
7.700000,0,0.005078786488,-0.237719861042,-0.055911758071,0.095437264821
7.700000,1,0.014091079366,-0.237650351696,-0.056289995886,0.095437467150
7.700000,2,-0.047202294809,-0.207394780026,-0.071182076258,0.089181373598
7.700000,3,0.079482153759,-0.204632863373,-0.080709403380,0.089308934111
7.750000,0,0.004508085956,-0.250619323527,-0.060921547829,0.095470018097
7.750000,1,0.010826423947,-0.250636472122,-0.061160233053,0.095470494845
7.750000,2,-0.035622392151,-0.216570800807,-0.072067455029,0.089090209744
7.750000,3,0.063587347997,-0.215374043520,-0.078915249009,0.089176098878
7.800000,0,0.003644044340,-0.259607765649,-0.066338726040,0.095489497330
7.800000,1,0.006762269689,-0.259673991413,-0.066422242308,0.095490083365
7.800000,2,-0.020577666221,-0.218934719104,-0.074305689425,0.089041506525
7.800000,3,0.041756399074,-0.219100878366,-0.077607387442,0.089038298226
7.850000,0,0.002530655112,-0.261545137337,-0.071462391823,0.095484229036
7.850000,1,0.002138000806,-0.261640325510,-0.071397866250,0.095485662779
7.850000,2,-0.001253680675,-0.214751279153,-0.075811283922,0.088948012338
7.850000,3,0.014406259149,-0.216004694334,-0.075306056678,0.089018133605
7.900000,0,0.001325939819,-0.256303417910,-0.075350808853,0.095455345659
7.900000,1,-0.002454951712,-0.256359530679,-0.075183059299,0.095455734860
7.900000,2,0.018097530399,-0.207252202185,-0.074137461832,0.088997760521
7.900000,3,-0.013405635420,-0.208627736824,-0.070685688813,0.089025706402
7.950000,0,0.000170001926,-0.248500026803,-0.077578552150,0.095429291391
7.950000,1,-0.006645020050,-0.248491013531,-0.077364656797,0.095428562071
7.950000,2,0.033749567840,-0.200567022486,-0.069111713401,0.089116904665
7.950000,3,-0.037453748095,-0.201612822583,-0.064281445179,0.089149957227
8.000000,0,-0.000918651020,-0.243520854496,-0.077615811456,0.095413897694
8.000000,1,-0.010448506555,-0.243438197685,-0.077412156507,0.095413593057
8.000000,2,0.046478058172,-0.197080746907,-0.063437916312,0.089213661215
8.000000,3,-0.056852147499,-0.196573819960,-0.058872109528,0.089165411237
8.050000,0,-0.002005361820,-0.243048920674,-0.074569655531,0.095423323887
8.050000,1,-0.014116705771,-0.242854145411,-0.074439636489,0.095422120408
8.050000,2,0.057401064482,-0.197641196619,-0.059686267927,0.089219460727
8.050000,3,-0.074504802420,-0.194662270268,-0.056489803213,0.089133834266
8.100000,0,-0.003095527424,-0.245462370391,-0.068421976257,0.095443556344
8.100000,1,-0.017715585796,-0.245153397371,-0.068425749912,0.095443569966
8.100000,2,0.069114222888,-0.199040711601,-0.058567053654,0.088992372465
8.100000,3,-0.091733818244,-0.194043033787,-0.057375429534,0.089004123193
8.150000,0,-0.004144847475,-0.248601879553,-0.060877427713,0.095461710334
8.150000,1,-0.020956818422,-0.248170523286,-0.061063157650,0.095462028320
8.150000,2,0.079004842236,-0.198065636553,-0.059289163194,0.088956164361
8.150000,3,-0.107423640538,-0.191010642757,-0.061620766503,0.089020769957
8.200000,0,-0.005035175757,-0.250414163580,-0.054715180917,0.095468835919
8.200000,1,-0.023347645862,-0.249885231414,-0.055098017806,0.095468258344
8.200000,2,0.086189786460,-0.195134412367,-0.061834033153,0.088996957572
8.200000,3,-0.118956020570,-0.186415598762,-0.068500174640,0.088935252147
8.250000,0,-0.005669888770,-0.249306465889,-0.051941735801,0.095460909306
8.250000,1,-0.024589630538,-0.248742856712,-0.052505060182,0.095462094123
8.250000,2,0.088085672240,-0.192949237542,-0.066539793696,0.089058639366
8.250000,3,-0.124360414525,-0.183905693596,-0.077146245192,0.089131161967
8.300000,0,-0.006038941533,-0.245903616759,-0.052368444064,0.095454188506
8.300000,1,-0.024743029644,-0.245337850716,-0.053075884986,0.095453892219
8.300000,2,0.085315318455,-0.192843527637,-0.072161502052,0.089195917158
8.300000,3,-0.122592379038,-0.183907417485,-0.085225984272,0.089093690041
8.350000,0,-0.006198351935,-0.242356149596,-0.054351055896,0.095441417962
8.350000,1,-0.024039334058,-0.241855921409,-0.055146963101,0.095442651662
8.350000,2,0.080433051855,-0.194607684330,-0.077053332392,0.089183464352
8.350000,3,-0.116876361514,-0.186531377799,-0.090628542367,0.089175524257
8.400000,0,-0.006206778856,-0.240525616158,-0.056537600331,0.095435605105
8.400000,1,-0.022689650317,-0.240118216475,-0.057358330643,0.095436715437
8.400000,2,0.073923622687,-0.198023200363,-0.079211562004,0.089067291405
8.400000,3,-0.111018374406,-0.190814234258,-0.092797243858,0.089083638148
8.450000,0,-0.006035888696,-0.241269730948,-0.058618836687,0.095436404107
8.450000,1,-0.020719178732,-0.240971875817,-0.059397301650,0.095436015018
8.450000,2,0.067331014258,-0.201790275212,-0.078535843258,0.088897300323
8.450000,3,-0.104158401619,-0.195524919734,-0.091910198738,0.089027383447
8.500000,0,-0.005676450606,-0.244125876879,-0.060876603719,0.095443128104
8.500000,1,-0.018122399336,-0.243961323459,-0.061542495004,0.095443088120
8.500000,2,0.058386539101,-0.205426075904,-0.076340429766,0.088982135650
8.500000,3,-0.094311628865,-0.199838810555,-0.088307700824,0.089037219299
8.550000,0,-0.005130663926,-0.247630978898,-0.063311491788,0.095453568694
8.550000,1,-0.014926369067,-0.247565907207,-0.063809217688,0.095453080871
8.550000,2,0.046674953329,-0.207913499555,-0.073380269200,0.089063289717
8.550000,3,-0.079010373811,-0.203967619888,-0.082338230353,0.089032763703
8.600000,0,-0.004413939796,-0.250060221775,-0.065538797161,0.095457375547
8.600000,1,-0.011215916882,-0.250080627843,-0.065831350027,0.095457287889
8.600000,2,0.031583695047,-0.207823815993,-0.069941468462,0.089177635419
8.600000,3,-0.060128971580,-0.205906890711,-0.074903401539,0.089102937098
8.650000,0,-0.003551138385,-0.250694910656,-0.067307268473,0.095455011082
8.650000,1,-0.007141469046,-0.250765499465,-0.067391645297,0.095455128291
8.650000,2,0.015680149200,-0.206260910070,-0.065726276084,0.089153676926
8.650000,3,-0.039245693379,-0.205719032910,-0.066818246590,0.089136702974
8.700000,0,-0.002565515406,-0.249834206139,-0.068531327179,0.095447158640
8.700000,1,-0.002832920076,-0.249906818150,-0.068434085012,0.095446495606
8.700000,2,0.000124866890,-0.204596027300,-0.061655903444,0.089195894528
8.700000,3,-0.018139495148,-0.204905249643,-0.059722150551,0.089195639307
8.750000,0,-0.001503019331,-0.248081297778,-0.068979492826,0.095441891534
8.750000,1,0.001548585458,-0.248137856747,-0.068748952584,0.095441877452
8.750000,2,-0.014356138633,-0.202818698629,-0.058713621046,0.088979833897
8.750000,3,0.003034171719,-0.203924161082,-0.054627210224,0.089062121032
8.800000,0,-0.000393118890,-0.246540281000,-0.068330883522,0.095441085528
8.800000,1,0.005865268197,-0.246533293504,-0.068028962853,0.095442340527
8.800000,2,-0.028417754914,-0.202038187095,-0.057420400117,0.089022438372
8.800000,3,0.024472278320,-0.202677696986,-0.052613966248,0.089057077834
8.850000,0,0.000720730955,-0.246040732230,-0.066554721519,0.095443289425
8.850000,1,0.010010919642,-0.245952239715,-0.066254540317,0.095444996392
8.850000,2,-0.042215597842,-0.201366906639,-0.058186951319,0.089059645099
8.850000,3,0.045094513197,-0.201022102435,-0.053511658566,0.088938156927
8.900000,0,0.001812945964,-0.246372742167,-0.064174567963,0.095441917134
8.900000,1,0.013870363806,-0.246183076644,-0.063947667137,0.095442753194
8.900000,2,-0.054999011313,-0.200201211593,-0.060625833378,0.089044896156
8.900000,3,0.064714958526,-0.198891141182,-0.056966652835,0.089080062535
8.950000,0,0.002848486192,-0.246836929752,-0.061963847156,0.095448077123
8.950000,1,0.017282323568,-0.246528919284,-0.061877778040,0.095448311916
8.950000,2,-0.066309755264,-0.199077306659,-0.064040948861,0.089140798421
8.950000,3,0.082451583703,-0.196256732633,-0.062750027789,0.089092034379
9.000000,0,0.003789244695,-0.247007162348,-0.060427221189,0.095455477418
9.000000,1,0.020106111536,-0.246603793910,-0.060529377619,0.095454727875
9.000000,2,-0.073714100990,-0.198336654674,-0.067811542049,0.089171705118
9.000000,3,0.096601141337,-0.194055232974,-0.070179494853,0.089250673394
9.050000,0,0.004604136747,-0.246790939954,-0.059640574640,0.095453157972
9.050000,1,0.022240208794,-0.246301373452,-0.059957209477,0.095453544495
9.050000,2,-0.078460164673,-0.197275280038,-0.072283228390,0.089038698914
9.050000,3,0.105387718882,-0.191928585556,-0.077809651482,0.089115121508
9.100000,0,0.005252748313,-0.246032099854,-0.059466549625,0.095449137696
9.100000,1,0.023581310480,-0.245501573844,-0.059991170264,0.095448745409
9.100000,2,-0.080324127196,-0.197259375306,-0.076194019788,0.088999833441
9.100000,3,0.110364499708,-0.190936771417,-0.084210610524,0.089039653772
9.150000,0,0.005722775176,-0.245094921486,-0.059779146658,0.095442318908
9.150000,1,0.024104169591,-0.244572179072,-0.060478745610,0.095441144913
9.150000,2,-0.080337574562,-0.197938801582,-0.078573324130,0.088988345794
9.150000,3,0.112947137218,-0.190742683333,-0.088448792097,0.088973765839
9.200000,0,0.005998554374,-0.244783839453,-0.060549672072,0.095446940027
9.200000,1,0.023839712108,-0.244300569107,-0.061364640864,0.095445115458
9.200000,2,-0.078475801094,-0.198986756782,-0.078710357413,0.089015554679
9.200000,3,0.113603932848,-0.190920752821,-0.090428624894,0.088945836065
9.250000,0,0.006082206627,-0.245182324107,-0.061697310472,0.095448655230
9.250000,1,0.022825582719,-0.244790370023,-0.062554682757,0.095448054730
9.250000,2,-0.073826912421,-0.200427201325,-0.077012420112,0.089067687099
9.250000,3,0.110779882495,-0.192504749563,-0.089925253512,0.089055870311
9.300000,0,0.005978960088,-0.245953851422,-0.062915693893,0.095447303282
9.300000,1,0.021105251266,-0.245657813907,-0.063737355850,0.095447797614
9.300000,2,-0.067007400667,-0.201642589115,-0.074651485786,0.089216059343
9.300000,3,0.103641263211,-0.194699823196,-0.087146071532,0.089205313325
9.350000,0,0.005689328450,-0.246838605851,-0.063906604158,0.095447738051
9.350000,1,0.018722307350,-0.246651507434,-0.064619069062,0.095449087239
9.350000,2,-0.057164104163,-0.202776652786,-0.071673915826,0.089205201634
9.350000,3,0.092943907935,-0.196717651654,-0.082660500326,0.089128529417
9.400000,0,0.005213294691,-0.247524289220,-0.064629138418,0.095445993397
9.400000,1,0.015727616528,-0.247441943909,-0.065173069139,0.095446677380
9.400000,2,-0.045737676468,-0.203601991738,-0.068411663044,0.089094364092
9.400000,3,0.079633643921,-0.199248242180,-0.076625954921,0.089038937063
9.450000,0,0.004558272485,-0.247759813107,-0.065146048504,0.095448814319
9.450000,1,0.012205686725,-0.247751586966,-0.065485258235,0.095448556282
9.450000,2,-0.032438312619,-0.204111390273,-0.064648897975,0.088982637640
9.450000,3,0.064692583060,-0.201247539232,-0.070227964503,0.089017571811
9.500000,0,0.003755200979,-0.247520131385,-0.065435909219,0.095448297523
9.500000,1,0.008285526966,-0.247572338758,-0.065558044028,0.095449646865
9.500000,2,-0.018625451473,-0.204224987564,-0.061612036491,0.088961872351
9.500000,3,0.046740327484,-0.202826446489,-0.064412968158,0.088943342008
9.550000,0,0.002832085220,-0.247106228230,-0.065392819718,0.095447750840
9.550000,1,0.004107014382,-0.247177279471,-0.065317026597,0.095448346943
9.550000,2,-0.004378863739,-0.204282550219,-0.059850262691,0.088997753464
9.550000,3,0.026883345277,-0.204478551361,-0.059968250253,0.089135301874
9.600000,0,0.001824482443,-0.246749791080,-0.064975330949,0.095443653595
9.600000,1,-0.000187880966,-0.246809826937,-0.064742313901,0.095444031552
9.600000,2,0.010356769727,-0.204172407580,-0.059309898861,0.089160921744
9.600000,3,0.005752189433,-0.204911931125,-0.057327555631,0.089146033383
9.650000,0,0.000759558095,-0.246486672026,-0.064286023068,0.095442800217
9.650000,1,-0.004475291274,-0.246507970980,-0.063958873426,0.095442601266
9.650000,2,0.025425996294,-0.203903875782,-0.060069677188,0.089265870039
9.650000,3,-0.015705556541,-0.204844022467,-0.056424342629,0.089226965125
9.700000,0,-0.000329546319,-0.246432284035,-0.063499479246,0.095446865657
9.700000,1,-0.008623680414,-0.246369283652,-0.063154992506,0.095445240745
9.700000,2,0.039417754074,-0.203097710331,-0.061950807755,0.089098598919
9.700000,3,-0.036417351301,-0.203830031691,-0.057531867067,0.089114504602
9.750000,0,-0.001408039721,-0.246471351503,-0.062768425553,0.095449557622
9.750000,1,-0.012494811692,-0.246317387721,-0.062484006914,0.095450055972
9.750000,2,0.051259268804,-0.201912028350,-0.064528152920,0.089015228005
9.750000,3,-0.055938996674,-0.201687577954,-0.060925560995,0.089057468730
9.800000,0,-0.002439580736,-0.246434593047,-0.062188419277,0.095450649281
9.800000,1,-0.015948561737,-0.246170788438,-0.062037436499,0.095450314002
9.800000,2,0.061427049302,-0.200611196894,-0.067440982461,0.088880912758
9.800000,3,-0.072799655369,-0.199234668646,-0.065763747981,0.088958309290
9.850000,0,-0.003386590406,-0.246300007205,-0.061832116500,0.095447497497
9.850000,1,-0.018861323079,-0.245934589583,-0.061869177570,0.095447035543
9.850000,2,0.069105738431,-0.199673297719,-0.070508931344,0.088988806386
9.850000,3,-0.086729380540,-0.196769045145,-0.071251524947,0.089055380583
9.900000,0,-0.004220858737,-0.246101813524,-0.061768327073,0.095447522831
9.900000,1,-0.021138055346,-0.245667764378,-0.062020726082,0.095447898103
9.900000,2,0.075218366881,-0.198711018056,-0.073166055508,0.089104769156
9.900000,3,-0.097497440726,-0.194180154533,-0.076271959964,0.089006478487
9.950000,0,-0.004915845293,-0.245983816430,-0.062000412911,0.095447423881
9.950000,1,-0.022712576068,-0.245495193222,-0.062470059025,0.095447845767
9.950000,2,0.078289272677,-0.198317117033,-0.074969559861,0.089289978292
9.950000,3,-0.105407082828,-0.192373576688,-0.080506913408,0.089179830947
10.000000,0,-0.005452017330,-0.245949612278,-0.062424777750,0.095447985391
10.000000,1,-0.023547036404,-0.245458190268,-0.063080079491,0.095449552777
10.000000,2,0.079185282924,-0.198380329065,-0.075718161297,0.089215802823
10.000000,3,-0.109994671274,-0.191165111711,-0.083850276928,0.089078106569
10.050000,0,-0.005811706076,-0.246060963788,-0.062892416272,0.095447473340
10.050000,1,-0.023621760181,-0.245598930871,-0.063680349000,0.095448104712
10.050000,2,0.077095011796,-0.198629607730,-0.075401905722,0.089024834728
10.050000,3,-0.110953694974,-0.191060149599,-0.085743529409,0.089110772211
10.100000,0,-0.005984848145,-0.246318608279,-0.063313012178,0.095447389692
10.100000,1,-0.022942193592,-0.245913426959,-0.064163957493,0.095446055543
10.100000,2,0.072777831520,-0.199439641665,-0.074293510788,0.088939562581
10.100000,3,-0.108120596613,-0.191976217382,-0.085817855910,0.089013469152
10.150000,0,-0.005960538312,-0.246540977044,-0.063665265184,0.095447117734
10.150000,1,-0.021517448103,-0.246229659753,-0.064498397641,0.095446630535
10.150000,2,0.066463425760,-0.200585629479,-0.072654306539,0.088954263902
10.150000,3,-0.102443895298,-0.193599727014,-0.084281761306,0.088973320516
10.200000,0,-0.005740068050,-0.246715394522,-0.063948305357,0.095447613623
10.200000,1,-0.019396829047,-0.246493822635,-0.064690659132,0.095448150455
10.200000,2,0.057143353249,-0.201505156316,-0.070462344906,0.089032769480
10.200000,3,-0.094056264534,-0.195526461784,-0.080979447148,0.089035733360
10.250000,0,-0.005333177853,-0.246799568657,-0.064153077294,0.095447955659
10.250000,1,-0.016650411401,-0.246678427844,-0.064741566626,0.095447950365
10.250000,2,0.046675041475,-0.202755498603,-0.067625812682,0.089195575406
10.250000,3,-0.082484099749,-0.197968650898,-0.076633348179,0.089111444594
10.300000,0,-0.004751482524,-0.246768126932,-0.064228166102,0.095444626397
10.300000,1,-0.013362439059,-0.246735131209,-0.064619759293,0.095444326953
10.300000,2,0.034234521656,-0.203948284142,-0.065027898249,0.089236993550
10.300000,3,-0.068100568925,-0.200786251746,-0.071961561733,0.089191870167
10.350000,0,-0.004017963495,-0.246663966424,-0.064132546974,0.095448244374
10.350000,1,-0.009648084998,-0.246692094698,-0.064308897708,0.095446140612
10.350000,2,0.020949546637,-0.204629289818,-0.063087694127,0.089035139114
10.350000,3,-0.050768170452,-0.203086085530,-0.067375000831,0.089170388225
10.400000,0,-0.003154781581,-0.246524587580,-0.063908661605,0.095447790273
10.400000,1,-0.005623808659,-0.246597708673,-0.063877823697,0.095447794065
10.400000,2,0.006423071314,-0.205210565367,-0.061890857559,0.089002429584
10.400000,3,-0.032155286826,-0.204947429349,-0.063459995458,0.089129659434
10.450000,0,-0.002193792247,-0.246447777050,-0.063626623208,0.095446998266
10.450000,1,-0.001421759871,-0.246517145431,-0.063424671693,0.095449333501
10.450000,2,-0.008402133268,-0.205179565702,-0.061459561206,0.088964510108
10.450000,3,-0.011900898872,-0.205929829299,-0.060329643695,0.088966283333
10.500000,0,-0.001162438453,-0.246395128530,-0.063330787324,0.095445327738
10.500000,1,0.002826439202,-0.246433050539,-0.063019401557,0.095447060883
10.500000,2,-0.022864674775,-0.204647239451,-0.061811096131,0.089033769702
10.500000,3,0.008747804223,-0.205586283766,-0.058812861910,0.088982603233
10.550000,0,-0.000095440309,-0.246344948958,-0.063048920140,0.095444299260
10.550000,1,0.006978065190,-0.246318398999,-0.062700172433,0.095444752820
10.550000,2,-0.036242542910,-0.203732035901,-0.062927291900,0.089142559537
10.550000,3,0.029136405826,-0.204599100516,-0.059006534266,0.088995513752
10.600000,0,0.000975330181,-0.246331797240,-0.062829775186,0.095450141140
10.600000,1,0.010901160901,-0.246212917194,-0.062523122207,0.095449397540
10.600000,2,-0.048070201868,-0.202475554804,-0.064576959467,0.089224867746
10.600000,3,0.048545121309,-0.202876680578,-0.060960204777,0.089224544866
10.650000,0,0.002014805206,-0.246282368400,-0.062734948103,0.095448580965
10.650000,1,0.014462056303,-0.246069007820,-0.062540740568,0.095448842892
10.650000,2,-0.058435228977,-0.200984078074,-0.066822614496,0.089153634809
10.650000,3,0.065338554167,-0.200081815254,-0.064212405818,0.089135390788
10.700000,0,0.002987160606,-0.246236510254,-0.062756221991,0.095447616010
10.700000,1,0.017539023321,-0.245923476505,-0.062732271098,0.095449180783
10.700000,2,-0.066826223633,-0.199942721128,-0.069265946593,0.089041938005
10.700000,3,0.080086426751,-0.197712024640,-0.068293320353,0.089180083073
10.750000,0,0.003863677126,-0.246222048547,-0.062857545302,0.095446807829
10.750000,1,0.020040348691,-0.245829337222,-0.063038421261,0.095446701757
10.750000,2,-0.072965103438,-0.198909371685,-0.071611068351,0.089005565469
10.750000,3,0.091913629085,-0.195204139723,-0.072841386984,0.089011740423
10.800000,0,0.004610819538,-0.246216606716,-0.063013841275,0.095446752057
10.800000,1,0.021879159142,-0.245771460570,-0.063407123749,0.095444716489
10.800000,2,-0.075959215562,-0.198322718439,-0.073236966530,0.088974395559
10.800000,3,0.100348507105,-0.193072860018,-0.077318542527,0.088913060235
10.850000,0,0.005209139356,-0.246269408755,-0.063194887148,0.095448774514
10.850000,1,0.023008260348,-0.245797359477,-0.063779273884,0.095446979341
10.850000,2,-0.077164290021,-0.198195118216,-0.074211991099,0.088988607916
10.850000,3,0.105413154720,-0.192075311253,-0.080833981855,0.088990893189
10.900000,0,0.005634805540,-0.246328175741,-0.063373726285,0.095448638830
10.900000,1,0.023388656036,-0.245872358848,-0.064106321126,0.095448994326
10.900000,2,-0.075647196883,-0.198558931065,-0.074218582972,0.089129215802
10.900000,3,0.107238004309,-0.191732807374,-0.083237949057,0.089156587525
10.950000,0,0.005877301161,-0.246402673373,-0.063530675562,0.095448494837
10.950000,1,0.023015201301,-0.245987430137,-0.064348664702,0.095449266693
10.950000,2,-0.071850212505,-0.199218443874,-0.073655186557,0.089151737131
10.950000,3,0.105854568862,-0.192144973455,-0.084251875172,0.089178951428
11.000000,0,0.005927350175,-0.246465315438,-0.063653376145,0.095446553527
11.000000,1,0.021896753845,-0.246123217707,-0.064483106559,0.095447306568
11.000000,2,-0.065745639038,-0.200411916208,-0.072528859280,0.089133341308
11.000000,3,0.101476705922,-0.193623644796,-0.083582919261,0.089169875622
11.050000,0,0.005783255188,-0.246464472291,-0.063721689289,0.095446615367
11.050000,1,0.020067366020,-0.246213493097,-0.064487121477,0.095445394552
11.050000,2,-0.057239727877,-0.201838223028,-0.070611977214,0.089076845606
11.050000,3,0.093657023846,-0.195587998344,-0.081373274741,0.089054682737
11.100000,0,0.005453175367,-0.246467278193,-0.063717423605,0.095446500052
11.100000,1,0.017592549015,-0.246307748187,-0.064351064366,0.095446872785
11.100000,2,-0.047130774143,-0.203013284409,-0.068494096427,0.088992934047
11.100000,3,0.083004606994,-0.198013166290,-0.077975291238,0.088937491999
11.150000,0,0.004946244320,-0.246437020490,-0.063655705042,0.095447599435
11.150000,1,0.014547126579,-0.246372665816,-0.064106137736,0.095449611525
11.150000,2,-0.034877948280,-0.204245455484,-0.066092665078,0.088954255589
11.150000,3,0.069687050428,-0.200695605501,-0.073817587581,0.089011172633
11.200000,0,0.004282212382,-0.246399365632,-0.063561344096,0.095445925551
11.200000,1,0.011032608630,-0.246405956189,-0.063805858920,0.095446623216
11.200000,2,-0.022064230549,-0.205030393126,-0.063961694135,0.089086924494
11.200000,3,0.053828446444,-0.202831994898,-0.069277002399,0.089019238150
11.250000,0,0.003478665075,-0.246371228419,-0.063447206893,0.095446080434
11.250000,1,0.007160219108,-0.246427398474,-0.063483840738,0.095445367161
11.250000,2,-0.007817808377,-0.205407402237,-0.062409373007,0.089216261044
11.250000,3,0.036269233653,-0.204746942871,-0.064842282465,0.089197476934
11.300000,0,0.002564024551,-0.246331609019,-0.063324785751,0.095447614714
11.300000,1,0.003059216271,-0.246408092559,-0.063182099222,0.095445995948
11.300000,2,0.006510808065,-0.205351478644,-0.061779867220,0.089216718661
11.300000,3,0.016731576777,-0.205728805335,-0.061298965019,0.089136180168
11.350000,0,0.001564420688,-0.246328259350,-0.063215001930,0.095447275244
11.350000,1,-0.001140925281,-0.246378685037,-0.062941924432,0.095447075010
11.350000,2,0.020392645905,-0.204731671842,-0.061931579733,0.089129909544
11.350000,3,-0.003096436789,-0.205739753541,-0.059218767055,0.089158608605
11.400000,0,0.000512887230,-0.246309207339,-0.063138232618,0.095447634317
11.400000,1,-0.005300030072,-0.246314079256,-0.062802737884,0.095449729709
11.400000,2,0.033514283107,-0.203745141970,-0.062614987725,0.088974477653
11.400000,3,-0.022720969143,-0.204807517261,-0.058860398374,0.089018903066
11.450000,0,-0.000555106704,-0.246296852670,-0.063103969536,0.095446599973
11.450000,1,-0.009280463876,-0.246220498728,-0.062783937241,0.095446694829
11.450000,2,0.045489707840,-0.202591106099,-0.064077847319,0.088928188661
11.450000,3,-0.041552075573,-0.203377461249,-0.060195255791,0.089028975614
11.500000,0,-0.001606257827,-0.246294001330,-0.063108660015,0.095448592044
11.500000,1,-0.012955847403,-0.246125696240,-0.062876215383,0.095447171162
11.500000,2,0.055922007358,-0.201119342634,-0.066126351762,0.088913583253
11.500000,3,-0.058742306336,-0.201140836990,-0.062665814057,0.089013565425
11.550000,0,-0.002601666753,-0.246274446298,-0.063147708328,0.095448617757
11.550000,1,-0.016200736330,-0.246015838091,-0.063060730748,0.095448355055
11.550000,2,0.064148280339,-0.200119618998,-0.068433867734,0.089179126229
11.550000,3,-0.073973080770,-0.198561962971,-0.066399882392,0.089131762261
11.600000,0,-0.003511822673,-0.246289407256,-0.063211409753,0.095448636363
11.600000,1,-0.018913990979,-0.245937509411,-0.063312843868,0.095450039992
11.600000,2,0.070342072425,-0.199268016927,-0.070587158242,0.089225013192
11.600000,3,-0.085846660111,-0.196291981138,-0.070703426522,0.089097694706
11.650000,0,-0.004303359193,-0.246303236377,-0.063294690634,0.095446464717
11.650000,1,-0.021006442876,-0.245889884900,-0.063601876118,0.095449261881
11.650000,2,0.073776326054,-0.198574361494,-0.072340385996,0.089164592823
11.650000,3,-0.094835920707,-0.194439254224,-0.075095303352,0.089198681099
11.700000,0,-0.004953680408,-0.246319056245,-0.063378141800,0.095445518978
11.700000,1,-0.022413469500,-0.245865728292,-0.063885153730,0.095445918578
11.700000,2,0.075307122714,-0.198580400803,-0.073452236405,0.089038468294
11.700000,3,-0.100721099187,-0.193077311299,-0.078985733810,0.089042574688
11.750000,0,-0.005441081222,-0.246341799525,-0.063442588874,0.095448607219
11.750000,1,-0.023090767256,-0.245882900126,-0.064114575829,0.095445715842
11.750000,2,0.074028973186,-0.198974761790,-0.073937906492,0.088947058955
11.750000,3,-0.103524981518,-0.192758037691,-0.081804090934,0.089027863079
11.800000,0,-0.005751892597,-0.246338335966,-0.063488001379,0.095447709290
11.800000,1,-0.023019736726,-0.245914616279,-0.064264736637,0.095446889595
11.800000,2,0.070715082761,-0.199513449233,-0.073747665027,0.088928345902
11.800000,3,-0.103138659482,-0.192832102462,-0.083214724750,0.088963306965
11.850000,0,-0.005877276772,-0.246347954950,-0.063513572035,0.095448270556
11.850000,1,-0.022204779463,-0.245978110736,-0.064327087098,0.095449059871
11.850000,2,0.064823606984,-0.200861944902,-0.072531663136,0.089139388649
11.850000,3,-0.099355487458,-0.193997516950,-0.082995411079,0.088991058869
11.900000,0,-0.005811592036,-0.246345589076,-0.063519673345,0.095445159845
11.900000,1,-0.020668818802,-0.246060447800,-0.064296458976,0.095446190241
11.900000,2,0.056839773830,-0.201933258376,-0.070791200346,0.089264891512
11.900000,3,-0.092560301248,-0.195916524877,-0.081083210705,0.089097577309
11.950000,0,-0.005559824669,-0.246331845470,-0.063498722316,0.095446109860
11.950000,1,-0.018466044337,-0.246140789046,-0.064171632968,0.095445465710
11.950000,2,0.047067567508,-0.202912710869,-0.068608273572,0.089181825132
11.950000,3,-0.083086855328,-0.197916400952,-0.078100539373,0.089140915731
12.000000,0,-0.005125676380,-0.246330759966,-0.063458034579,0.095448942471
12.000000,1,-0.015662799966,-0.246230680366,-0.063972372662,0.095445839681
12.000000,2,0.035352464845,-0.204143905010,-0.066363733063,0.089048786926
12.000000,3,-0.071006294718,-0.200484397839,-0.074244257411,0.089203959842
