0, 0, 2338, 4672, -1, -1, -1, -1
1, 0.00311754, 2338, 4672, -1, -1, -1, -1
2, 0.0200133, 3094, 16805, -1, -1, -1, -1
3, 0.689742, 5833, 31026, 1.17485e+10, 749904, 0, -1
7, 6.58472, 2991, 16616, 5340.73, 30.6212, -1, -1
6, 0.050241, 27632, 132592, 5340.73, 8.76294, -1, -1
7, 1.74247, 12172, 62570, 5340.73, 9.90967, -1, -1
8, 0.21476, 12172, 61127, 1444.55, 4.67478, -1, -1
9, 3.94099, 12172, 61127, 1444.55, 4.33752, -1, -1
6, 0.0221847, 14216, 70410, 1444.55, 4.32664, -1, -1
7, 1.21265, 12191, 61767, 1444.55, 4.27365, -1, -1
8, 0.135988, 12191, 61671, 1444.55, 4.17889, -1, -1
9, 4.33002, 12191, 61671, 1444.55, 4.12682, -1, -1
7, 0.677595, 11861, 60566, 1444.55, 4.13304, -1, -1
4, 18.9306, 11861, 60566, 1444.55, 4.13304, -1, -1
5, 0.0303609, 2477, 7322, 1444.55, 7.54154, -1, -1
-1, 19.6738, 2477, 7322, 1444.55, 7.54154, 0, 60
