slots,requirement_stride,inactive_stride,eligible,workload,median_ns,sample20_ns,max_ns
1000,1,0,1000,active_requirement_scan,16250,16833,17584
1000,1,0,1000,transactional_rebuild_64byte_rows,25292,97333,109375
1000,1,0,1000,published_table_scan,2041,2084,2167
1000,1,0,1000,reuse_unchanged_64byte_rows,40834,43166,44500
1000,1,0,1000,validated_associated_scan,19209,31958,80416
1000,1,0,1000,one_percent_churn_full_rebuild,25375,25625,25667
1000,1,0,1000,one_percent_churn_factory_reuse,137292,156833,168292
1000,10,0,100,active_requirement_scan,50917,62666,83625
1000,10,0,100,transactional_rebuild_64byte_rows,19209,39000,114708
1000,10,0,100,published_table_scan,125,125,208
1000,10,0,100,reuse_unchanged_64byte_rows,20458,20625,20708
1000,10,0,100,validated_associated_scan,2209,3083,53917
1000,10,0,100,one_percent_churn_full_rebuild,59750,114917,177834
1000,10,0,100,one_percent_churn_factory_reuse,20667,20833,20875
1000,1,2,500,active_requirement_scan,12417,59667,107292
1000,1,2,500,transactional_rebuild_64byte_rows,18292,18708,18750
1000,1,2,500,published_table_scan,583,625,625
1000,1,2,500,reuse_unchanged_64byte_rows,26167,26792,27250
1000,1,2,500,validated_associated_scan,13250,13417,13417
1000,1,2,500,one_percent_churn_full_rebuild,18334,18625,18625
1000,1,2,500,one_percent_churn_factory_reuse,26750,53833,76125
1000,10,2,50,active_requirement_scan,41166,41833,45750
1000,10,2,50,transactional_rebuild_64byte_rows,47167,72000,225833
1000,10,2,50,published_table_scan,83,84,166
1000,10,2,50,reuse_unchanged_64byte_rows,15292,20417,27333
1000,10,2,50,validated_associated_scan,958,1042,1042
1000,10,2,50,one_percent_churn_full_rebuild,14542,58334,113916
1000,10,2,50,one_percent_churn_factory_reuse,15125,47417,225709
10000,1,0,10000,active_requirement_scan,161166,161792,162291
10000,1,0,10000,transactional_rebuild_64byte_rows,246209,332875,355917
10000,1,0,10000,published_table_scan,18917,80459,89709
10000,1,0,10000,reuse_unchanged_64byte_rows,405916,458167,1118667
10000,1,0,10000,validated_associated_scan,188792,673291,727833
10000,1,0,10000,one_percent_churn_full_rebuild,248833,308542,380542
10000,1,0,10000,one_percent_churn_factory_reuse,412541,1518167,1549083
10000,10,0,1000,active_requirement_scan,156083,355958,1010792
10000,10,0,1000,transactional_rebuild_64byte_rows,172875,174083,191917
10000,10,0,1000,published_table_scan,1792,2000,75542
10000,10,0,1000,reuse_unchanged_64byte_rows,189250,191208,192042
10000,10,0,1000,validated_associated_scan,75166,84417,87334
10000,10,0,1000,one_percent_churn_full_rebuild,172375,619042,661041
10000,10,0,1000,one_percent_churn_factory_reuse,190875,203084,206667
10000,1,2,5000,active_requirement_scan,135833,213458,213500
10000,1,2,5000,transactional_rebuild_64byte_rows,170916,224667,348875
10000,1,2,5000,published_table_scan,10542,10708,10875
10000,1,2,5000,reuse_unchanged_64byte_rows,257166,999583,1135459
10000,1,2,5000,validated_associated_scan,134667,137459,203333
10000,1,2,5000,one_percent_churn_full_rebuild,177333,887333,963750
10000,1,2,5000,one_percent_churn_factory_reuse,257666,279166,403709
10000,10,2,500,active_requirement_scan,122875,123542,123542
10000,10,2,500,transactional_rebuild_64byte_rows,138084,138458,138667
10000,10,2,500,published_table_scan,2750,2917,2958
10000,10,2,500,reuse_unchanged_64byte_rows,137375,138709,235458
10000,10,2,500,validated_associated_scan,12792,13542,14042
10000,10,2,500,one_percent_churn_full_rebuild,130667,143584,165625
10000,10,2,500,one_percent_churn_factory_reuse,137833,139250,158292
100000,1,0,100000,active_requirement_scan,1737667,1823917,1888417
100000,1,0,100000,transactional_rebuild_64byte_rows,2829875,29798667,29923208
100000,1,0,100000,published_table_scan,434792,826250,931667
100000,1,0,100000,reuse_unchanged_64byte_rows,4916042,27614625,31244750
100000,1,0,100000,validated_associated_scan,2099250,7855958,10495458
100000,1,0,100000,one_percent_churn_full_rebuild,3055667,19070250,21261000
100000,1,0,100000,one_percent_churn_factory_reuse,4824541,7894333,35953791
100000,10,0,10000,active_requirement_scan,1765417,13311084,54258208
100000,10,0,10000,transactional_rebuild_64byte_rows,2400875,24208833,57464667
100000,10,0,10000,published_table_scan,21875,22375,22541
100000,10,0,10000,reuse_unchanged_64byte_rows,2559125,6970750,37482542
100000,10,0,10000,validated_associated_scan,1057750,9519375,21236125
100000,10,0,10000,one_percent_churn_full_rebuild,2224167,13578167,19875833
100000,10,0,10000,one_percent_churn_factory_reuse,2769916,12815458,20624375
100000,1,2,50000,active_requirement_scan,2136042,7899584,11611417
100000,1,2,50000,transactional_rebuild_64byte_rows,1803417,1875125,1878333
100000,1,2,50000,published_table_scan,173292,204667,229458
100000,1,2,50000,reuse_unchanged_64byte_rows,4284000,15914792,22498542
100000,1,2,50000,validated_associated_scan,3211959,18277166,26670875
100000,1,2,50000,one_percent_churn_full_rebuild,2726792,15368917,28879500
100000,1,2,50000,one_percent_churn_factory_reuse,2542875,2583417,2663291
100000,10,2,5000,active_requirement_scan,1361166,6339458,17062750
100000,10,2,5000,transactional_rebuild_64byte_rows,2352083,9686416,18847167
100000,10,2,5000,published_table_scan,11875,12875,13000
100000,10,2,5000,reuse_unchanged_64byte_rows,2855583,6908750,18931708
100000,10,2,5000,validated_associated_scan,163250,220042,235250
100000,10,2,5000,one_percent_churn_full_rebuild,3574292,11652584,22023417
100000,10,2,5000,one_percent_churn_factory_reuse,2778167,7158792,9333625
