precision,time_s,dt_s,maximum_vertex_motion_m,maximum_speed_m_s,unchanged_source_vertices
render_f32,2.75000000000000022e-1,1.00000000000000002e-3,1.46538937690283500e-3,1.46538937690283499e0,0
render_f32,2.75000000000000022e-1,1.00000000000000005e-4,1.46498516838708610e-4,1.46498516838708603e0,0
render_f32,2.75000000000000022e-1,1.00000000000000008e-5,1.46260210731143655e-5,1.46260210731143636e0,0
render_f32,2.75000000000000022e-1,9.99999999999999955e-7,1.43316715937387111e-6,1.43316715937387107e0,0
render_f32,2.75000000000000022e-1,9.99999999999999955e-8,3.79394801153958306e-7,3.79394801153958339e0,11
render_f32,2.75000000000000022e-1,1.00000000000000002e-8,0.00000000000000000e0,0.00000000000000000e0,3273
render_f32,2.75000000000000022e-1,1.00000000000000006e-9,0.00000000000000000e0,0.00000000000000000e0,3273
physical_f64,2.75000000000000022e-1,1.00000000000000002e-3,1.46540683801796214e-3,1.46540683801796212e0,0
physical_f64,2.75000000000000022e-1,1.00000000000000005e-4,1.46547928497696959e-4,1.46547928497696955e0,0
physical_f64,2.75000000000000022e-1,1.00000000000000008e-5,1.46548649301039290e-5,1.46548649301039280e0,0
physical_f64,2.75000000000000022e-1,9.99999999999999955e-7,1.46548721336906271e-6,1.46548721336906285e0,0
physical_f64,2.75000000000000022e-1,9.99999999999999955e-8,1.46548728537290221e-7,1.46548728537290218e0,0
physical_f64,2.75000000000000022e-1,1.00000000000000002e-8,1.46548730491619747e-8,1.46548730491619739e0,0
physical_f64,2.75000000000000022e-1,1.00000000000000006e-9,1.46548768048890229e-9,1.46548768048890210e0,0
