stage,physical_time_s,force_n,max_displacement_m,residual_n
loaded-sub-1,0.02500000,1.000000000000e-3,1.220976671824e-3,8.605820024206e-8
loaded-sub-2,0.05000000,1.000000000000e-3,1.225235793255e-3,9.816104047185e-8
loaded-sub-3,0.07500000,1.000000000000e-3,1.225322075984e-3,9.677662636543e-8
loaded,0.10000000,1.000000000000e-3,1.230585533756e-3,8.249718015771e-8
hold-1-sub-1,0.12500000,1.000000000000e-3,1.233524714032e-3,8.465896213929e-8
hold-1-sub-2,0.15000000,1.000000000000e-3,1.233636767738e-3,9.923484091020e-8
hold-1-sub-3,0.17500000,1.000000000000e-3,1.238328012094e-3,9.369633599219e-8
hold-1,0.20000000,1.000000000000e-3,1.238405770238e-3,8.118500802196e-8
hold-2-sub-1,0.22500000,1.000000000000e-3,1.241887144974e-3,9.803329590154e-8
hold-2-sub-2,0.25000000,1.000000000000e-3,1.241956136121e-3,9.256172123742e-8
hold-2-sub-3,0.27500000,1.000000000000e-3,1.242054799544e-3,9.745659193203e-8
hold-2,0.30000000,1.000000000000e-3,1.246982063815e-3,9.109426810611e-8
released-sub-1,0.32500000,0.000000000000e0,3.809216920017e-5,9.878734067309e-8
released-sub-2,0.35000000,0.000000000000e0,3.351499090926e-5,9.126754236807e-8
released-sub-3,0.37500000,0.000000000000e0,3.342427034125e-5,8.756504432421e-8
released,0.40000000,0.000000000000e0,2.923268513247e-5,8.641128389410e-8
recover-1-sub-1,0.42500000,0.000000000000e0,2.915927806464e-5,9.138185835269e-8
recover-1-sub-2,0.45000000,0.000000000000e0,2.515315170771e-5,9.481496873264e-8
recover-1-sub-3,0.47500000,0.000000000000e0,2.508445125800e-5,9.891833412010e-8
recover-1,0.50000000,0.000000000000e0,2.146358724444e-5,9.867743165136e-8
recover-2-sub-1,0.52500000,0.000000000000e0,2.140410150829e-5,9.564381809320e-8
recover-2-sub-2,0.55000000,0.000000000000e0,2.134308023127e-5,9.453696824164e-8
recover-2-sub-3,0.57500000,0.000000000000e0,1.800182030217e-5,9.536702895954e-8
recover-2,0.60000000,0.000000000000e0,1.796103252485e-5,9.473755914458e-8
