mode,closure,triangles,min_area_ratio,area_below_1_percent,normal_reversals,projected_reversals
baseline,0,3582,1,0,0,0
baseline,0.1,3582,0.7746911,0,0,12
baseline,0.2,3582,0.56362945,0,0,13
baseline,0.3,3582,0.36765707,0,0,18
baseline,0.4,3582,0.18735297,0,0,27
baseline,0.5,3582,0.028956821,0,0,34
baseline,0.6,3582,0.07070232,0,1,41
baseline,0.7,3582,0.055290796,0,3,53
baseline,0.8,3582,0.120650165,0,3,71
baseline,0.9,3582,0.018212577,0,5,121
baseline,1,3582,0.000024205992,123,191,277
contour,0,3582,1,0,0,0
contour,0.1,3582,0.6611321,0,0,12
contour,0.2,3582,0.3564304,0,0,13
contour,0.3,3582,0.07875725,0,1,17
contour,0.4,3582,0.17613295,0,5,26
contour,0.5,3582,0.20267628,0,11,33
contour,0.6,3582,0.15980928,0,23,35
contour,0.7,3582,0.08509474,0,31,42
contour,0.8,3582,0.07682568,0,48,55
contour,0.9,3582,0.047276035,0,62,74
contour,1,3582,0.03566452,0,85,104
