closure,a,b,c,x_m,y_m,z_m,normal_angle_degrees
0.5,51554,51565,51555,0.044520810,0.712782621,0.125850335,90.271
0.5,47687,47720,51564,0.044388596,0.712765932,0.126250401,118.361
0.5,51564,47720,51575,0.044402193,0.712616980,0.126122266,128.516
0.5,53243,48850,53255,-0.022485754,0.711980999,0.128812060,94.006
0.5,48809,54204,48842,-0.044386160,0.712817848,0.126281142,116.325
0.5,54204,54215,48842,-0.044397313,0.712677896,0.126156613,121.557
0.5,54204,54205,54215,-0.044411730,0.712765396,0.126172230,102.067
0.5,54205,54216,54215,-0.044414982,0.712643147,0.126098469,123.485
0.5,54206,54217,54216,-0.044436295,0.712600172,0.125975788,109.953
1,50654,50662,50663,0.021950385,0.711498559,0.127982140,90.780
1,50655,50663,50664,0.022036374,0.711604416,0.128341094,93.241
1,50656,50664,50665,0.022140570,0.711734951,0.128834113,96.202
1,50658,50666,50667,0.022358207,0.712002754,0.129772410,90.382
1,50665,50674,50666,0.022225365,0.711544991,0.128693461,97.653
1,50666,50675,50667,0.022337696,0.711655676,0.129267350,94.089
1,50667,50676,50668,0.022414409,0.711735010,0.129583865,96.284
1,50668,50677,47662,0.022490524,0.711808383,0.129891366,93.778
1,50671,50679,50680,0.021854049,0.710736573,0.127208427,95.997
1,50676,50684,50685,0.022358207,0.711001873,0.128381833,95.689
1,50676,50685,50677,0.022414409,0.711211860,0.128874719,107.749
1,50677,50685,50686,0.022450097,0.711052358,0.128759101,91.923
1,50677,50686,47695,0.022490524,0.711257637,0.129230842,104.838
1,47695,50686,47728,0.022495262,0.711072385,0.128982857,96.497
1,50678,50687,50679,0.021746382,0.710486710,0.127693877,98.690
1,50679,50688,50680,0.021823995,0.710508764,0.127544105,94.681
1,51531,51542,51532,0.044429660,0.713133156,0.127195343,92.853
1,51533,51543,51544,0.044584211,0.712651193,0.125998437,100.970
1,51533,51544,51534,0.044693101,0.712527931,0.125358701,94.230
1,51554,51565,51555,0.044520810,0.712105751,0.125798628,111.619
1,47687,47720,51564,0.044388596,0.711834013,0.126121178,123.493
1,51564,47720,51575,0.044402193,0.711653531,0.126004219,137.399
1,51594,51605,51595,0.045234140,0.710544169,0.124167271,100.686
1,51595,51606,51596,0.045235213,0.710543871,0.124169968,97.594
1,51596,51607,47754,0.045240540,0.710541546,0.124193721,97.551
1,53203,53215,53214,-0.022194376,0.711933792,0.129130602,94.870
1,53203,53204,53215,-0.022251047,0.712157905,0.129488528,90.912
1,53216,53228,53227,-0.022269472,0.711547554,0.128878191,96.616
1,53216,53217,53228,-0.022315793,0.711758316,0.129216179,99.606
1,53217,53229,53228,-0.022343690,0.711616516,0.129125550,97.733
1,53217,53218,53229,-0.022397565,0.711842835,0.129498020,98.310
1,53223,53235,53234,-0.021829451,0.710816801,0.127129480,122.747
1,53227,53228,53239,-0.022251047,0.711206734,0.128397003,90.753
1,53228,53240,53239,-0.022269472,0.711052001,0.128189445,100.997
1,53228,53229,53240,-0.022315793,0.711250961,0.128579989,106.522
1,53230,53242,53241,-0.022423543,0.711135387,0.128873393,107.653
1,53230,53231,53242,-0.022459224,0.711343825,0.129199266,104.240
1,53231,53243,53242,-0.022468926,0.711157620,0.129002020,106.633
1,53231,48817,53243,-0.022485754,0.711361110,0.129280925,104.505
1,48817,48850,53243,-0.022492876,0.711170018,0.129082248,105.173
1,53233,53234,53245,-0.021737235,0.710569680,0.127501383,104.258
1,53234,53235,53246,-0.021808945,0.710588276,0.127379537,102.468
1,53242,53243,53254,-0.022459224,0.710762978,0.128563285,92.676
1,53243,48850,53255,-0.022485754,0.710769832,0.128627613,103.845
1,54171,54172,54182,-0.044411730,0.713232934,0.127313748,93.522
1,54176,54187,54186,-0.044723216,0.712463081,0.125296250,92.456
1,54176,54177,54187,-0.044790763,0.712426841,0.125030816,94.899
1,54185,54196,54195,-0.044549108,0.712422669,0.125936016,101.396
1,54185,54186,54196,-0.044620972,0.712428629,0.125656307,98.641
1,54186,54197,54196,-0.044640947,0.712271988,0.125405535,92.578
1,54186,54187,54197,-0.044692069,0.712299883,0.125227213,100.719
1,54195,54196,54206,-0.044497211,0.712229431,0.125923097,99.047
1,48809,54204,48842,-0.044386160,0.711918831,0.126172587,122.936
1,54204,54215,48842,-0.044397313,0.711745083,0.126060590,135.252
1,54204,54205,54215,-0.044411730,0.711892366,0.126063108,105.809
1,54205,54216,54215,-0.044414982,0.711729467,0.125998676,134.445
1,54206,54217,54216,-0.044436295,0.711708546,0.125908747,107.953
1,54223,54234,54233,-0.045011017,0.710905075,0.123513885,129.513
1,54235,54236,54246,-0.045152724,0.710698545,0.124141552,94.962
1,54236,48876,54247,-0.045216754,0.710682333,0.124234729,105.581
