time_s,stretch,first_piola_x_pa,cauchy_x_pa,incremental_energy_j_m3
0.10000000,1.00200000,9.860939012303e1,9.880660890327e1,1.477961385915e-1
0.20000000,1.00400000,1.976394619130e2,1.984300197606e2,5.918143661378e-1
0.30000000,1.00600000,2.970930629385e2,2.988756213161e2,1.333005340639e0
0.40000000,1.00800000,3.969730700167e2,4.001488545768e2,2.372327700190e0
0.50000000,1.01000000,4.972823895974e2,5.022552134934e2,3.710748138269e0
0.60000000,1.01200000,5.980239581508e2,6.052002456486e2,5.349241480013e0
0.70000000,1.01400000,6.992007425576e2,7.089895529534e2,7.288790759414e0
0.80000000,1.01600000,8.008157405030e2,8.136287923511e2,9.530387297514e0
0.90000000,1.01800000,9.028719808733e2,9.191236765290e2,1.207503078155e1
1.00000000,1.02000000,1.005372524156e3,1.025479974639e3,1.492372934508e1
1.10000000,1.02200000,1.108320462842e3,1.132703513024e3,1.807749964911e1
1.20000000,1.02400000,1.211718921834e3,1.240800175958e3,2.153736696419e1
1.30000000,1.02600000,1.315571058855e3,1.349775906385e3,2.530436525353e1
1.40000000,1.02800000,1.419880064864e3,1.459636706680e3,2.937953725714e1
1.50000000,1.03000000,1.524649164469e3,1.570388639403e3,3.376393457696e1
1.60000000,1.03200000,1.629881616351e3,1.682037828075e3,3.845861776299e1
1.70000000,1.03400000,1.735580713689e3,1.794590457954e3,4.346465640056e1
1.80000000,1.03600000,1.841749784584e3,1.908052776829e3,4.878312919853e1
1.90000000,1.03800000,1.948392192494e3,2.022431095809e3,5.441512407858e1
2.00000000,1.04000000,2.055511336670e3,2.137731790137e3,6.036173826561e1
2.10000000,1.04200000,2.163110652594e3,2.253961300003e3,6.662407837913e1
2.20000000,1.04400000,2.271193612423e3,2.371126131370e3,7.320326052579e1
2.30000000,1.04600000,2.379763725438e3,2.489232856808e3,8.010041039297e1
2.40000000,1.04800000,2.488824538493e3,2.608288116341e3,8.731666334347e1
2.50000000,1.05000000,2.598379636477e3,2.728298618301e3,9.485316451132e1
2.60000000,1.05200000,2.708432642767e3,2.849271140191e3,1.027110688987e2
2.70000000,1.05400000,2.818987219698e3,2.971212529562e3,1.108915414741e2
2.80000000,1.05600000,2.930047069032e3,3.094129704898e3,1.193957572713e2
2.90000000,1.05800000,3.041615932427e3,3.218029656508e3,1.282249014897e2
3.00000000,1.06000000,3.153697591924e3,3.342919447439e3,1.373801695963e2
3.10000000,1.06200000,3.266295870419e3,3.468806214385e3,1.468627674277e2
3.20000000,1.06400000,3.379414632163e3,3.595697168622e3,1.566739112944e2
3.30000000,1.06600000,3.493057783245e3,3.723599596939e3,1.668148280857e2
3.40000000,1.06800000,3.607229272093e3,3.852520862595e3,1.772867553761e2
3.50000000,1.07000000,3.721933089978e3,3.982468406277e3,1.880909415325e2
3.60000000,1.07200000,3.837173271521e3,4.113449747070e3,1.992286458230e2
3.70000000,1.07400000,3.952953895202e3,4.245472483447e3,2.107011385272e2
3.80000000,1.07600000,4.069279083886e3,4.378544294261e3,2.225097010467e2
3.90000000,1.07800000,4.186153005337e3,4.512672939753e3,2.346556260184e2
4.00000000,1.08000000,4.303579872754e3,4.647866262575e3,2.471402174273e2
4.10000000,1.08200000,4.421563945303e3,4.784132188818e3,2.599647907225e2
4.20000000,1.08400000,4.540109528656e3,4.921478729063e3,2.731306729327e2
4.30000000,1.08600000,4.659220975537e3,5.059913979433e3,2.866392027845e2
4.40000000,1.08800000,4.778902686274e3,5.199446122666e3,3.004917308209e2
4.50000000,1.09000000,4.899159109355e3,5.340083429197e3,3.146896195220e2
4.60000000,1.09200000,5.019994741994e3,5.481834258257e3,3.292342434264e2
4.70000000,1.09400000,5.141414130697e3,5.624707058982e3,3.441269892544e2
4.80000000,1.09600000,5.263421871838e3,5.768710371534e3,3.593692560327e2
4.90000000,1.09800000,5.386022612242e3,5.913852828242e3,3.749624552197e2
5.00000000,1.10000000,5.509221049774e3,6.060143154751e3,3.909080108332e2
5.10000000,1.10200000,5.633021933928e3,6.207590171189e3,4.072073595789e2
5.20000000,1.10400000,5.757430066435e3,6.356202793345e3,4.238619509809e2
5.30000000,1.10600000,5.882450301866e3,6.505990033863e3,4.408732475128e2
5.40000000,1.10800000,6.008087548245e3,6.656961003456e3,4.582427247311e2
5.50000000,1.11000000,6.134346767677e3,6.809124912122e3,4.759718714098e2
5.60000000,1.11200000,6.261232976970e3,6.962491070391e3,4.940621896766e2
5.70000000,1.11400000,6.388751248271e3,7.117068890574e3,5.125151951502e2
5.80000000,1.11600000,6.516906709711e3,7.272867888037e3,5.313324170797e2
5.90000000,1.11800000,6.645704546052e3,7.429897682486e3,5.505153984854e2
6.00000000,1.12000000,6.775149999346e3,7.588167999267e3,5.700656963011e2
6.10000000,1.12200000,6.905248369598e3,7.747688670689e3,5.899848815178e2
6.20000000,1.12400000,7.036005015440e3,7.908469637354e3,6.102745393297e2
6.30000000,1.12600000,7.167425354809e3,8.070520949515e3,6.309362692807e2
6.40000000,1.12800000,7.299514865636e3,8.233852768437e3,6.519716854141e2
6.50000000,1.13000000,7.432279086541e3,8.398475367791e3,6.733824164222e2
6.60000000,1.13200000,7.565723617538e3,8.564399135054e3,6.951701057993e2
6.70000000,1.13400000,7.699854120747e3,8.731634572927e3,7.173364119948e2
6.80000000,1.13600000,7.834676321113e3,8.900192300784e3,7.398830085697e2
6.90000000,1.13800000,7.970196007134e3,9.070083056119e3,7.628115843532e2
7.00000000,1.14000000,8.106419031605e3,9.241317696030e3,7.861238436023e2
7.10000000,1.14200000,8.243351312355e3,9.413907198710e3,8.098215061628e2
7.20000000,1.14400000,8.380998833010e3,9.587862664964e3,8.339063076317e2
7.30000000,1.14600000,8.519367643753e3,9.763195319741e3,8.583799995219e2
7.40000000,1.14800000,8.658463862097e3,9.939916513687e3,8.832443494291e2
7.50000000,1.15000000,8.798293673670e3,1.011803772472e4,9.085011411993e2
7.60000000,1.15200000,8.938863333005e3,1.029757055962e4,9.341521750999e2
7.70000000,1.15400000,9.080179164345e3,1.047852675565e4,9.601992679911e2
7.80000000,1.15600000,9.222247562447e3,1.066091818219e4,9.866442535005e2
7.90000000,1.15800000,9.365074993411e3,1.084475684237e4,1.013488982199e3
8.00000000,1.16000000,9.508667995508e3,1.103005487479e4,1.040735321778e3
8.10000000,1.16200000,9.653033180017e3,1.121682455518e4,1.068385157232e3
8.20000000,1.16400000,9.798177232087e3,1.140507829815e4,1.096440391038e3
8.30000000,1.16600000,9.944106911585e3,1.159482865891e4,1.124902943339e3
8.40000000,1.16800000,1.009082905398e4,1.178608833505e4,1.153774752135e3
8.50000000,1.17000000,1.023835057123e4,1.197887016834e4,1.183057773466e3
8.60000000,1.17200000,1.038667845265e4,1.217318714651e4,1.212753981606e3
8.70000000,1.17400000,1.053581976586e4,1.236905240512e4,1.242865369253e3
8.80000000,1.17600000,1.068578165766e4,1.256647922941e4,1.273393947728e3
8.90000000,1.17800000,1.083657135498e4,1.276548105616e4,1.304341747166e3
9.00000000,1.18000000,1.098819616581e4,1.296607147566e4,1.335710816720e3
9.10000000,1.18200000,1.114066348018e4,1.316826423358e4,1.367503224764e3
9.20000000,1.18400000,1.129398077109e4,1.337207323297e4,1.399721059090e3
9.30000000,1.18600000,1.144815559547e4,1.357751253623e4,1.432366427122e3
9.40000000,1.18800000,1.160319559523e4,1.378459636714e4,1.465441456118e3
9.50000000,1.19000000,1.175910849822e4,1.399333911288e4,1.498948293387e3
9.60000000,1.19200000,1.191590211922e4,1.420375532611e4,1.532889106498e3
9.70000000,1.19400000,1.207358436103e4,1.441585972707e4,1.567266083498e3
9.80000000,1.19600000,1.223216321545e4,1.462966720568e4,1.602081433130e3
9.90000000,1.19800000,1.239164676437e4,1.484519282371e4,1.637337385052e3
10.00000000,1.20000000,1.255204318080e4,1.506245181697e4,1.673036190063e3
11.00000000,1.20000000,1.248937704741e4,1.498725245689e4,1.655803003379e3
12.00000000,1.20000000,1.242838199328e4,1.491405839193e4,1.639029363492e3
13.00000000,1.20000000,1.236900701898e4,1.484280842278e4,1.622701245562e3
14.00000000,1.20000000,1.231120270393e4,1.477344324472e4,1.606805058924e3
15.00000000,1.20000000,1.225492115741e4,1.470590538889e4,1.591327633629e3
16.00000000,1.20000000,1.220011597112e4,1.464013916535e4,1.576256207401e3
17.00000000,1.20000000,1.214674217330e4,1.457609060796e4,1.561578412999e3
18.00000000,1.20000000,1.209475618411e4,1.451370742093e4,1.547282265972e3
19.00000000,1.20000000,1.204411577254e4,1.445293892705e4,1.533356152790e3
20.00000000,1.20000000,1.199478001457e4,1.439373601748e4,1.519788819348e3
21.00000000,1.20000000,1.194670925266e4,1.433605110319e4,1.506569359822e3
22.00000000,1.20000000,1.189986505648e4,1.427983806777e4,1.493687205873e3
23.00000000,1.20000000,1.185421018489e4,1.422505222187e4,1.481132116187e3
24.00000000,1.20000000,1.180970854906e4,1.417165025887e4,1.468894166334e3
25.00000000,1.20000000,1.176632517675e4,1.411959021210e4,1.456963738947e3
26.00000000,1.20000000,1.172402617768e4,1.406883141322e4,1.445331514205e3
27.00000000,1.20000000,1.168277871005e4,1.401933445206e4,1.433988460605e3
28.00000000,1.20000000,1.164255094795e4,1.397106113754e4,1.422925826029e3
29.00000000,1.20000000,1.160331204996e4,1.392397445995e4,1.412135129080e3
30.00000000,1.20000000,1.156503212855e4,1.387803855426e4,1.401608150693e3
31.00000000,1.20000000,1.152768222058e4,1.383321866470e4,1.391336926002e3
32.00000000,1.20000000,1.149123425861e4,1.378948111033e4,1.381313736460e3
33.00000000,1.20000000,1.145566104313e4,1.374679325176e4,1.371531102203e3
34.00000000,1.20000000,1.142093621569e4,1.370512345882e4,1.361981774655e3
35.00000000,1.20000000,1.138703423277e4,1.366444107933e4,1.352658729355e3
36.00000000,1.20000000,1.135393034061e4,1.362471640874e4,1.343555159010e3
37.00000000,1.20000000,1.132160055064e4,1.358592066077e4,1.334664466769e3
38.00000000,1.20000000,1.129002161582e4,1.354802593898e4,1.325980259691e3
39.00000000,1.20000000,1.125917100761e4,1.351100520913e4,1.317496342433e3
40.00000000,1.20000000,1.122902689375e4,1.347483227250e4,1.309206711122e3
41.00000000,1.20000000,1.119956811664e4,1.343948173997e4,1.301105547419e3
42.00000000,1.20000000,1.117077417246e4,1.340492900696e4,1.293187212769e3
43.00000000,1.20000000,1.114262519087e4,1.337115022904e4,1.285446242830e3
44.00000000,1.20000000,1.111510191539e4,1.333812229847e4,1.277877342074e3
45.00000000,1.20000000,1.108818568439e4,1.330582282127e4,1.270475378549e3
46.00000000,1.20000000,1.106185841264e4,1.327423009517e4,1.263235378817e3
47.00000000,1.20000000,1.103610257344e4,1.324332308812e4,1.256152523036e3
48.00000000,1.20000000,1.101090118131e4,1.321308141757e4,1.249222140201e3
49.00000000,1.20000000,1.098623777523e4,1.318348533028e4,1.242439703530e3
50.00000000,1.20000000,1.096209640238e4,1.315451568286e4,1.235800825997e3
51.00000000,1.20000000,1.093846160238e4,1.312615392285e4,1.229301255996e3
52.00000000,1.20000000,1.091531839203e4,1.309838207043e4,1.222936873149e3
53.00000000,1.20000000,1.089265225052e4,1.307118270063e4,1.216703684235e3
54.00000000,1.20000000,1.087044910513e4,1.304453892616e4,1.210597819253e3
55.00000000,1.20000000,1.084869531730e4,1.301843438076e4,1.204615527599e3
56.00000000,1.20000000,1.082737766920e4,1.299285320304e4,1.198753174371e3
57.00000000,1.20000000,1.080648335067e4,1.296778002081e4,1.193007236777e3
58.00000000,1.20000000,1.078599994664e4,1.294319993597e4,1.187374300667e3
59.00000000,1.20000000,1.076591542480e4,1.291909850977e4,1.181851057163e3
60.00000000,1.20000000,1.074621812384e4,1.289546174860e4,1.176434299396e3
61.00000000,1.20000000,1.072689674184e4,1.287227609021e4,1.171120919349e3
62.00000000,1.20000000,1.070794032526e4,1.284952839031e4,1.165907904788e3
63.00000000,1.20000000,1.068933825802e4,1.282720590963e4,1.160792336298e3
64.00000000,1.20000000,1.067108025115e4,1.280529630138e4,1.155771384407e3
65.00000000,1.20000000,1.065315633257e4,1.278378759908e4,1.150842306798e3
66.00000000,1.20000000,1.063555683733e4,1.276266820479e4,1.146002445606e3
67.00000000,1.20000000,1.061827239805e4,1.274192687766e4,1.141249224806e3
68.00000000,1.20000000,1.060129393575e4,1.272155272290e4,1.136580147674e3
69.00000000,1.20000000,1.058461265087e4,1.270153518104e4,1.131992794330e3
70.00000000,1.20000000,1.056822001461e4,1.268186401753e4,1.127484819359e3
71.00000000,1.20000000,1.055210776058e4,1.266252931270e4,1.123053949502e3
72.00000000,1.20000000,1.053626787666e4,1.264352145199e4,1.118697981423e3
73.00000000,1.20000000,1.052069259708e4,1.262483111649e4,1.114414779538e3
74.00000000,1.20000000,1.050537439484e4,1.260644927381e4,1.110202273922e3
75.00000000,1.20000000,1.049030597429e4,1.258836716914e4,1.106058458270e3
76.00000000,1.20000000,1.047548026395e4,1.257057631675e4,1.101981387929e3
77.00000000,1.20000000,1.046089040962e4,1.255306849154e4,1.097969177986e3
78.00000000,1.20000000,1.044652976756e4,1.253583572107e4,1.094020001420e3
79.00000000,1.20000000,1.043239189805e4,1.251887027766e4,1.090132087305e3
80.00000000,1.20000000,1.041847055904e4,1.250216467085e4,1.086303719078e3
81.00000000,1.20000000,1.040475970002e4,1.248571164002e4,1.082533232847e3
82.00000000,1.20000000,1.039125345610e4,1.246950414732e4,1.078819015770e3
83.00000000,1.20000000,1.037794614226e4,1.245353537071e4,1.075159504463e3
84.00000000,1.20000000,1.036483224776e4,1.243779869731e4,1.071553183476e3
85.00000000,1.20000000,1.035190643077e4,1.242228771693e4,1.067998583805e3
86.00000000,1.20000000,1.033916351313e4,1.240699621576e4,1.064494281454e3
87.00000000,1.20000000,1.032659847527e4,1.239191817033e4,1.061038896042e3
88.00000000,1.20000000,1.031420645130e4,1.237704774157e4,1.057631089450e3
89.00000000,1.20000000,1.030198272427e4,1.236237926913e4,1.054269564517e3
90.00000000,1.20000000,1.028992272154e4,1.234790726585e4,1.050953063766e3
91.00000000,1.20000000,1.027802201031e4,1.233362641238e4,1.047680368178e3
92.00000000,1.20000000,1.026627629331e4,1.231953155197e4,1.044450296002e3
93.00000000,1.20000000,1.025468140457e4,1.230561768549e4,1.041261701599e3
94.00000000,1.20000000,1.024323330540e4,1.229187996648e4,1.038113474326e3
95.00000000,1.20000000,1.023192808040e4,1.227831369647e4,1.035004537450e3
96.00000000,1.20000000,1.022076193367e4,1.226491432041e4,1.031933847102e3
97.00000000,1.20000000,1.020973118514e4,1.225167742217e4,1.028900391255e3
98.00000000,1.20000000,1.019883226691e4,1.223859872029e4,1.025903188742e3
99.00000000,1.20000000,1.018806171984e4,1.222567406381e4,1.022941288297e3
100.00000000,1.20000000,1.017741619016e4,1.221289942819e4,1.020013767635e3
101.00000000,1.20000000,1.016689242621e4,1.220027091146e4,1.017119732550e3
102.00000000,1.20000000,1.015648727529e4,1.218778473035e4,1.014258316048e3
103.00000000,1.20000000,1.014619768059e4,1.217543721670e4,1.011428677503e3
104.00000000,1.20000000,1.013602067819e4,1.216322481383e4,1.008630001844e3
105.00000000,1.20000000,1.012595339426e4,1.215114407311e4,1.005861498764e3
106.00000000,1.20000000,1.011599304221e4,1.213919165065e4,1.003122401949e3
107.00000000,1.20000000,1.010613692000e4,1.212736430400e4,1.000411968341e3
108.00000000,1.20000000,1.009638240755e4,1.211565888906e4,9.977294774171e2
109.00000000,1.20000000,1.008672696418e4,1.210407235701e4,9.950742304898e2
110.00000000,1.20000000,1.007716812616e4,1.209260175139e4,9.924455500346e2
111.00000000,1.20000000,1.006770350433e4,1.208124420520e4,9.898427790334e2
112.00000000,1.20000000,1.005833078182e4,1.206999693818e4,9.872652803412e2
113.00000000,1.20000000,1.004904771174e4,1.205885725409e4,9.847124360710e2
114.00000000,1.20000000,1.003985211511e4,1.204782253814e4,9.821836469981e2
115.00000000,1.20000000,1.003074187870e4,1.203689025444e4,9.796783319832e2
116.00000000,1.20000000,1.002171495299e4,1.202605794358e4,9.771959274131e2
117.00000000,1.20000000,1.001276935024e4,1.201532322029e4,9.747358866585e2
118.00000000,1.20000000,1.000390314257e4,1.200468377109e4,9.722976795493e2
119.00000000,1.20000000,9.995114460086e3,1.199413735210e4,9.698807918654e2
120.00000000,1.20000000,9.986401489099e3,1.198368178692e4,9.674847248438e2
121.00000000,1.20000000,9.977762470396e3,1.197331496448e4,9.651089947007e2
122.00000000,1.20000000,9.969195697552e3,1.196303483706e4,9.627531321685e2
123.00000000,1.20000000,9.960699515294e3,1.195283941835e4,9.604166820475e2
124.00000000,1.20000000,9.952272317923e3,1.194272678151e4,9.580992027706e2
125.00000000,1.20000000,9.943912547785e3,1.193269505734e4,9.558002659825e2
126.00000000,1.20000000,9.935618693781e3,1.192274243254e4,9.535194561314e2
127.00000000,1.20000000,9.927389289933e3,1.191286714792e4,9.512563700732e2
128.00000000,1.20000000,9.919222913989e3,1.190306749679e4,9.490106166886e2
129.00000000,1.20000000,9.911118186072e3,1.189334182329e4,9.467818165115e2
130.00000000,1.20000000,9.903073767372e3,1.188368852085e4,9.445696013690e2
131.00000000,1.20000000,9.895088358878e3,1.187410603065e4,9.423736140330e2
132.00000000,1.20000000,9.887160700146e3,1.186459284017e4,9.401935078817e2
133.00000000,1.20000000,9.879289568113e3,1.185514748174e4,9.380289465728e2
134.00000000,1.20000000,9.871473775942e3,1.184576853113e4,9.358796037258e2
135.00000000,1.20000000,9.863712171901e3,1.183645460628e4,9.337451626145e2
136.00000000,1.20000000,9.856003638282e3,1.182720436594e4,9.316253158692e2
137.00000000,1.20000000,9.848347090350e3,1.181801650842e4,9.295197651880e2
138.00000000,1.20000000,9.840741475328e3,1.180888977039e4,9.274282210570e2
139.00000000,1.20000000,9.833185771408e3,1.179982292569e4,9.253504024789e2
140.00000000,1.20000000,9.825678986798e3,1.179081478416e4,9.232860367110e2
141.00000000,1.20000000,9.818220158794e3,1.178186419055e4,9.212348590100e2
142.00000000,1.20000000,9.810808352887e3,1.177297002346e4,9.191966123855e2
143.00000000,1.20000000,9.803442661890e3,1.176413119427e4,9.171710473613e2
144.00000000,1.20000000,9.796122205097e3,1.175534664612e4,9.151579217433e2
145.00000000,1.20000000,9.788846127468e3,1.174661535296e4,9.131570003953e2
146.00000000,1.20000000,9.781613598837e3,1.173793631860e4,9.111680550218e2
147.00000000,1.20000000,9.774423813145e3,1.172930857577e4,9.091908639565e2
148.00000000,1.20000000,9.767275987700e3,1.172073118524e4,9.072252119591e2
149.00000000,1.20000000,9.760169362454e3,1.171220323494e4,9.052708900164e2
150.00000000,1.20000000,9.753103199308e3,1.170372383917e4,9.033276951512e2
151.00000000,1.20000000,9.746076781436e3,1.169529213772e4,9.013954302365e2
152.00000000,1.20000000,9.739089412630e3,1.168690729516e4,8.994739038148e2
153.00000000,1.20000000,9.732140416665e3,1.167856850000e4,8.975629299246e2
154.00000000,1.20000000,9.725229136686e3,1.167027496402e4,8.956623279304e2
155.00000000,1.20000000,9.718354934610e3,1.166202592153e4,8.937719223593e2
156.00000000,1.20000000,9.711517190549e3,1.165382062866e4,8.918915427426e2
157.00000000,1.20000000,9.704715302252e3,1.164565836270e4,8.900210234610e2
158.00000000,1.20000000,9.697948684563e3,1.163753842148e4,8.881602035966e2
159.00000000,1.20000000,9.691216768895e3,1.162946012267e4,8.863089267876e2
160.00000000,1.20000000,9.684519002717e3,1.162142280326e4,8.844670410890e2
161.00000000,1.20000000,9.677854849071e3,1.161342581889e4,8.826343988361e2
162.00000000,1.20000000,9.671223786082e3,1.160546854330e4,8.808108565142e2
163.00000000,1.20000000,9.664625306504e3,1.159755036780e4,8.789962746302e2
164.00000000,1.20000000,9.658058917266e3,1.158967070072e4,8.771905175898e2
165.00000000,1.20000000,9.651524139039e3,1.158182896685e4,8.753934535774e2
166.00000000,1.20000000,9.645020505815e3,1.157402460698e4,8.736049544408e2
167.00000000,1.20000000,9.638547564497e3,1.156625707740e4,8.718248955784e2
168.00000000,1.20000000,9.632104874505e3,1.155852584941e4,8.700531558306e2
169.00000000,1.20000000,9.625692007392e3,1.155083040887e4,8.682896173744e2
170.00000000,1.20000000,9.619308546470e3,1.154317025576e4,8.665341656208e2
171.00000000,1.20000000,9.612954086454e3,1.153554490374e4,8.647866891164e2
172.00000000,1.20000000,9.606628233110e3,1.152795387973e4,8.630470794470e2
173.00000000,1.20000000,9.600330602919e3,1.152039672350e4,8.613152311445e2
174.00000000,1.20000000,9.594060822748e3,1.151287298730e4,8.595910415974e2
175.00000000,1.20000000,9.587818529531e3,1.150538223544e4,8.578744109627e2
176.00000000,1.20000000,9.581603369965e3,1.149792404396e4,8.561652420820e2
177.00000000,1.20000000,9.575415000208e3,1.149049800025e4,8.544634403989e2
178.00000000,1.20000000,9.569253085594e3,1.148310370271e4,8.527689138800e2
179.00000000,1.20000000,9.563117300349e3,1.147574076042e4,8.510815729377e2
180.00000000,1.20000000,9.557007327323e3,1.146840879279e4,8.494013303555e2
181.00000000,1.20000000,9.550922857724e3,1.146110742927e4,8.477281012158e2
182.00000000,1.20000000,9.544863590867e3,1.145383630904e4,8.460618028300e2
183.00000000,1.20000000,9.538829233922e3,1.144659508071e4,8.444023546703e2
184.00000000,1.20000000,9.532819501682e3,1.143938340202e4,8.427496783041e2
185.00000000,1.20000000,9.526834116321e3,1.143220093959e4,8.411036973300e2
186.00000000,1.20000000,9.520872807181e3,1.142504736862e4,8.394643373165e2
187.00000000,1.20000000,9.514935310545e3,1.141792237265e4,8.378315257416e2
188.00000000,1.20000000,9.509021369431e3,1.141082564332e4,8.362051919351e2
189.00000000,1.20000000,9.503130733383e3,1.140375688006e4,8.345852670221e2
190.00000000,1.20000000,9.497263158281e3,1.139671578994e4,8.329716838689e2
191.00000000,1.20000000,9.491418406139e3,1.138970208737e4,8.313643770298e2
192.00000000,1.20000000,9.485596244926e3,1.138271549391e4,8.297632826964e2
193.00000000,1.20000000,9.479796448384e3,1.137575573806e4,8.281683386474e2
194.00000000,1.20000000,9.474018795852e3,1.136882255502e4,8.265794842010e2
195.00000000,1.20000000,9.468263072097e3,1.136191568652e4,8.249966601684e2
196.00000000,1.20000000,9.462529067151e3,1.135503488058e4,8.234198088082e2
197.00000000,1.20000000,9.456816576151e3,1.134817989138e4,8.218488737832e2
198.00000000,1.20000000,9.451125399185e3,1.134135047902e4,8.202838001176e2
199.00000000,1.20000000,9.445455341144e3,1.133454640937e4,8.187245341564e2
200.00000000,1.20000000,9.439806211576e3,1.132776745389e4,8.171710235250e2
201.00000000,1.20000000,9.434177824544e3,1.132101338945e4,8.156232170913e2
202.00000000,1.20000000,9.428569998495e3,1.131428399819e4,8.140810649277e2
203.00000000,1.20000000,9.422982556122e3,1.130757906735e4,8.125445182753e2
204.00000000,1.20000000,9.417415324244e3,1.130089838909e4,8.110135295088e2
205.00000000,1.20000000,9.411868133675e3,1.129424176041e4,8.094880521022e2
206.00000000,1.20000000,9.406340819107e3,1.128760898293e4,8.079680405961e2
207.00000000,1.20000000,9.400833218996e3,1.128099986279e4,8.064534505655e2
208.00000000,1.20000000,9.395345175446e3,1.127441421053e4,8.049442385892e2
209.00000000,1.20000000,9.389876534102e3,1.126785184092e4,8.034403622196e2
210.00000000,1.20000000,9.384427144043e3,1.126131257285e4,8.019417799534e2
211.00000000,1.20000000,9.378996857681e3,1.125479622922e4,8.004484512040e2
212.00000000,1.20000000,9.373585530662e3,1.124830263679e4,7.989603362737e2
213.00000000,1.20000000,9.368193021765e3,1.124183162612e4,7.974773963272e2
214.00000000,1.20000000,9.362819192817e3,1.123538303138e4,7.959995933664e2
215.00000000,1.20000000,9.357463908595e3,1.122895669031e4,7.945268902052e2
216.00000000,1.20000000,9.352127036741e3,1.122255244409e4,7.930592504456e2
217.00000000,1.20000000,9.346808447682e3,1.121617013722e4,7.915966384541e2
218.00000000,1.20000000,9.341508014537e3,1.120980961744e4,7.901390193394e2
219.00000000,1.20000000,9.336225613050e3,1.120347073566e4,7.886863589303e2
220.00000000,1.20000000,9.330961121501e3,1.119715334580e4,7.872386237545e2
221.00000000,1.20000000,9.325714420640e3,1.119085730477e4,7.857957810178e2
222.00000000,1.20000000,9.320485393610e3,1.118458247233e4,7.843577985845e2
223.00000000,1.20000000,9.315273925877e3,1.117832871105e4,7.829246449580e2
224.00000000,1.20000000,9.310079905164e3,1.117209588620e4,7.814962892616e2
225.00000000,1.20000000,9.304903221380e3,1.116588386566e4,7.800727012211e2
226.00000000,1.20000000,9.299743766563e3,1.115969251988e4,7.786538511465e2
227.00000000,1.20000000,9.294601434813e3,1.115352172178e4,7.772397099153e2
228.00000000,1.20000000,9.289476122233e3,1.114737134668e4,7.758302489559e2
229.00000000,1.20000000,9.284367726872e3,1.114124127225e4,7.744254402314e2
230.00000000,1.20000000,9.279276148664e3,1.113513137840e4,7.730252562244e2
231.00000000,1.20000000,9.274201289382e3,1.112904154726e4,7.716296699217e2
232.00000000,1.20000000,9.269143052575e3,1.112297166309e4,7.702386547997e2
233.00000000,1.20000000,9.264101343523e3,1.111692161223e4,7.688521848105e2
234.00000000,1.20000000,9.259076069186e3,1.111089128302e4,7.674702343678e2
235.00000000,1.20000000,9.254067138154e3,1.110488056578e4,7.660927783339e2
236.00000000,1.20000000,9.249074460601e3,1.109888935272e4,7.647197920070e2
237.00000000,1.20000000,9.244097948241e3,1.109291753789e4,7.633512511080e2
238.00000000,1.20000000,9.239137514283e3,1.108696501714e4,7.619871317694e2
239.00000000,1.20000000,9.234193073385e3,1.108103168806e4,7.606274105227e2
240.00000000,1.20000000,9.229264541621e3,1.107511744995e4,7.592720642874e2
241.00000000,1.20000000,9.224351836431e3,1.106922220372e4,7.579210703603e2
242.00000000,1.20000000,9.219454876591e3,1.106334585191e4,7.565744064041e2
243.00000000,1.20000000,9.214573582167e3,1.105748829860e4,7.552320504377e2
244.00000000,1.20000000,9.209707874488e3,1.105164944939e4,7.538939808259e2
245.00000000,1.20000000,9.204857676102e3,1.104582921132e4,7.525601762696e2
246.00000000,1.20000000,9.200022910745e3,1.104002749289e4,7.512306157966e2
247.00000000,1.20000000,9.195203503311e3,1.103424420397e4,7.499052787522e2
248.00000000,1.20000000,9.190399379815e3,1.102847925578e4,7.485841447907e2
249.00000000,1.20000000,9.185610467363e3,1.102273256084e4,7.472671938665e2
250.00000000,1.20000000,9.180836694124e3,1.101700403295e4,7.459544062257e2
251.00000000,1.20000000,9.176077989298e3,1.101129358716e4,7.446457623985e2
252.00000000,1.20000000,9.171334283088e3,1.100560113971e4,7.433412431910e2
253.00000000,1.20000000,9.166605506676e3,1.099992660801e4,7.420408296776e2
254.00000000,1.20000000,9.161891592191e3,1.099426991063e4,7.407445031941e2
255.00000000,1.20000000,9.157192472685e3,1.098863096722e4,7.394522453300e2
256.00000000,1.20000000,9.152508082110e3,1.098300969853e4,7.381640379218e2
257.00000000,1.20000000,9.147838355291e3,1.097740602635e4,7.368798630466e2
258.00000000,1.20000000,9.143183227904e3,1.097181987348e4,7.355997030152e2
259.00000000,1.20000000,9.138542636453e3,1.096625116374e4,7.343235403661e2
260.00000000,1.20000000,9.133916518246e3,1.096069982189e4,7.330513578592e2
261.00000000,1.20000000,9.129304811376e3,1.095516577365e4,7.317831384700e2
262.00000000,1.20000000,9.124707454699e3,1.094964894564e4,7.305188653839e2
263.00000000,1.20000000,9.120124387814e3,1.094414926538e4,7.292585219905e2
264.00000000,1.20000000,9.115555551043e3,1.093866666125e4,7.280020918784e2
265.00000000,1.20000000,9.111000885412e3,1.093320106249e4,7.267495588298e2
266.00000000,1.20000000,9.106460332633e3,1.092775239916e4,7.255009068156e2
267.00000000,1.20000000,9.101933835086e3,1.092232060210e4,7.242561199904e2
268.00000000,1.20000000,9.097421335804e3,1.091690560296e4,7.230151826877e2
269.00000000,1.20000000,9.092922778449e3,1.091150733414e4,7.217780794152e2
270.00000000,1.20000000,9.088438107306e3,1.090612572877e4,7.205447948509e2
271.00000000,1.20000000,9.083967267259e3,1.090076072071e4,7.193153138379e2
272.00000000,1.20000000,9.079510203778e3,1.089541224453e4,7.180896213807e2
273.00000000,1.20000000,9.075066862908e3,1.089008023549e4,7.168677026413e2
274.00000000,1.20000000,9.070637191247e3,1.088476462950e4,7.156495429346e2
275.00000000,1.20000000,9.066221135940e3,1.087946536313e4,7.144351277252e2
276.00000000,1.20000000,9.061818644661e3,1.087418237359e4,7.132244426234e2
277.00000000,1.20000000,9.057429665600e3,1.086891559872e4,7.120174733816e2
278.00000000,1.20000000,9.053054147451e3,1.086366497694e4,7.108142058907e2
279.00000000,1.20000000,9.048692039401e3,1.085843044728e4,7.096146261770e2
280.00000000,1.20000000,9.044343291116e3,1.085321194934e4,7.084187203986e2
281.00000000,1.20000000,9.040007852731e3,1.084800942328e4,7.072264748426e2
282.00000000,1.20000000,9.035685674836e3,1.084282280980e4,7.060378759214e2
283.00000000,1.20000000,9.031376708468e3,1.083765205016e4,7.048529101704e2
284.00000000,1.20000000,9.027080905101e3,1.083249708612e4,7.036715642446e2
285.00000000,1.20000000,9.022798216633e3,1.082735785996e4,7.024938249157e2
286.00000000,1.20000000,9.018528595376e3,1.082223431445e4,7.013196790701e2
287.00000000,1.20000000,9.014271994049e3,1.081712639286e4,7.001491137052e2
288.00000000,1.20000000,9.010028365767e3,1.081203403892e4,6.989821159277e2
289.00000000,1.20000000,9.005797664032e3,1.080695719684e4,6.978186729506e2
290.00000000,1.20000000,9.001579842725e3,1.080189581127e4,6.966587720910e2
291.00000000,1.20000000,8.997374856095e3,1.079684982731e4,6.955024007677e2
292.00000000,1.20000000,8.993182658753e3,1.079181919050e4,6.943495464987e2
293.00000000,1.20000000,8.989003205665e3,1.078680384680e4,6.932001968995e2
294.00000000,1.20000000,8.984836452141e3,1.078180374257e4,6.920543396805e2
295.00000000,1.20000000,8.980682353830e3,1.077681882460e4,6.909119626449e2
296.00000000,1.20000000,8.976540866711e3,1.077184904005e4,6.897730536871e2
297.00000000,1.20000000,8.972411947086e3,1.076689433650e4,6.886376007902e2
298.00000000,1.20000000,8.968295551575e3,1.076195466189e4,6.875055920247e2
299.00000000,1.20000000,8.964191637107e3,1.075702996453e4,6.863770155460e2
300.00000000,1.20000000,8.960100160914e3,1.075212019310e4,6.852518595931e2
301.00000000,1.20000000,8.956021080528e3,1.074722529663e4,6.841301124868e2
302.00000000,1.20000000,8.951954353767e3,1.074234522452e4,6.830117626277e2
303.00000000,1.20000000,8.947899938739e3,1.073747992649e4,6.818967984948e2
304.00000000,1.20000000,8.943857793827e3,1.073262935259e4,6.807852086440e2
305.00000000,1.20000000,8.939827877690e3,1.072779345323e4,6.796769817064e2
306.00000000,1.20000000,8.935810149255e3,1.072297217911e4,6.785721063867e2
307.00000000,1.20000000,8.931804567711e3,1.071816548125e4,6.774705714622e2
308.00000000,1.20000000,8.927811092506e3,1.071337331101e4,6.763723657807e2
309.00000000,1.20000000,8.923829683339e3,1.070859562001e4,6.752774782598e2
310.00000000,1.20000000,8.919860300158e3,1.070383236019e4,6.741858978852e2
311.00000000,1.20000000,8.915902903155e3,1.069908348379e4,6.730976137094e2
312.00000000,1.20000000,8.911957452760e3,1.069434894331e4,6.720126148507e2
313.00000000,1.20000000,8.908023909636e3,1.068962869156e4,6.709308904915e2
314.00000000,1.20000000,8.904102234677e3,1.068492268161e4,6.698524298779e2
315.00000000,1.20000000,8.900192389004e3,1.068023086681e4,6.687772223178e2
316.00000000,1.20000000,8.896294333958e3,1.067555320075e4,6.677052571801e2
317.00000000,1.20000000,8.892408031098e3,1.067088963732e4,6.666365238936e2
318.00000000,1.20000000,8.888533442198e3,1.066624013064e4,6.655710119460e2
319.00000000,1.20000000,8.884670529241e3,1.066160463509e4,6.645087108828e2
320.00000000,1.20000000,8.880819254417e3,1.065698310530e4,6.634496103064e2
321.00000000,1.20000000,8.876979580121e3,1.065237549614e4,6.623936998748e2
322.00000000,1.20000000,8.873151468944e3,1.064778176273e4,6.613409693013e2
323.00000000,1.20000000,8.869334883678e3,1.064320186041e4,6.602914083530e2
324.00000000,1.20000000,8.865529787304e3,1.063863574476e4,6.592450068502e2
325.00000000,1.20000000,8.861736142996e3,1.063408337160e4,6.582017546655e2
326.00000000,1.20000000,8.857953914114e3,1.062954469694e4,6.571616417230e2
327.00000000,1.20000000,8.854183064202e3,1.062501967704e4,6.561246579972e2
328.00000000,1.20000000,8.850423556986e3,1.062050826838e4,6.550907935127e2
329.00000000,1.20000000,8.846675356369e3,1.061601042764e4,6.540600383432e2
330.00000000,1.20000000,8.842938426432e3,1.061152611172e4,6.530323826106e2
331.00000000,1.20000000,8.839212731428e3,1.060705527771e4,6.520078164844e2
332.00000000,1.20000000,8.835498235780e3,1.060259788294e4,6.509863301811e2
333.00000000,1.20000000,8.831794904079e3,1.059815388490e4,6.499679139635e2
334.00000000,1.20000000,8.828102701084e3,1.059372324130e4,6.489525581399e2
335.00000000,1.20000000,8.824421591715e3,1.058930591006e4,6.479402530634e2
336.00000000,1.20000000,8.820751541054e3,1.058490184926e4,6.469309891315e2
337.00000000,1.20000000,8.817092514341e3,1.058051101721e4,6.459247567855e2
338.00000000,1.20000000,8.813444476974e3,1.057613337237e4,6.449215465096e2
339.00000000,1.20000000,8.809807394505e3,1.057176887341e4,6.439213488305e2
340.00000000,1.20000000,8.806181232638e3,1.056741747917e4,6.429241543170e2
341.00000000,1.20000000,8.802565957227e3,1.056307914867e4,6.419299535792e2
342.00000000,1.20000000,8.798961534278e3,1.055875384113e4,6.409387372680e2
343.00000000,1.20000000,8.795367929939e3,1.055444151593e4,6.399504960749e2
344.00000000,1.20000000,8.791785110506e3,1.055014213261e4,6.389652207308e2
345.00000000,1.20000000,8.788213042417e3,1.054585565090e4,6.379829020064e2
346.00000000,1.20000000,8.784651692252e3,1.054158203070e4,6.370035307110e2
347.00000000,1.20000000,8.781101026730e3,1.053732123208e4,6.360270976924e2
348.00000000,1.20000000,8.777561012707e3,1.053307321525e4,6.350535938362e2
349.00000000,1.20000000,8.774031617179e3,1.052883794061e4,6.340830100658e2
350.00000000,1.20000000,8.770512807272e3,1.052461536873e4,6.331153373414e2
351.00000000,1.20000000,8.767004550249e3,1.052040546030e4,6.321505666600e2
352.00000000,1.20000000,8.763506813502e3,1.051620817620e4,6.311886890548e2
353.00000000,1.20000000,8.760019564557e3,1.051202347747e4,6.302296955949e2
354.00000000,1.20000000,8.756542771066e3,1.050785132528e4,6.292735773848e2
355.00000000,1.20000000,8.753076400809e3,1.050369168097e4,6.283203255641e2
356.00000000,1.20000000,8.749620421693e3,1.049954450603e4,6.273699313072e2
357.00000000,1.20000000,8.746174801749e3,1.049540976210e4,6.264223858227e2
358.00000000,1.20000000,8.742739509134e3,1.049128741096e4,6.254776803534e2
359.00000000,1.20000000,8.739314512123e3,1.048717741455e4,6.245358061756e2
360.00000000,1.20000000,8.735899779118e3,1.048307973494e4,6.235967545990e2
361.00000000,1.20000000,8.732495278635e3,1.047899433436e4,6.226605169663e2
362.00000000,1.20000000,8.729100979314e3,1.047492117518e4,6.217270846530e2
363.00000000,1.20000000,8.725716849910e3,1.047086021989e4,6.207964490668e2
364.00000000,1.20000000,8.722342859294e3,1.046681143115e4,6.198686016476e2
365.00000000,1.20000000,8.718978976456e3,1.046277477175e4,6.189435338671e2
366.00000000,1.20000000,8.715625170497e3,1.045875020460e4,6.180212372284e2
367.00000000,1.20000000,8.712281410634e3,1.045473769276e4,6.171017032659e2
368.00000000,1.20000000,8.708947666194e3,1.045073719943e4,6.161849235449e2
369.00000000,1.20000000,8.705623906618e3,1.044674868794e4,6.152708896615e2
370.00000000,1.20000000,8.702310101456e3,1.044277212175e4,6.143595932421e2
371.00000000,1.20000000,8.699006220370e3,1.043880746444e4,6.134510259433e2
372.00000000,1.20000000,8.695712233127e3,1.043485467975e4,6.125451794515e2
373.00000000,1.20000000,8.692428109605e3,1.043091373153e4,6.116420454830e2
374.00000000,1.20000000,8.689153819788e3,1.042698458375e4,6.107416157834e2
375.00000000,1.20000000,8.685889333766e3,1.042306720052e4,6.098438821274e2
376.00000000,1.20000000,8.682634621736e3,1.041916154608e4,6.089488363189e2
377.00000000,1.20000000,8.679389653995e3,1.041526758479e4,6.080564701904e2
378.00000000,1.20000000,8.676154400950e3,1.041138528114e4,6.071667756029e2
379.00000000,1.20000000,8.672928833106e3,1.040751459973e4,6.062797444458e2
380.00000000,1.20000000,8.669712921073e3,1.040365550529e4,6.053953686366e2
381.00000000,1.20000000,8.666506635560e3,1.039980796267e4,6.045136401208e2
382.00000000,1.20000000,8.663309947381e3,1.039597193686e4,6.036345508713e2
383.00000000,1.20000000,8.660122827444e3,1.039214739293e4,6.027580928889e2
384.00000000,1.20000000,8.656945246763e3,1.038833429612e4,6.018842582014e2
385.00000000,1.20000000,8.653777176445e3,1.038453261173e4,6.010130388639e2
386.00000000,1.20000000,8.650618587698e3,1.038074230524e4,6.001444269585e2
387.00000000,1.20000000,8.647469451826e3,1.037696334219e4,5.992784145939e2
388.00000000,1.20000000,8.644329740232e3,1.037319568828e4,5.984149939055e2
389.00000000,1.20000000,8.641199424413e3,1.036943930930e4,5.975541570551e2
390.00000000,1.20000000,8.638078475961e3,1.036569417115e4,5.966958962308e2
391.00000000,1.20000000,8.634966866564e3,1.036196023988e4,5.958402036467e2
392.00000000,1.20000000,8.631864568004e3,1.035823748160e4,5.949870715428e2
393.00000000,1.20000000,8.628771552158e3,1.035452586259e4,5.941364921850e2
394.00000000,1.20000000,8.625687790993e3,1.035082534919e4,5.932884578647e2
395.00000000,1.20000000,8.622613256571e3,1.034713590789e4,5.924429608988e2
396.00000000,1.20000000,8.619547921047e3,1.034345750526e4,5.915999936295e2
397.00000000,1.20000000,8.616491756664e3,1.033979010800e4,5.907595484241e2
398.00000000,1.20000000,8.613444735758e3,1.033613368291e4,5.899216176750e2
399.00000000,1.20000000,8.610406830755e3,1.033248819691e4,5.890861937994e2
400.00000000,1.20000000,8.607378014173e3,1.032885361701e4,5.882532692392e2
401.00000000,1.20000000,8.604358258616e3,1.032522991034e4,5.874228364610e2
402.00000000,1.20000000,8.601347536778e3,1.032161704413e4,5.865948879557e2
403.00000000,1.20000000,8.598345821443e3,1.031801498573e4,5.857694162386e2
404.00000000,1.20000000,8.595353085482e3,1.031442370258e4,5.849464138493e2
405.00000000,1.20000000,8.592369301853e3,1.031084316222e4,5.841258733513e2
406.00000000,1.20000000,8.589394443601e3,1.030727333232e4,5.833077873320e2
407.00000000,1.20000000,8.586428483859e3,1.030371418063e4,5.824921484028e2
408.00000000,1.20000000,8.583471395843e3,1.030016567501e4,5.816789491986e2
409.00000000,1.20000000,8.580523152860e3,1.029662778343e4,5.808681823780e2
410.00000000,1.20000000,8.577583728296e3,1.029310047396e4,5.800598406231e2
411.00000000,1.20000000,8.574653095627e3,1.028958371475e4,5.792539166390e2
412.00000000,1.20000000,8.571731228410e3,1.028607747409e4,5.784504031544e2
413.00000000,1.20000000,8.568818100288e3,1.028258172035e4,5.776492929209e2
414.00000000,1.20000000,8.565913684987e3,1.027909642198e4,5.768505787132e2
415.00000000,1.20000000,8.563017956317e3,1.027562154758e4,5.760542533287e2
416.00000000,1.20000000,8.560130888168e3,1.027215706580e4,5.752603095878e2
417.00000000,1.20000000,8.557252454516e3,1.026870294542e4,5.744687403335e2
418.00000000,1.20000000,8.554382629416e3,1.026525915530e4,5.736795384312e2
419.00000000,1.20000000,8.551521387008e3,1.026182566441e4,5.728926967689e2
420.00000000,1.20000000,8.548668701510e3,1.025840244181e4,5.721082082570e2
421.00000000,1.20000000,8.545824547224e3,1.025498945667e4,5.713260658281e2
422.00000000,1.20000000,8.542988898528e3,1.025158667823e4,5.705462624370e2
423.00000000,1.20000000,8.540161729886e3,1.024819407586e4,5.697687910604e2
424.00000000,1.20000000,8.537343015838e3,1.024481161901e4,5.689936446971e2
425.00000000,1.20000000,8.534532731004e3,1.024143927720e4,5.682208163677e2
426.00000000,1.20000000,8.531730850084e3,1.023807702010e4,5.674502991148e2
427.00000000,1.20000000,8.528937347857e3,1.023472481743e4,5.666820860022e2
428.00000000,1.20000000,8.526152199179e3,1.023138263901e4,5.659161701158e2
429.00000000,1.20000000,8.523375378985e3,1.022805045478e4,5.651525445627e2
430.00000000,1.20000000,8.520606862290e3,1.022472823475e4,5.643912024714e2
431.00000000,1.20000000,8.517846624182e3,1.022141594902e4,5.636321369918e2
432.00000000,1.20000000,8.515094639831e3,1.021811356780e4,5.628753412951e2
433.00000000,1.20000000,8.512350884480e3,1.021482106138e4,5.621208085736e2
434.00000000,1.20000000,8.509615333450e3,1.021153840014e4,5.613685320404e2
435.00000000,1.20000000,8.506887962139e3,1.020826555457e4,5.606185049300e2
436.00000000,1.20000000,8.504168746021e3,1.020500249523e4,5.598707204974e2
437.00000000,1.20000000,8.501457660644e3,1.020174919277e4,5.591251720187e2
438.00000000,1.20000000,8.498754681632e3,1.019850561796e4,5.583818527905e2
439.00000000,1.20000000,8.496059784686e3,1.019527174162e4,5.576407561303e2
440.00000000,1.20000000,8.493372945579e3,1.019204753469e4,5.569018753758e2
441.00000000,1.20000000,8.490694140159e3,1.018883296819e4,5.561652038855e2
442.00000000,1.20000000,8.488023344351e3,1.018562801322e4,5.554307350381e2
443.00000000,1.20000000,8.485360534149e3,1.018243264098e4,5.546984622328e2
444.00000000,1.20000000,8.482705685626e3,1.017924682275e4,5.539683788888e2
445.00000000,1.20000000,8.480058774924e3,1.017607052991e4,5.532404784458e2
446.00000000,1.20000000,8.477419778261e3,1.017290373391e4,5.525147543634e2
447.00000000,1.20000000,8.474788671925e3,1.016974640631e4,5.517912001211e2
448.00000000,1.20000000,8.472165432280e3,1.016659851874e4,5.510698092185e2
449.00000000,1.20000000,8.469550035758e3,1.016346004291e4,5.503505751752e2
450.00000000,1.20000000,8.466942458868e3,1.016033095064e4,5.496334915303e2
451.00000000,1.20000000,8.464342678186e3,1.015721121382e4,5.489185518429e2
452.00000000,1.20000000,8.461750670363e3,1.015410080444e4,5.482057496915e2
453.00000000,1.20000000,8.459166412119e3,1.015099969454e4,5.474950786744e2
454.00000000,1.20000000,8.456589880246e3,1.014790785630e4,5.467865324093e2
455.00000000,1.20000000,8.454021051606e3,1.014482526193e4,5.460801045334e2
456.00000000,1.20000000,8.451459903133e3,1.014175188376e4,5.453757887032e2
457.00000000,1.20000000,8.448906411829e3,1.013868769419e4,5.446735785946e2
458.00000000,1.20000000,8.446360554767e3,1.013563266572e4,5.439734679026e2
459.00000000,1.20000000,8.443822309090e3,1.013258677091e4,5.432754503415e2
460.00000000,1.20000000,8.441291652011e3,1.012954998241e4,5.425795196447e2
461.00000000,1.20000000,8.438768560810e3,1.012652227297e4,5.418856695645e2
462.00000000,1.20000000,8.436253012838e3,1.012350361541e4,5.411938938722e2
463.00000000,1.20000000,8.433744985515e3,1.012049398262e4,5.405041863582e2
464.00000000,1.20000000,8.431244456327e3,1.011749334759e4,5.398165408316e2
465.00000000,1.20000000,8.428751402831e3,1.011450168340e4,5.391309511201e2
466.00000000,1.20000000,8.426265802650e3,1.011151896318e4,5.384474110704e2
467.00000000,1.20000000,8.423787633477e3,1.010854516017e4,5.377659145477e2
468.00000000,1.20000000,8.421316873070e3,1.010558024768e4,5.370864554358e2
469.00000000,1.20000000,8.418853499256e3,1.010262419911e4,5.364090276369e2
470.00000000,1.20000000,8.416397489928e3,1.009967698791e4,5.357336250720e2
471.00000000,1.20000000,8.413948823049e3,1.009673858766e4,5.350602416800e2
472.00000000,1.20000000,8.411507476643e3,1.009380897197e4,5.343888714186e2
473.00000000,1.20000000,8.409073428806e3,1.009088811457e4,5.337195082634e2
474.00000000,1.20000000,8.406646657698e3,1.008797598924e4,5.330521462085e2
475.00000000,1.20000000,8.404227141543e3,1.008507256985e4,5.323867792659e2
476.00000000,1.20000000,8.401814858634e3,1.008217783036e4,5.317234014659e2
477.00000000,1.20000000,8.399409787327e3,1.007929174479e4,5.310620068567e2
478.00000000,1.20000000,8.397011906047e3,1.007641428726e4,5.304025895045e2
479.00000000,1.20000000,8.394621193279e3,1.007354543193e4,5.297451434934e2
480.00000000,1.20000000,8.392237627577e3,1.007068515309e4,5.290896629253e2
481.00000000,1.20000000,8.389861187558e3,1.006783342507e4,5.284361419201e2
482.00000000,1.20000000,8.387491851903e3,1.006499022228e4,5.277845746151e2
483.00000000,1.20000000,8.385129599360e3,1.006215551923e4,5.271349551656e2
484.00000000,1.20000000,8.382774408737e3,1.005932929048e4,5.264872777443e2
485.00000000,1.20000000,8.380426258909e3,1.005651151069e4,5.258415365416e2
486.00000000,1.20000000,8.378085128813e3,1.005370215458e4,5.251977257652e2
487.00000000,1.20000000,8.375750997451e3,1.005090119694e4,5.245558396406e2
488.00000000,1.20000000,8.373423843886e3,1.004810861266e4,5.239158724103e2
489.00000000,1.20000000,8.371103647246e3,1.004532437670e4,5.232778183344e2
490.00000000,1.20000000,8.368790386722e3,1.004254846407e4,5.226416716901e2
491.00000000,1.20000000,8.366484041565e3,1.003978084988e4,5.220074267721e2
492.00000000,1.20000000,8.364184591092e3,1.003702150931e4,5.213750778919e2
493.00000000,1.20000000,8.361892014679e3,1.003427041761e4,5.207446193784e2
494.00000000,1.20000000,8.359606291766e3,1.003152755012e4,5.201160455774e2
495.00000000,1.20000000,8.357327401855e3,1.002879288223e4,5.194893508518e2
496.00000000,1.20000000,8.355055324508e3,1.002606638941e4,5.188645295814e2
497.00000000,1.20000000,8.352790039350e3,1.002334804722e4,5.182415761629e2
498.00000000,1.20000000,8.350531526066e3,1.002063783128e4,5.176204850099e2
499.00000000,1.20000000,8.348279764404e3,1.001793571728e4,5.170012505527e2
500.00000000,1.20000000,8.346034734170e3,1.001524168100e4,5.163838672384e2
501.00000000,1.20000000,8.343796415233e3,1.001255569828e4,5.157683295308e2
502.00000000,1.20000000,8.341564787522e3,1.000987774503e4,5.151546319103e2
503.00000000,1.20000000,8.339339831026e3,1.000720779723e4,5.145427688738e2
504.00000000,1.20000000,8.337121525793e3,1.000454583095e4,5.139327349349e2
505.00000000,1.20000000,8.334909851934e3,1.000189182232e4,5.133245246235e2
506.00000000,1.20000000,8.332704789616e3,9.999245747539e3,5.127181324860e2
507.00000000,1.20000000,8.330506319068e3,9.996607582881e3,5.121135530853e2
508.00000000,1.20000000,8.328314420577e3,9.993977304693e3,5.115107810004e2
509.00000000,1.20000000,8.326129074491e3,9.991354889390e3,5.109098108268e2
510.00000000,1.20000000,8.323950261215e3,9.988740313459e3,5.103106371759e2
511.00000000,1.20000000,8.321777961214e3,9.986133553457e3,5.097132546756e2
512.00000000,1.20000000,8.319612155011e3,9.983534586014e3,5.091176579698e2
513.00000000,1.20000000,8.317452823188e3,9.980943387825e3,5.085238417183e2
514.00000000,1.20000000,8.315299946384e3,9.978359935661e3,5.079318005972e2
515.00000000,1.20000000,8.313153505298e3,9.975784206357e3,5.073415292985e2
516.00000000,1.20000000,8.311013480685e3,9.973216176821e3,5.067530225299e2
517.00000000,1.20000000,8.308879853359e3,9.970655824030e3,5.061662750153e2
518.00000000,1.20000000,8.306752604191e3,9.968103125029e3,5.055812814941e2
519.00000000,1.20000000,8.304631714109e3,9.965558056931e3,5.049980367217e2
520.00000000,1.20000000,8.302517164100e3,9.963020596920e3,5.044165354692e2
521.00000000,1.20000000,8.300408935206e3,9.960490722247e3,5.038367725233e2
522.00000000,1.20000000,8.298307008526e3,9.957968410231e3,5.032587426863e2
523.00000000,1.20000000,8.296211365217e3,9.955453638260e3,5.026824407762e2
524.00000000,1.20000000,8.294121986490e3,9.952946383788e3,5.021078616265e2
525.00000000,1.20000000,8.292038853616e3,9.950446624339e3,5.015350000861e2
526.00000000,1.20000000,8.289961947919e3,9.947954337503e3,5.009638510194e2
527.00000000,1.20000000,8.287891250780e3,9.945469500936e3,5.003944093061e2
528.00000000,1.20000000,8.285826743636e3,9.942992092363e3,4.998266698415e2
529.00000000,1.20000000,8.283768407979e3,9.940522089575e3,4.992606275359e2
530.00000000,1.20000000,8.281716225358e3,9.938059470429e3,4.986962773151e2
531.00000000,1.20000000,8.279670177375e3,9.935604212850e3,4.981336141198e2
532.00000000,1.20000000,8.277630245689e3,9.933156294826e3,4.975726329060e2
533.00000000,1.20000000,8.275596412012e3,9.930715694415e3,4.970133286450e2
534.00000000,1.20000000,8.273568658114e3,9.928282389737e3,4.964556963230e2
535.00000000,1.20000000,8.271546965816e3,9.925856358979e3,4.958997309410e2
536.00000000,1.20000000,8.269531316996e3,9.923437580395e3,4.953454275154e2
537.00000000,1.20000000,8.267521693584e3,9.921026032301e3,4.947927810772e2
538.00000000,1.20000000,8.265518077567e3,9.918621693080e3,4.942417866725e2
539.00000000,1.20000000,8.263520450983e3,9.916224541179e3,4.936924393619e2
540.00000000,1.20000000,8.261528795926e3,9.913834555111e3,4.931447342213e2
541.00000000,1.20000000,8.259543094542e3,9.911451713451e3,4.925986663408e2
542.00000000,1.20000000,8.257563329033e3,9.909075994839e3,4.920542308256e2
543.00000000,1.20000000,8.255589481650e3,9.906707377980e3,4.915114227955e2
544.00000000,1.20000000,8.253621534702e3,9.904345841642e3,4.909702373846e2
545.00000000,1.20000000,8.251659470546e3,9.901991364656e3,4.904306697419e2
546.00000000,1.20000000,8.249703271597e3,9.899643925917e3,4.898927150309e2
547.00000000,1.20000000,8.247752920319e3,9.897303504383e3,4.893563684293e2
548.00000000,1.20000000,8.245808399229e3,9.894970079075e3,4.888216251296e2
549.00000000,1.20000000,8.243869690897e3,9.892643629077e3,4.882884803384e2
550.00000000,1.20000000,8.241936777946e3,9.890324133535e3,4.877569292768e2
551.00000000,1.20000000,8.240009643049e3,9.888011571659e3,4.872269671802e2
552.00000000,1.20000000,8.238088268933e3,9.885705922720e3,4.866985892982e2
553.00000000,1.20000000,8.236172638375e3,9.883407166049e3,4.861717908947e2
554.00000000,1.20000000,8.234262734203e3,9.881115281044e3,4.856465672475e2
555.00000000,1.20000000,8.232358539299e3,9.878830247159e3,4.851229136490e2
556.00000000,1.20000000,8.230460036595e3,9.876552043914e3,4.846008254053e2
557.00000000,1.20000000,8.228567209073e3,9.874280650888e3,4.840802978367e2
558.00000000,1.20000000,8.226680039767e3,9.872016047720e3,4.835613262775e2
559.00000000,1.20000000,8.224798511761e3,9.869758214113e3,4.830439060759e2
560.00000000,1.20000000,8.222922608191e3,9.867507129829e3,4.825280325942e2
561.00000000,1.20000000,8.221052312242e3,9.865262774691e3,4.820137012082e2
562.00000000,1.20000000,8.219187607150e3,9.863025128581e3,4.815009073080e2
563.00000000,1.20000000,8.217328476202e3,9.860794171442e3,4.809896462972e2
564.00000000,1.20000000,8.215474902733e3,9.858569883279e3,4.804799135931e2
565.00000000,1.20000000,8.213626870128e3,9.856352244154e3,4.799717046270e2
566.00000000,1.20000000,8.211784361825e3,9.854141234190e3,4.794650148436e2
567.00000000,1.20000000,8.209947361308e3,9.851936833569e3,4.789598397013e2
568.00000000,1.20000000,8.208115852111e3,9.849739022533e3,4.784561746722e2
569.00000000,1.20000000,8.206289817819e3,9.847547781382e3,4.779540152418e2
570.00000000,1.20000000,8.204469242063e3,9.845363090476e3,4.774533569091e2
571.00000000,1.20000000,8.202654108528e3,9.843184930233e3,4.769541951868e2
572.00000000,1.20000000,8.200844400942e3,9.841013281130e3,4.764565256006e2
573.00000000,1.20000000,8.199040103085e3,9.838848123702e3,4.759603436901e2
574.00000000,1.20000000,8.197241198786e3,9.836689438543e3,4.754656450078e2
575.00000000,1.20000000,8.195447671920e3,9.834537206304e3,4.749724251197e2
576.00000000,1.20000000,8.193659506413e3,9.832391407695e3,4.744806796051e2
577.00000000,1.20000000,8.191876686235e3,9.830252023482e3,4.739904040564e2
578.00000000,1.20000000,8.190099195409e3,9.828119034491e3,4.735015940793e2
579.00000000,1.20000000,8.188327018003e3,9.825992421604e3,4.730142452925e2
580.00000000,1.20000000,8.186560138132e3,9.823872165758e3,4.725283533279e2
581.00000000,1.20000000,8.184798539960e3,9.821758247952e3,4.720439138306e2
582.00000000,1.20000000,8.183042207697e3,9.819650649237e3,4.715609224584e2
583.00000000,1.20000000,8.181291125603e3,9.817549350723e3,4.710793748824e2
584.00000000,1.20000000,8.179545277981e3,9.815454333577e3,4.705992667864e2
585.00000000,1.20000000,8.177804649184e3,9.813365579021e3,4.701205938673e2
586.00000000,1.20000000,8.176069223611e3,9.811283068334e3,4.696433518348e2
587.00000000,1.20000000,8.174338985708e3,9.809206782850e3,4.691675364114e2
588.00000000,1.20000000,8.172613919966e3,9.807136703959e3,4.686931433323e2
589.00000000,1.20000000,8.170894010924e3,9.805072813109e3,4.682201683457e2
590.00000000,1.20000000,8.169179243166e3,9.803015091800e3,4.677486072124e2
591.00000000,1.20000000,8.167469601324e3,9.800963521589e3,4.672784557058e2
592.00000000,1.20000000,8.165765070074e3,9.798918084089e3,4.668097096120e2
593.00000000,1.20000000,8.164065634138e3,9.796878760966e3,4.663423647297e2
594.00000000,1.20000000,8.162371278286e3,9.794845533943e3,4.658764168702e2
595.00000000,1.20000000,8.160681987329e3,9.792818384795e3,4.654118618573e2
596.00000000,1.20000000,8.158997746129e3,9.790797295355e3,4.649486955271e2
597.00000000,1.20000000,8.157318539589e3,9.788782247506e3,4.644869137286e2
598.00000000,1.20000000,8.155644352658e3,9.786773223190e3,4.640265123227e2
599.00000000,1.20000000,8.153975170332e3,9.784770204399e3,4.635674871831e2
600.00000000,1.20000000,8.152310977650e3,9.782773173180e3,4.631098341955e2
601.00000000,1.20000000,8.150651759696e3,9.780782111636e3,4.626535492581e2
602.00000000,1.20000000,8.148997501599e3,9.778797001919e3,4.621986282815e2
603.00000000,1.20000000,8.147348188532e3,9.776817826239e3,4.617450671881e2
604.00000000,1.20000000,8.145703805713e3,9.774844566856e3,4.612928619129e2
605.00000000,1.20000000,8.144064338404e3,9.772877206085e3,4.608420084028e2
606.00000000,1.20000000,8.142429771910e3,9.770915726292e3,4.603925026170e2
607.00000000,1.20000000,8.140800091582e3,9.768960109898e3,4.599443405266e2
608.00000000,1.20000000,8.139175282812e3,9.767010339374e3,4.594975181150e2
609.00000000,1.20000000,8.137555331039e3,9.765066397246e3,4.590520313773e2
610.00000000,1.20000000,8.135940221742e3,9.763128266091e3,4.586078763207e2
611.00000000,1.20000000,8.134329940447e3,9.761195928536e3,4.581650489646e2
612.00000000,1.20000000,8.132724472721e3,9.759269367265e3,4.577235453399e2
613.00000000,1.20000000,8.131123804174e3,9.757348565009e3,4.572833614895e2
614.00000000,1.20000000,8.129527920460e3,9.755433504552e3,4.568444934683e2
615.00000000,1.20000000,8.127936807277e3,9.753524168732e3,4.564069373427e2
616.00000000,1.20000000,8.126350450362e3,9.751620540434e3,4.559706891912e2
617.00000000,1.20000000,8.124768835498e3,9.749722602598e3,4.555357451037e2
618.00000000,1.20000000,8.123191948510e3,9.747830338212e3,4.551021011820e2
619.00000000,1.20000000,8.121619775265e3,9.745943730318e3,4.546697535395e2
620.00000000,1.20000000,8.120052301671e3,9.744062762005e3,4.542386983012e2
621.00000000,1.20000000,8.118489513680e3,9.742187416416e3,4.538089316037e2
622.00000000,1.20000000,8.116931397286e3,9.740317676743e3,4.533804495952e2
623.00000000,1.20000000,8.115377938522e3,9.738453526227e3,4.529532484353e2
624.00000000,1.20000000,8.113829123467e3,9.736594948161e3,4.525273242951e2
625.00000000,1.20000000,8.112284938239e3,9.734741925887e3,4.521026733573e2
626.00000000,1.20000000,8.110745368997e3,9.732894442797e3,4.516792918159e2
627.00000000,1.20000000,8.109210401944e3,9.731052482333e3,4.512571758762e2
628.00000000,1.20000000,8.107680023321e3,9.729216027986e3,4.508363217550e2
629.00000000,1.20000000,8.106154219413e3,9.727385063296e3,4.504167256804e2
630.00000000,1.20000000,8.104632976545e3,9.725559571854e3,4.499983838915e2
631.00000000,1.20000000,8.103116281082e3,9.723739537298e3,4.495812926391e2
632.00000000,1.20000000,8.101604119430e3,9.721924943316e3,4.491654481848e2
633.00000000,1.20000000,8.100096478037e3,9.720115773644e3,4.487508468017e2
634.00000000,1.20000000,8.098593343390e3,9.718312012067e3,4.483374847738e2
635.00000000,1.20000000,8.097094702017e3,9.716513642420e3,4.479253583963e2
636.00000000,1.20000000,8.095600540486e3,9.714720648584e3,4.475144639754e2
637.00000000,1.20000000,8.094110845407e3,9.712933014488e3,4.471047978286e2
638.00000000,1.20000000,8.092625603427e3,9.711150724112e3,4.466963562840e2
639.00000000,1.20000000,8.091144801235e3,9.709373761481e3,4.462891356811e2
640.00000000,1.20000000,8.089668425558e3,9.707602110670e3,4.458831323701e2
641.00000000,1.20000000,8.088196463165e3,9.705835755798e3,4.454783427121e2
642.00000000,1.20000000,8.086728900864e3,9.704074681037e3,4.450747630792e2
643.00000000,1.20000000,8.085265725500e3,9.702318870600e3,4.446723898542e2
644.00000000,1.20000000,8.083806923961e3,9.700568308753e3,4.442712194309e2
645.00000000,1.20000000,8.082352483171e3,9.698822979805e3,4.438712482137e2
646.00000000,1.20000000,8.080902390095e3,9.697082868114e3,4.434724726178e2
647.00000000,1.20000000,8.079456631737e3,9.695347958084e3,4.430748890692e2
648.00000000,1.20000000,8.078015195138e3,9.693618234165e3,4.426784940045e2
649.00000000,1.20000000,8.076578067380e3,9.691893680856e3,4.422832838711e2
650.00000000,1.20000000,8.075145235582e3,9.690174282698e3,4.418892551267e2
651.00000000,1.20000000,8.073716686903e3,9.688460024283e3,4.414964042399e2
652.00000000,1.20000000,8.072292408539e3,9.686750890246e3,4.411047276898e2
653.00000000,1.20000000,8.070872387724e3,9.685046865269e3,4.407142219658e2
654.00000000,1.20000000,8.069456611733e3,9.683347934079e3,4.403248835682e2
655.00000000,1.20000000,8.068045067875e3,9.681654081450e3,4.399367090073e2
656.00000000,1.20000000,8.066637743500e3,9.679965292200e3,4.395496948042e2
657.00000000,1.20000000,8.065234625995e3,9.678281551194e3,4.391638374902e2
658.00000000,1.20000000,8.063835702784e3,9.676602843340e3,4.387791336071e2
659.00000000,1.20000000,8.062440961328e3,9.674929153594e3,4.383955797069e2
660.00000000,1.20000000,8.061050389129e3,9.673260466955e3,4.380131723521e2
661.00000000,1.20000000,8.059663973722e3,9.671596768466e3,4.376319081151e2
662.00000000,1.20000000,8.058281702682e3,9.669938043218e3,4.372517835791e2
663.00000000,1.20000000,8.056903563619e3,9.668284276343e3,4.368727953370e2
664.00000000,1.20000000,8.055529544184e3,9.666635453020e3,4.364949399922e2
665.00000000,1.20000000,8.054159632060e3,9.664991558472e3,4.361182141581e2
666.00000000,1.20000000,8.052793814970e3,9.663352577963e3,4.357426144583e2
667.00000000,1.20000000,8.051432080672e3,9.661718496806e3,4.353681375265e2
668.00000000,1.20000000,8.050074416963e3,9.660089300355e3,4.349947800064e2
669.00000000,1.20000000,8.048720811673e3,9.658464974008e3,4.346225385517e2
670.00000000,1.20000000,8.047371252671e3,9.656845503206e3,4.342514098263e2
671.00000000,1.20000000,8.046025727863e3,9.655230873435e3,4.338813905039e2
672.00000000,1.20000000,8.044684225187e3,9.653621070225e3,4.335124772681e2
673.00000000,1.20000000,8.043346732622e3,9.652016079146e3,4.331446668127e2
674.00000000,1.20000000,8.042013238179e3,9.650415885815e3,4.327779558410e2
675.00000000,1.20000000,8.040683729908e3,9.648820475890e3,4.324123410664e2
676.00000000,1.20000000,8.039358195892e3,9.647229835071e3,4.320478192120e2
677.00000000,1.20000000,8.038036624252e3,9.645643949102e3,4.316843870109e2
678.00000000,1.20000000,8.036719003142e3,9.644062803770e3,4.313220412057e2
679.00000000,1.20000000,8.035405320754e3,9.642486384904e3,4.309607785489e2
680.00000000,1.20000000,8.034095565313e3,9.640914678375e3,4.306005958027e2
681.00000000,1.20000000,8.032789725081e3,9.639347670097e3,4.302414897389e2
682.00000000,1.20000000,8.031487788354e3,9.637785346025e3,4.298834571391e2
683.00000000,1.20000000,8.030189743464e3,9.636227692157e3,4.295264947943e2
684.00000000,1.20000000,8.028895578777e3,9.634674694532e3,4.291705995053e2
685.00000000,1.20000000,8.027605282693e3,9.633126339232e3,4.288157680824e2
686.00000000,1.20000000,8.026318843649e3,9.631582612379e3,4.284619973452e2
687.00000000,1.20000000,8.025036250115e3,9.630043500138e3,4.281092841233e2
688.00000000,1.20000000,8.023757490595e3,9.628508988714e3,4.277576252554e2
689.00000000,1.20000000,8.022482553629e3,9.626979064355e3,4.274070175897e2
690.00000000,1.20000000,8.021211427790e3,9.625453713348e3,4.270574579838e2
691.00000000,1.20000000,8.019944101685e3,9.623932922022e3,4.267089433050e2
692.00000000,1.20000000,8.018680563956e3,9.622416676747e3,4.263614704295e2
693.00000000,1.20000000,8.017420803278e3,9.620904963934e3,4.260150362432e2
694.00000000,1.20000000,8.016164808362e3,9.619397770034e3,4.256696376411e2
695.00000000,1.20000000,8.014912567949e3,9.617895081539e3,4.253252715276e2
696.00000000,1.20000000,8.013664070817e3,9.616396884980e3,4.249819348163e2
697.00000000,1.20000000,8.012419305776e3,9.614903166931e3,4.246396244300e2
698.00000000,1.20000000,8.011178261670e3,9.613413914003e3,4.242983373008e2
699.00000000,1.20000000,8.009940927375e3,9.611929112850e3,4.239580703698e2
700.00000000,1.20000000,8.008707291803e3,9.610448750164e3,4.236188205875e2
701.00000000,1.20000000,8.007477343897e3,9.608972812676e3,4.232805849133e2
702.00000000,1.20000000,8.006251072633e3,9.607501287160e3,4.229433603158e2
703.00000000,1.20000000,8.005028467021e3,9.606034160425e3,4.226071437725e2
704.00000000,1.20000000,8.003809516103e3,9.604571419324e3,4.222719322701e2
705.00000000,1.20000000,8.002594208955e3,9.603113050746e3,4.219377228043e2
706.00000000,1.20000000,8.001382534684e3,9.601659041621e3,4.216045123797e2
707.00000000,1.20000000,8.000174482430e3,9.600209378916e3,4.212722980100e2
708.00000000,1.20000000,7.998970041367e3,9.598764049640e3,4.209410767176e2
709.00000000,1.20000000,7.997769200699e3,9.597323040839e3,4.206108455339e2
710.00000000,1.20000000,7.996571949664e3,9.595886339597e3,4.202816014993e2
711.00000000,1.20000000,7.995378277532e3,9.594453933038e3,4.199533416630e2
712.00000000,1.20000000,7.994188173604e3,9.593025808325e3,4.196260630828e2
713.00000000,1.20000000,7.993001627214e3,9.591601952657e3,4.192997628255e2
714.00000000,1.20000000,7.991818627727e3,9.590182353273e3,4.189744379667e2
715.00000000,1.20000000,7.990639164542e3,9.588766997450e3,4.186500855907e2
716.00000000,1.20000000,7.989463227086e3,9.587355872503e3,4.183267027903e2
717.00000000,1.20000000,7.988290804821e3,9.585948965785e3,4.180042866674e2
718.00000000,1.20000000,7.987121887238e3,9.584546264686e3,4.176828343322e2
719.00000000,1.20000000,7.985956463862e3,9.583147756634e3,4.173623429037e2
720.00000000,1.20000000,7.984794524247e3,9.581753429096e3,4.170428095095e2
721.00000000,1.20000000,7.983636057979e3,9.580363269575e3,4.167242312858e2
722.00000000,1.20000000,7.982481054675e3,9.578977265610e3,4.164066053774e2
723.00000000,1.20000000,7.981329503984e3,9.577595404781e3,4.160899289374e2
724.00000000,1.20000000,7.980181395586e3,9.576217674703e3,4.157741991277e2
725.00000000,1.20000000,7.979036719189e3,9.574844063027e3,4.154594131186e2
726.00000000,1.20000000,7.977895464535e3,9.573474557442e3,4.151455680887e2
727.00000000,1.20000000,7.976757621395e3,9.572109145674e3,4.148326612253e2
728.00000000,1.20000000,7.975623179572e3,9.570747815486e3,4.145206897239e2
729.00000000,1.20000000,7.974492128898e3,9.569390554677e3,4.142096507885e2
730.00000000,1.20000000,7.973364459235e3,9.568037351082e3,4.138995416313e2
731.00000000,1.20000000,7.972240160478e3,9.566688192573e3,4.135903594730e2
732.00000000,1.20000000,7.971119222549e3,9.565343067059e3,4.132821015426e2
733.00000000,1.20000000,7.970001635402e3,9.564001962483e3,4.129747650773e2
734.00000000,1.20000000,7.968887389022e3,9.562664866826e3,4.126683473226e2
735.00000000,1.20000000,7.967776473420e3,9.561331768104e3,4.123628455322e2
736.00000000,1.20000000,7.966668878641e3,9.560002654370e3,4.120582569681e2
737.00000000,1.20000000,7.965564594759e3,9.558677513710e3,4.117545789003e2
738.00000000,1.20000000,7.964463611875e3,9.557356334250e3,4.114518086072e2
739.00000000,1.20000000,7.963365920122e3,9.556039104146e3,4.111499433752e2
740.00000000,1.20000000,7.962271509662e3,9.554725811595e3,4.108489804988e2
741.00000000,1.20000000,7.961180370687e3,9.553416444824e3,4.105489172806e2
742.00000000,1.20000000,7.960092493417e3,9.552110992100e3,4.102497510313e2
743.00000000,1.20000000,7.959007868102e3,9.550809441722e3,4.099514790697e2
744.00000000,1.20000000,7.957926485021e3,9.549511782025e3,4.096540987224e2
745.00000000,1.20000000,7.956848334482e3,9.548218001378e3,4.093576073242e2
746.00000000,1.20000000,7.955773406822e3,9.546928088187e3,4.090620022178e2
747.00000000,1.20000000,7.954701692408e3,9.545642030889e3,4.087672807538e2
748.00000000,1.20000000,7.953633181633e3,9.544359817960e3,4.084734402907e2
749.00000000,1.20000000,7.952567864922e3,9.543081437906e3,4.081804781951e2
750.00000000,1.20000000,7.951505732726e3,9.541806879271e3,4.078883918413e2
751.00000000,1.20000000,7.950446775526e3,9.540536130631e3,4.075971786114e2
752.00000000,1.20000000,7.949390983832e3,9.539269180598e3,4.073068358954e2
753.00000000,1.20000000,7.948338348180e3,9.538006017816e3,4.070173610911e2
754.00000000,1.20000000,7.947288859136e3,9.536746630963e3,4.067287516041e2
755.00000000,1.20000000,7.946242507295e3,9.535491008754e3,4.064410048478e2
756.00000000,1.20000000,7.945199283278e3,9.534239139934e3,4.061541182432e2
757.00000000,1.20000000,7.944159177736e3,9.532991013283e3,4.058680892190e2
758.00000000,1.20000000,7.943122181346e3,9.531746617615e3,4.055829152118e2
759.00000000,1.20000000,7.942088284815e3,9.530505941778e3,4.052985936657e2
760.00000000,1.20000000,7.941057478876e3,9.529268974651e3,4.050151220324e2
761.00000000,1.20000000,7.940029754290e3,9.528035705148e3,4.047324977714e2
762.00000000,1.20000000,7.939005101847e3,9.526806122216e3,4.044507183495e2
763.00000000,1.20000000,7.937983512363e3,9.525580214835e3,4.041697812414e2
764.00000000,1.20000000,7.936964976682e3,9.524357972018e3,4.038896839292e2
765.00000000,1.20000000,7.935949485675e3,9.523139382811e3,4.036104239024e2
766.00000000,1.20000000,7.934937030242e3,9.521924436290e3,4.033319986582e2
767.00000000,1.20000000,7.933927601308e3,9.520713121569e3,4.030544057013e2
768.00000000,1.20000000,7.932921189825e3,9.519505427790e3,4.027776425436e2
769.00000000,1.20000000,7.931917786775e3,9.518301344130e3,4.025017067047e2
770.00000000,1.20000000,7.930917383163e3,9.517100859796e3,4.022265957116e2
771.00000000,1.20000000,7.929919970025e3,9.515903964030e3,4.019523070985e2
772.00000000,1.20000000,7.928925538420e3,9.514710646104e3,4.016788384071e2
773.00000000,1.20000000,7.927934079436e3,9.513520895323e3,4.014061871865e2
774.00000000,1.20000000,7.926945584187e3,9.512334701024e3,4.011343509930e2
775.00000000,1.20000000,7.925960043813e3,9.511152052576e3,4.008633273902e2
776.00000000,1.20000000,7.924977449482e3,9.509972939379e3,4.005931139493e2
777.00000000,1.20000000,7.923997792387e3,9.508797350865e3,4.003237082482e2
778.00000000,1.20000000,7.923021063749e3,9.507625276499e3,4.000551078726e2
779.00000000,1.20000000,7.922047254812e3,9.506456705775e3,3.997873104150e2
780.00000000,1.20000000,7.921076356850e3,9.505291628220e3,3.995203134753e2
781.00000000,1.20000000,7.920108361160e3,9.504130033392e3,3.992541146606e2
782.00000000,1.20000000,7.919143259067e3,9.502971910881e3,3.989887115851e2
783.00000000,1.20000000,7.918181041921e3,9.501817250306e3,3.987241018701e2
784.00000000,1.20000000,7.917221701099e3,9.500666041319e3,3.984602831439e2
785.00000000,1.20000000,7.916265228002e3,9.499518273602e3,3.981972530422e2
786.00000000,1.20000000,7.915311614058e3,9.498373936869e3,3.979350092075e2
787.00000000,1.20000000,7.914360850720e3,9.497233020864e3,3.976735492895e2
788.00000000,1.20000000,7.913412929466e3,9.496095515359e3,3.974128709449e2
789.00000000,1.20000000,7.912467841802e3,9.494961410162e3,3.971529718372e2
790.00000000,1.20000000,7.911525579256e3,9.493830695108e3,3.968938496372e2
791.00000000,1.20000000,7.910586133385e3,9.492703360062e3,3.966355020224e2
792.00000000,1.20000000,7.909649495767e3,9.491579394920e3,3.963779266775e2
793.00000000,1.20000000,7.908715658008e3,9.490458789610e3,3.961211212939e2
794.00000000,1.20000000,7.907784611739e3,9.489341534087e3,3.958650835699e2
795.00000000,1.20000000,7.906856348616e3,9.488227618339e3,3.956098112109e2
796.00000000,1.20000000,7.905930860318e3,9.487117032381e3,3.953553019290e2
797.00000000,1.20000000,7.905008138551e3,9.486009766261e3,3.951015534431e2
798.00000000,1.20000000,7.904088175045e3,9.484905810054e3,3.948485634790e2
799.00000000,1.20000000,7.903170961555e3,9.483805153866e3,3.945963297693e2
800.00000000,1.20000000,7.902256489861e3,9.482707787833e3,3.943448500533e2
801.00000000,1.20000000,7.901344751766e3,9.481613702119e3,3.940941220772e2
802.00000000,1.20000000,7.900435739099e3,9.480522886918e3,3.938441435938e2
803.00000000,1.20000000,7.899529443713e3,9.479435332455e3,3.935949123626e2
804.00000000,1.20000000,7.898625857485e3,9.478351028982e3,3.933464261500e2
805.00000000,1.20000000,7.897724972317e3,9.477269966780e3,3.930986827288e2
806.00000000,1.20000000,7.896826780135e3,9.476192136161e3,3.928516798787e2
807.00000000,1.20000000,7.895931272888e3,9.475117527466e3,3.926054153858e2
808.00000000,1.20000000,7.895038442551e3,9.474046131061e3,3.923598870432e2
809.00000000,1.20000000,7.894148281122e3,9.472977937346e3,3.921150926501e2
810.00000000,1.20000000,7.893260780622e3,9.471912936746e3,3.918710300127e2
811.00000000,1.20000000,7.892375933098e3,9.470851119717e3,3.916276969435e2
812.00000000,1.20000000,7.891493730618e3,9.469792476742e3,3.913850912616e2
813.00000000,1.20000000,7.890614165277e3,9.468736998332e3,3.911432107928e2
814.00000000,1.20000000,7.889737229190e3,9.467684675029e3,3.909020533690e2
815.00000000,1.20000000,7.888862914500e3,9.466635497400e3,3.906616168291e2
816.00000000,1.20000000,7.887991213368e3,9.465589456042e3,3.904218990180e2
817.00000000,1.20000000,7.887122117984e3,9.464546541581e3,3.901828977872e2
818.00000000,1.20000000,7.886255620557e3,9.463506744668e3,3.899446109948e2
819.00000000,1.20000000,7.885391713322e3,9.462470055986e3,3.897070365051e2
820.00000000,1.20000000,7.884530388535e3,9.461436466242e3,3.894701721888e2
821.00000000,1.20000000,7.883671638478e3,9.460405966173e3,3.892340159230e2
822.00000000,1.20000000,7.882815455453e3,9.459378546543e3,3.889985655912e2
823.00000000,1.20000000,7.881961831787e3,9.458354198145e3,3.887638190831e2
824.00000000,1.20000000,7.881110759830e3,9.457332911796e3,3.885297742949e2
825.00000000,1.20000000,7.880262231953e3,9.456314678344e3,3.882964291288e2
826.00000000,1.20000000,7.879416240553e3,9.455299488663e3,3.880637814936e2
827.00000000,1.20000000,7.878572778045e3,9.454287333655e3,3.878318293042e2
828.00000000,1.20000000,7.877731836872e3,9.453278204247e3,3.876005704816e2
829.00000000,1.20000000,7.876893409496e3,9.452272091396e3,3.873700029532e2
830.00000000,1.20000000,7.876057488403e3,9.451268986084e3,3.871401246525e2
831.00000000,1.20000000,7.875224066101e3,9.450268879321e3,3.869109335193e2
832.00000000,1.20000000,7.874393135119e3,9.449271762143e3,3.866824274995e2
833.00000000,1.20000000,7.873564688012e3,9.448277625614e3,3.864546045450e2
834.00000000,1.20000000,7.872738717354e3,9.447286460824e3,3.862274626139e2
835.00000000,1.20000000,7.871915215742e3,9.446298258890e3,3.860009996706e2
836.00000000,1.20000000,7.871094175795e3,9.445313010954e3,3.857752136854e2
837.00000000,1.20000000,7.870275590156e3,9.444330708187e3,3.855501026345e2
838.00000000,1.20000000,7.869459451487e3,9.443351341785e3,3.853256645006e2
839.00000000,1.20000000,7.868645752474e3,9.442374902969e3,3.851018972720e2
840.00000000,1.20000000,7.867834485824e3,9.441401382989e3,3.848787989433e2
841.00000000,1.20000000,7.867025644266e3,9.440430773119e3,3.846563675148e2
842.00000000,1.20000000,7.866219220551e3,9.439463064661e3,3.844346009932e2
843.00000000,1.20000000,7.865415207451e3,9.438498248941e3,3.842134973907e2
844.00000000,1.20000000,7.864613597760e3,9.437536317312e3,3.839930547258e2
845.00000000,1.20000000,7.863814384295e3,9.436577261154e3,3.837732710227e2
846.00000000,1.20000000,7.863017559891e3,9.435621071869e3,3.835541443116e2
847.00000000,1.20000000,7.862223117407e3,9.434667740889e3,3.833356726286e2
848.00000000,1.20000000,7.861431049724e3,9.433717259668e3,3.831178540157e2
849.00000000,1.20000000,7.860641349741e3,9.432769619690e3,3.829006865206e2
850.00000000,1.20000000,7.859854010383e3,9.431824812459e3,3.826841681969e2
851.00000000,1.20000000,7.859069024591e3,9.430882829509e3,3.824682971042e2
852.00000000,1.20000000,7.858286385331e3,9.429943662397e3,3.822530713077e2
853.00000000,1.20000000,7.857506085588e3,9.429007302706e3,3.820384888784e2
854.00000000,1.20000000,7.856728118369e3,9.428073742043e3,3.818245478932e2
855.00000000,1.20000000,7.855952476701e3,9.427142972041e3,3.816112464345e2
856.00000000,1.20000000,7.855179153633e3,9.426214984359e3,3.813985825906e2
857.00000000,1.20000000,7.854408142233e3,9.425289770679e3,3.811865544557e2
858.00000000,1.20000000,7.853639435591e3,9.424367322710e3,3.809751601293e2
859.00000000,1.20000000,7.852873026819e3,9.423447632182e3,3.807643977168e2
860.00000000,1.20000000,7.852108909046e3,9.422530690855e3,3.805542653293e2
861.00000000,1.20000000,7.851347075425e3,9.421616490510e3,3.803447610835e2
862.00000000,1.20000000,7.850587519127e3,9.420705022953e3,3.801358831016e2
863.00000000,1.20000000,7.849830233346e3,9.419796280015e3,3.799276295117e2
864.00000000,1.20000000,7.849075211293e3,9.418890253551e3,3.797199984472e2
865.00000000,1.20000000,7.848322446202e3,9.417986935443e3,3.795129880472e2
866.00000000,1.20000000,7.847571931327e3,9.417086317592e3,3.793065964565e2
867.00000000,1.20000000,7.846823659940e3,9.416188391928e3,3.791008218252e2
868.00000000,1.20000000,7.846077625336e3,9.415293150403e3,3.788956623091e2
869.00000000,1.20000000,7.845333820828e3,9.414400584994e3,3.786911160693e2
870.00000000,1.20000000,7.844592239750e3,9.413510687700e3,3.784871812728e2
871.00000000,1.20000000,7.843852875455e3,9.412623450546e3,3.782838560917e2
872.00000000,1.20000000,7.843115721316e3,9.411738865580e3,3.780811387037e2
873.00000000,1.20000000,7.842380770728e3,9.410856924874e3,3.778790272919e2
874.00000000,1.20000000,7.841648017103e3,9.409977620524e3,3.776775200450e2
875.00000000,1.20000000,7.840917453874e3,9.409100944648e3,3.774766151569e2
876.00000000,1.20000000,7.840189074492e3,9.408226889391e3,3.772763108270e2
877.00000000,1.20000000,7.839462872431e3,9.407355446917e3,3.770766052601e2
878.00000000,1.20000000,7.838738841181e3,9.406486609417e3,3.768774966664e2
879.00000000,1.20000000,7.838016974253e3,9.405620369103e3,3.766789832612e2
880.00000000,1.20000000,7.837297265177e3,9.404756718213e3,3.764810632654e2
881.00000000,1.20000000,7.836579707504e3,9.403895649005e3,3.762837349053e2
882.00000000,1.20000000,7.835864294802e3,9.403037153762e3,3.760869964121e2
883.00000000,1.20000000,7.835151020658e3,9.402181224790e3,3.758908460227e2
884.00000000,1.20000000,7.834439878682e3,9.401327854418e3,3.756952819791e2
885.00000000,1.20000000,7.833730862497e3,9.400477034997e3,3.755003025284e2
886.00000000,1.20000000,7.833023965751e3,9.399628758902e3,3.753059059233e2
887.00000000,1.20000000,7.832319182108e3,9.398783018530e3,3.751120904214e2
888.00000000,1.20000000,7.831616505251e3,9.397939806301e3,3.749188542856e2
889.00000000,1.20000000,7.830915928882e3,9.397099114658e3,3.747261957841e2
890.00000000,1.20000000,7.830217446722e3,9.396260936066e3,3.745341131901e2
891.00000000,1.20000000,7.829521052511e3,9.395425263013e3,3.743426047822e2
892.00000000,1.20000000,7.828826740008e3,9.394592088010e3,3.741516688439e2
893.00000000,1.20000000,7.828134502990e3,9.393761403588e3,3.739613036640e2
894.00000000,1.20000000,7.827444335253e3,9.392933202304e3,3.737715075363e2
895.00000000,1.20000000,7.826756230611e3,9.392107476733e3,3.735822787597e2
896.00000000,1.20000000,7.826070182897e3,9.391284219477e3,3.733936156384e2
897.00000000,1.20000000,7.825386185963e3,9.390463423155e3,3.732055164814e2
898.00000000,1.20000000,7.824704233677e3,9.389645080412e3,3.730179796028e2
899.00000000,1.20000000,7.824024319928e3,9.388829183914e3,3.728310033220e2
900.00000000,1.20000000,7.823346438623e3,9.388015726348e3,3.726445859630e2
901.00000000,1.20000000,7.822670583685e3,9.387204700422e3,3.724587258551e2
902.00000000,1.20000000,7.821996749058e3,9.386396098870e3,3.722734213326e2
903.00000000,1.20000000,7.821324928702e3,9.385589914442e3,3.720886707347e2
904.00000000,1.20000000,7.820655116596e3,9.384786139915e3,3.719044724055e2
905.00000000,1.20000000,7.819987306736e3,9.383984768083e3,3.717208246941e2
906.00000000,1.20000000,7.819321493138e3,9.383185791766e3,3.715377259547e2
907.00000000,1.20000000,7.818657669835e3,9.382389203801e3,3.713551745461e2
908.00000000,1.20000000,7.817995830875e3,9.381594997050e3,3.711731688324e2
909.00000000,1.20000000,7.817335970329e3,9.380803164395e3,3.709917071822e2
910.00000000,1.20000000,7.816678082282e3,9.380013698738e3,3.708107879691e2
