model,steps,velocity_error,energy_error,position_error
milk,2048,0.00000004829204550643228,0.0000000010159055818803608,0.00000010499020199661587
milk,8,0.000024800503502934827,0.000000000004547473508864641,0.000053404636825675654
milk,16,0.000012331018487848899,0.000000000008185452315956354,0.000026711535233823454
milk,32,0.000006135408649052809,0.000000000017280399333685637,0.000013318694962693758
milk,64,0.0000030427472411907377,0.00000000002773958840407431,0.000006610706673607659
cream,2048,0.00000015301903253010822,0.000000000976797309704125,0.000000337028180078272
cream,8,0.0009623480992548355,0.000000000003637978807091713,0.00016767277839971524
cream,16,0.00027324207606619315,0.000000000008640199666842818,0.0000848319908256179
cream,32,0.0000781411548934359,0.00000000001546140993013978,0.00004253168587513887
cream,64,0.000023739922402892387,0.000000000032741809263825417,0.000021167122124483536
