control,integrator,steps,position_error_m,velocity_error_m_s,temperature_error_k,energy_drift_j
wall_adiabat,ordinary,8,,,1.0629205104154948,0
wall_adiabat,ordinary,16,,,0.5291036323805542,-2.2737367544323206e-13
wall_adiabat,ordinary,32,,,0.2639325043268741,-4.547473508864641e-13
wall_adiabat,symmetric,8,,,0.0034240911248843986,-6.821210263296962e-13
wall_adiabat,symmetric,16,,,0.0008547292555363128,-1.2505552149377763e-12
wall_adiabat,symmetric,32,,,0.00021360230181244333,-1.5916157281026244e-12
corner_flow,symmetric,8,8.720456579069946e-10,5.868101753181421e-6,3.3412294442314305e-6,
corner_flow,symmetric,16,2.1796880966817866e-10,1.466748639877835e-6,8.351383939952939e-7,
corner_flow,symmetric,32,5.445288664418513e-11,3.664179281104296e-7,2.086260906253301e-7,
