resolution,steps,duration,particles,axial_relative_l2,transverse_relative_l2,relative_energy_error
6,8,0.01,648,0.025395770634112066,0.000511432872280691,0.00000000002297262350718181
6,16,0.01,648,0.02539445691111333,0.0005158340439195556,0.000000000020489096641540533
6,32,0.01,648,0.025393334600574004,0.0005182236010616385,0.00000000001676380634307862
10,8,0.01,3000,0.01813602034531941,0.0008365916968885594,0.0000000000012417634328206465
10,16,0.01,3000,0.018135990744311308,0.0008367144008631503,0.000000000011796752611796142
10,32,0.01,3000,0.018135987802226174,0.0008367587614851536,0.000000000013038516044616788
14,8,0.01,8232,0.016084058797370418,0.0009241443410643221,0.0000000008121132850647094
14,16,0.01,8232,0.016084028332727384,0.0009242027060986028,0.0000000007978330055872717
14,32,0.01,8232,0.016084023113988863,0.0009242223125785553,0.0000000007972121238708615
