model,steps,velocity_error,energy_error
milk,2048,0.000000000026950708823443526,0.0000000010272742656525224
milk,8,0.0000023578663000079626,0.0000000000022737367544323206
milk,16,0.0000005890142944793682,0.000000000004547473508864641
milk,32,0.00000014720776763342723,0.000000000014097167877480388
milk,64,0.00000003679135199822072,0.00000000003183231456205249
cream,2048,0.000000011990053159853845,0.0000000010295480024069548
cream,8,0.0009048991945597619,0.0000000000018189894035458565
cream,16,0.00024403546377121254,0.000000000009549694368615746
cream,32,0.00006326848597700934,0.000000000014097167877480388
cream,64,0.000016096294932802376,0.000000000025011104298755527
