objects,workload,p50_ns,p95_ns,p99_ns
1000,cached_world_reads,3708,3792,3792
1000,root_edit,12917,16291,23625
1000,one_percent_leaf_edits,375,583,1417
1000,all_node_edits,160833,168583,169000
1000,node_hashmap_updates,10250,11000,12416
1000,typed_table_updates,2500,3208,3417
10000,cached_world_reads,34917,39041,39792
10000,root_edit,127750,144209,149000
10000,one_percent_leaf_edits,3542,3666,3750
10000,all_node_edits,2018917,2196459,2309792
10000,node_hashmap_updates,93541,111250,132625
10000,typed_table_updates,30291,30708,31167
100000,cached_world_reads,443416,552917,839000
100000,root_edit,1376958,1449500,1484750
100000,one_percent_leaf_edits,35334,35834,35875
100000,all_node_edits,29064084,29765209,29850709
100000,node_hashmap_updates,1075167,1311667,1343500
100000,typed_table_updates,1201000,1613834,1851417
