stage,residual_n,min_j,wall_max_displacement_m,support_max_displacement_m,minimum_surface_distance_m,contact_energy_j,cross_tissue_contact_energy_j,support_pressure_pa,load_factor,applied_support_pressure_pa,contact_law,load_law
load-1,9.584876622079e-8,9.376128251276e-1,4.791504285782e-4,6.162130584756e-4,8.953338206760e-6,3.026545593439e-7,3.026545593439e-7,2.000000000000e2,2.500000000000e-1,5.000000000000e1,ExperimentalPrimitiveSum,closed-follower
load-2,9.473973613872e-8,8.776265941410e-1,8.400245042516e-4,9.888311304734e-4,2.285278738306e-6,7.351141288527e-7,7.351141288527e-7,2.000000000000e2,5.000000000000e-1,1.000000000000e2,ExperimentalPrimitiveSum,closed-follower
load-3,9.996012362570e-8,8.190704939725e-1,1.192403993703e-3,1.346631556779e-3,1.572675167530e-6,1.093418229520e-6,1.093418229520e-6,2.000000000000e2,7.500000000000e-1,1.500000000000e2,ExperimentalPrimitiveSum,closed-follower
loaded,9.559964189246e-8,7.628612760437e-1,1.540430584204e-3,1.697504324634e-3,1.382502326173e-6,1.364683172469e-6,1.364683172469e-6,2.000000000000e2,1.000000000000e0,2.000000000000e2,ExperimentalPrimitiveSum,closed-follower
unload-1,9.249769490813e-8,8.192575484228e-1,1.193362430366e-3,1.347396841916e-3,1.568927102569e-6,1.086142476985e-6,1.086142476985e-6,2.000000000000e2,7.500000000000e-1,1.500000000000e2,ExperimentalPrimitiveSum,closed-follower
unload-2,9.337273061614e-8,8.775403749227e-1,8.406238107780e-4,9.893447638637e-4,2.285857547792e-6,7.351619170396e-7,7.351619170396e-7,2.000000000000e2,5.000000000000e-1,1.000000000000e2,ExperimentalPrimitiveSum,closed-follower
unload-3,9.241641215920e-8,9.376122350201e-1,4.791602499044e-4,6.162229327520e-4,8.953340926657e-6,3.026554935622e-7,3.026554935622e-7,2.000000000000e2,2.500000000000e-1,5.000000000000e1,ExperimentalPrimitiveSum,closed-follower
released,9.815683900838e-8,9.999994705649e-1,2.652963114351e-8,2.132975795619e-8,1.497283965935e-4,0.000000000000e0,0.000000000000e0,2.000000000000e2,0.000000000000e0,0.000000000000e0,ExperimentalPrimitiveSum,closed-follower
load-1,9.526160276553e-8,9.360378120359e-1,4.873372425897e-4,6.264435731363e-4,8.946911947392e-6,3.131171848189e-7,3.131171848189e-7,2.000000000000e2,2.500000000000e-1,5.000000000000e1,ExperimentalPrimitiveSum,closed-reference
load-2,8.835993747616e-8,8.711942438710e-1,8.819690969047e-4,1.034698330956e-3,2.080370105819e-6,7.630537855789e-7,7.630537855789e-7,2.000000000000e2,5.000000000000e-1,1.000000000000e2,ExperimentalPrimitiveSum,closed-reference
