node,axis,step_m,analytic_n,central_n,left_n,right_n
398,1,1.000000000000e-8,-4.219064552710e-4,-4.219065247879e-4,-4.221102678696e-4,-4.217027817063e-4
398,1,1.000000000000e-9,-4.219064552710e-4,-4.219064559003e-4,-4.219268303779e-4,-4.218860814227e-4
398,1,1.000000000000e-10,-4.219064552710e-4,-4.219064568268e-4,-4.219084956615e-4,-4.219044179920e-4
766,1,1.000000000000e-8,3.865720893714e-4,3.865721471038e-4,3.863919083460e-4,3.867523858616e-4
766,1,1.000000000000e-9,3.865720893714e-4,3.865720899277e-4,3.865540659798e-4,3.865901138756e-4
766,1,1.000000000000e-10,3.865720893714e-4,3.865720901792e-4,3.865702869254e-4,3.865738934329e-4
555,1,1.000000000000e-8,-1.744573182783e-4,-1.744573528934e-4,-1.745463420491e-4,-1.743683637376e-4
555,1,1.000000000000e-9,-1.744573182783e-4,-1.744573186031e-4,-1.744662175974e-4,-1.744484196088e-4
555,1,1.000000000000e-10,-1.744573182783e-4,-1.744573176105e-4,-1.744582065980e-4,-1.744564286229e-4
547,1,1.000000000000e-8,1.744573158539e-4,1.744573504648e-4,1.743683612971e-4,1.745463396324e-4
547,1,1.000000000000e-9,1.744573158539e-4,1.744573162340e-4,1.744484172794e-4,1.744662151886e-4
547,1,1.000000000000e-10,1.744573158539e-4,1.744573161546e-4,1.744564267700e-4,1.744582055392e-4
814,1,1.000000000000e-8,4.388705616357e-4,4.388706322917e-4,4.386636961049e-4,4.390775684784e-4
814,1,1.000000000000e-9,4.388705616357e-4,4.388705622129e-4,4.388498686554e-4,4.388912557705e-4
814,1,1.000000000000e-10,4.388705616357e-4,4.388705624379e-4,4.388684939570e-4,4.388726309189e-4
859,1,1.000000000000e-8,1.600747549261e-4,1.600747845873e-4,1.599950310937e-4,1.601545380809e-4
859,1,1.000000000000e-9,1.600747549261e-4,1.600747551952e-4,1.600667798374e-4,1.600827305531e-4
859,1,1.000000000000e-10,1.600747549261e-4,1.600747549438e-4,1.600739571446e-4,1.600755527429e-4
