node,axis,step_m,group,a0,a1,a2,b0,b1,b2,left_n,right_n,split_n
398,1,1.000000000000e-8,0,317,398,397,717,765,766,-1.348921973965e-4,-1.347572560440e-4,1.349413525033e-7
398,1,1.000000000000e-8,0,318,398,317,669,717,718,-2.181284729791e-6,-2.181243606879e-6,4.112291192190e-11
398,1,1.000000000000e-8,0,318,398,317,717,765,766,-1.348921973965e-4,-1.347572560440e-4,1.349413525033e-7
398,1,1.000000000000e-8,0,318,398,317,717,766,718,-1.105666196142e-4,-2.181243603735e-6,1.083853760105e-4
398,1,1.000000000000e-8,0,398,478,397,717,765,766,-1.388707442961e-4,-1.387346680065e-4,1.360762895712e-7
398,1,1.000000000000e-8,0,398,478,397,765,813,814,0.000000000000e0,0.000000000000e0,0.000000000000e0
398,1,1.000000000000e-8,0,398,478,397,765,814,766,-1.388707245011e-4,-7.948780233545e-6,1.309219442675e-4
398,1,1.000000000000e-8,0,668,716,717,317,398,397,0.000000000000e0,0.000000000000e0,0.000000000000e0
398,1,1.000000000000e-8,0,668,716,717,318,398,317,0.000000000000e0,0.000000000000e0,0.000000000000e0
398,1,1.000000000000e-8,0,668,717,669,318,398,317,0.000000000000e0,0.000000000000e0,0.000000000000e0
398,1,1.000000000000e-8,0,669,717,718,318,399,398,-2.181284723235e-6,-2.181243613889e-6,4.110934615986e-11
398,1,1.000000000000e-8,0,716,764,765,317,398,397,0.000000000000e0,0.000000000000e0,0.000000000000e0
398,1,1.000000000000e-8,0,716,764,765,398,478,397,0.000000000000e0,0.000000000000e0,0.000000000000e0
398,1,1.000000000000e-8,0,716,765,717,317,398,397,0.000000000000e0,0.000000000000e0,0.000000000000e0
398,1,1.000000000000e-8,0,716,765,717,318,398,317,-6.056346684196e-7,-6.056268506064e-7,7.817813216196e-12
398,1,1.000000000000e-8,0,716,765,717,398,478,397,-5.151869137663e-7,-5.151644932594e-7,2.242050690593e-11
398,1,1.000000000000e-8,0,717,765,766,318,399,398,-1.348921973965e-4,-1.347572560440e-4,1.349413525033e-7
398,1,1.000000000000e-8,0,717,765,766,398,479,478,-1.388707443046e-4,-1.387346679992e-4,1.360763054531e-7
398,1,1.000000000000e-8,0,717,765,766,399,479,398,-1.348921973965e-4,-1.347572560440e-4,1.349413525033e-7
398,1,1.000000000000e-8,0,717,766,718,318,399,398,-1.105666196090e-4,-2.181243613992e-6,1.083853759950e-4
398,1,1.000000000000e-8,0,764,813,765,398,478,397,0.000000000000e0,0.000000000000e0,0.000000000000e0
398,1,1.000000000000e-8,0,765,813,814,398,479,478,0.000000000000e0,0.000000000000e0,0.000000000000e0
398,1,1.000000000000e-8,0,765,814,766,398,479,478,-1.388707245016e-4,-7.948780231539e-6,1.309219442700e-4
398,1,1.000000000000e-8,0,765,814,766,399,479,398,-2.645288940966e-5,-2.642005996487e-5,3.282944479755e-8
398,1,1.000000000000e-9,0,317,398,397,717,765,766,-1.348314498593e-4,-1.348179557704e-4,1.349408891373e-8
398,1,1.000000000000e-9,0,318,398,317,669,717,718,-2.181266247867e-6,-2.181262083012e-6,4.164854384204e-12
398,1,1.000000000000e-9,0,318,398,317,717,765,766,-1.348314498593e-4,-1.348179557704e-4,1.349408891373e-8
398,1,1.000000000000e-9,0,318,398,317,717,766,718,-1.105201410876e-4,-2.181262083219e-6,1.083388790044e-4
398,1,1.000000000000e-9,0,398,478,397,717,765,766,-1.388094859561e-4,-1.387958780982e-4,1.360785788763e-8
398,1,1.000000000000e-9,0,398,478,397,765,813,814,0.000000000000e0,0.000000000000e0,0.000000000000e0
398,1,1.000000000000e-9,0,398,478,397,765,814,766,-1.388092880296e-4,-7.948984767372e-6,1.308603032622e-4
398,1,1.000000000000e-9,0,668,716,717,317,398,397,0.000000000000e0,0.000000000000e0,0.000000000000e0
398,1,1.000000000000e-9,0,668,716,717,318,398,317,0.000000000000e0,0.000000000000e0,0.000000000000e0
398,1,1.000000000000e-9,0,668,717,669,318,398,317,0.000000000000e0,0.000000000000e0,0.000000000000e0
398,1,1.000000000000e-9,0,669,717,718,318,399,398,-2.181266215813e-6,-2.181262114859e-6,4.100954681567e-12
398,1,1.000000000000e-9,0,716,764,765,317,398,397,0.000000000000e0,0.000000000000e0,0.000000000000e0
398,1,1.000000000000e-9,0,716,764,765,398,478,397,0.000000000000e0,0.000000000000e0,0.000000000000e0
398,1,1.000000000000e-9,0,716,765,717,317,398,397,0.000000000000e0,0.000000000000e0,0.000000000000e0
398,1,1.000000000000e-9,0,716,765,717,318,398,317,-6.056311710742e-7,-6.056303888715e-7,7.822026666925e-13
398,1,1.000000000000e-9,0,716,765,717,398,478,397,-5.151768226449e-7,-5.151745840228e-7,2.238622156253e-12
398,1,1.000000000000e-9,0,717,765,766,318,399,398,-1.348314498593e-4,-1.348179557704e-4,1.349408891373e-8
398,1,1.000000000000e-9,0,717,765,766,398,479,478,-1.388094858517e-4,-1.387958781627e-4,1.360768893600e-8
398,1,1.000000000000e-9,0,717,765,766,399,479,398,-1.348314498593e-4,-1.348179557704e-4,1.349408891373e-8
398,1,1.000000000000e-9,0,717,766,718,318,399,398,-1.105201410191e-4,-2.181262152496e-6,1.083388788667e-4
398,1,1.000000000000e-9,0,764,813,765,398,478,397,0.000000000000e0,0.000000000000e0,0.000000000000e0
398,1,1.000000000000e-9,0,765,813,814,398,479,478,0.000000000000e0,0.000000000000e0,0.000000000000e0
398,1,1.000000000000e-9,0,765,814,766,398,479,478,-1.388092880122e-4,-7.948984845334e-6,1.308603031668e-4
398,1,1.000000000000e-9,0,765,814,766,399,479,398,-2.643811147525e-5,-2.643482858260e-5,3.282892649911e-9
398,1,1.000000000000e-10,0,317,398,397,717,765,766,-1.348253782204e-4,-1.348240279474e-4,1.350273088328e-9
398,1,1.000000000000e-10,0,318,398,317,669,717,718,-2.181265285028e-6,-2.181263012350e-6,2.272678732778e-12
398,1,1.000000000000e-10,0,318,398,317,717,765,766,-1.348253782204e-4,-1.348240279474e-4,1.350273088328e-9
398,1,1.000000000000e-10,0,318,398,317,717,766,718,-1.105147811117e-4,-2.181264356518e-6,1.083335167552e-4
398,1,1.000000000000e-10,0,398,478,397,717,765,766,-1.388033630310e-4,-1.388020009644e-4,1.362066615908e-9
398,1,1.000000000000e-10,0,398,478,397,765,813,814,0.000000000000e0,0.000000000000e0,0.000000000000e0
398,1,1.000000000000e-10,0,398,478,397,765,814,766,-1.388013829136e-4,-7.949005986623e-6,1.308523769270e-4
398,1,1.000000000000e-10,0,668,716,717,317,398,397,0.000000000000e0,0.000000000000e0,0.000000000000e0
398,1,1.000000000000e-10,0,668,716,717,318,398,317,0.000000000000e0,0.000000000000e0,0.000000000000e0
398,1,1.000000000000e-10,0,668,717,669,318,398,317,0.000000000000e0,0.000000000000e0,0.000000000000e0
398,1,1.000000000000e-10,0,669,717,718,318,399,398,-2.181263924316e-6,-2.181263523134e-6,4.011825970882e-13
398,1,1.000000000000e-10,0,716,764,765,317,398,397,0.000000000000e0,0.000000000000e0,0.000000000000e0
398,1,1.000000000000e-10,0,716,764,765,398,478,397,0.000000000000e0,0.000000000000e0,0.000000000000e0
398,1,1.000000000000e-10,0,716,765,717,317,398,397,0.000000000000e0,0.000000000000e0,0.000000000000e0
398,1,1.000000000000e-10,0,716,765,717,318,398,317,-6.056304401567e-7,-6.056310822556e-7,-6.420989504943e-13
398,1,1.000000000000e-10,0,716,765,717,398,478,397,-5.151758377313e-7,-5.151757497141e-7,8.801718704124e-14
398,1,1.000000000000e-10,0,717,765,766,318,399,398,-1.348253782204e-4,-1.348240279474e-4,1.350273088328e-9
398,1,1.000000000000e-10,0,717,765,766,398,479,478,-1.388033633887e-4,-1.388020006066e-4,1.362782127136e-9
398,1,1.000000000000e-10,0,717,765,766,399,479,398,-1.348253782204e-4,-1.348240279474e-4,1.350273088328e-9
398,1,1.000000000000e-10,0,717,766,718,318,399,398,-1.105147799082e-4,-2.181264048393e-6,1.083335158598e-4
398,1,1.000000000000e-10,0,764,813,765,398,478,397,0.000000000000e0,0.000000000000e0,0.000000000000e0
398,1,1.000000000000e-10,0,765,813,814,398,479,478,0.000000000000e0,0.000000000000e0,0.000000000000e0
398,1,1.000000000000e-10,0,765,814,766,398,479,478,-1.388013843612e-4,-7.949004900949e-6,1.308523794602e-4
398,1,1.000000000000e-10,0,765,814,766,399,479,398,-2.643663402115e-5,-2.643630633950e-5,3.276816543022e-10
766,1,1.000000000000e-8,0,317,398,397,717,765,766,1.233298874758e-4,1.234428129296e-4,1.129254538285e-7
766,1,1.000000000000e-8,0,318,398,317,717,765,766,1.233298874758e-4,1.234428129296e-4,1.129254538285e-7
766,1,1.000000000000e-8,0,318,398,317,717,766,718,0.000000000000e0,1.077042218592e-4,1.077042218592e-4
766,1,1.000000000000e-8,0,398,478,397,717,765,766,1.302263832782e-4,1.303461786871e-4,1.197954089079e-7
766,1,1.000000000000e-8,0,398,478,397,765,814,766,0.000000000000e0,1.303461589020e-4,1.303461589020e-4
766,1,1.000000000000e-8,0,717,765,766,318,399,398,1.233298874758e-4,1.234428129296e-4,1.129254538285e-7
766,1,1.000000000000e-8,0,717,765,766,398,479,478,1.302263832707e-4,1.303461786906e-4,1.197954199921e-7
766,1,1.000000000000e-8,0,717,765,766,399,479,398,1.233298874758e-4,1.234428129296e-4,1.129254538285e-7
766,1,1.000000000000e-8,0,717,766,718,318,399,398,0.000000000000e0,1.077042218490e-4,1.077042218490e-4
766,1,1.000000000000e-8,0,717,766,718,319,399,318,0.000000000000e0,0.000000000000e0,0.000000000000e0
766,1,1.000000000000e-8,0,765,814,766,398,479,478,0.000000000000e0,1.303461589103e-4,1.303461589103e-4
766,1,1.000000000000e-8,0,765,814,766,399,479,398,2.522922739345e-5,2.525916437343e-5,2.993697998797e-8
766,1,1.000000000000e-9,0,317,398,397,717,765,766,1.233806856161e-4,1.233919781875e-4,1.129257149487e-8
766,1,1.000000000000e-9,0,318,398,317,717,765,766,1.233806856161e-4,1.233919781875e-4,1.129257149487e-8
766,1,1.000000000000e-9,0,318,398,317,717,766,718,0.000000000000e0,1.076601159503e-4,1.076601159503e-4
766,1,1.000000000000e-9,0,398,478,397,717,765,766,1.302802713360e-4,1.302922509373e-4,1.197960124188e-8
766,1,1.000000000000e-9,0,398,478,397,765,814,766,0.000000000000e0,1.302920529894e-4,1.302920529894e-4
766,1,1.000000000000e-9,0,717,765,766,318,399,398,1.233806856161e-4,1.233919781875e-4,1.129257149487e-8
766,1,1.000000000000e-9,0,717,765,766,398,479,478,1.302802711623e-4,1.302922509712e-4,1.197980886421e-8
766,1,1.000000000000e-9,0,717,765,766,399,479,398,1.233806856161e-4,1.233919781875e-4,1.129257149487e-8
766,1,1.000000000000e-9,0,717,766,718,318,399,398,0.000000000000e0,1.076601158651e-4,1.076601158651e-4
766,1,1.000000000000e-9,0,717,766,718,319,399,318,0.000000000000e0,0.000000000000e0,0.000000000000e0
766,1,1.000000000000e-9,0,765,814,766,398,479,478,0.000000000000e0,1.302920530684e-4,1.302920530684e-4
766,1,1.000000000000e-9,0,765,814,766,399,479,398,2.524269501871e-5,2.524568865571e-5,2.993636998881e-9
766,1,1.000000000000e-10,0,317,398,397,717,765,766,1.233857674142e-4,1.233868973512e-4,1.129936988539e-9
766,1,1.000000000000e-10,0,318,398,317,717,765,766,1.233857674142e-4,1.233868973512e-4,1.129936988539e-9
766,1,1.000000000000e-10,0,318,398,317,717,766,718,0.000000000000e0,1.076549930822e-4,1.076549930822e-4
766,1,1.000000000000e-10,0,398,478,397,717,765,766,1.302856615493e-4,1.302868604256e-4,1.198876288744e-9
766,1,1.000000000000e-10,0,398,478,397,765,814,766,0.000000000000e0,1.302848815324e-4,1.302848815324e-4
766,1,1.000000000000e-10,0,717,765,766,318,399,398,1.233857674142e-4,1.233868973512e-4,1.129936988539e-9
766,1,1.000000000000e-10,0,717,765,766,398,479,478,1.302856614459e-4,1.302868611576e-4,1.199711741192e-9
766,1,1.000000000000e-10,0,717,765,766,399,479,398,1.233857674142e-4,1.233868973512e-4,1.129936988539e-9
766,1,1.000000000000e-10,0,717,766,718,318,399,398,0.000000000000e0,1.076549925714e-4,1.076549925714e-4
766,1,1.000000000000e-10,0,717,766,718,319,399,318,0.000000000000e0,0.000000000000e0,0.000000000000e0
766,1,1.000000000000e-10,0,765,814,766,398,479,478,0.000000000000e0,1.302848827525e-4,1.302848827525e-4
766,1,1.000000000000e-10,0,765,814,766,399,479,398,2.524404222676e-5,2.524434128512e-5,2.990583616725e-10
555,1,1.000000000000e-8,0,474,555,554,811,859,860,-1.458885210057e-4,-1.457400000532e-4,1.485209525364e-7
555,1,1.000000000000e-8,0,475,555,474,763,811,812,-3.247058950297e-6,-3.246975451212e-6,8.349908518968e-11
555,1,1.000000000000e-8,0,475,555,474,811,859,860,-1.458885210057e-4,-9.836015091638e-6,1.360525059141e-4
555,1,1.000000000000e-8,0,475,555,474,811,860,812,-9.836673579021e-6,-9.835995499079e-6,6.780799422933e-10
555,1,1.000000000000e-8,0,475,556,555,812,860,861,0.000000000000e0,0.000000000000e0,0.000000000000e0
555,1,1.000000000000e-8,0,538,555,539,811,859,860,-1.458885210057e-4,-1.457400000532e-4,1.485209525364e-7
555,1,1.000000000000e-8,0,554,555,538,811,859,860,-1.458885210057e-4,-1.457400000532e-4,1.485209525364e-7
555,1,1.000000000000e-8,0,555,556,539,812,860,861,0.000000000000e0,0.000000000000e0,0.000000000000e0
555,1,1.000000000000e-8,0,762,810,811,474,555,554,0.000000000000e0,0.000000000000e0,0.000000000000e0
555,1,1.000000000000e-8,0,762,810,811,475,555,474,0.000000000000e0,0.000000000000e0,0.000000000000e0
555,1,1.000000000000e-8,0,762,811,763,475,555,474,0.000000000000e0,0.000000000000e0,0.000000000000e0
555,1,1.000000000000e-8,0,763,811,812,475,556,555,-3.247058944734e-6,-3.246975456961e-6,8.348777349453e-11
555,1,1.000000000000e-8,0,810,858,859,474,555,554,0.000000000000e0,0.000000000000e0,0.000000000000e0
555,1,1.000000000000e-8,0,810,858,859,554,555,538,0.000000000000e0,0.000000000000e0,0.000000000000e0
555,1,1.000000000000e-8,0,810,859,811,474,555,554,0.000000000000e0,0.000000000000e0,0.000000000000e0
555,1,1.000000000000e-8,0,810,859,811,475,555,474,-3.001812004122e-6,-3.001717370224e-6,9.463389783218e-11
555,1,1.000000000000e-8,0,810,859,811,554,555,538,-3.812110736446e-6,-3.802712542678e-6,9.398193768348e-9
555,1,1.000000000000e-8,0,811,859,860,475,556,555,-1.458885210057e-4,-9.836015091638e-6,1.360525059141e-4
555,1,1.000000000000e-8,0,811,859,860,555,556,539,-1.458885210057e-4,-1.457400000532e-4,1.485209525364e-7
555,1,1.000000000000e-8,0,811,860,812,475,556,555,-9.836673585018e-6,-9.835995492999e-6,6.780920191298e-10
555,1,1.000000000000e-8,0,811,860,812,555,556,539,-1.286494504933e-6,-1.286443590043e-6,5.091488989751e-11
555,1,1.000000000000e-9,0,474,555,554,811,859,860,-1.458216591173e-4,-1.458068070313e-4,1.485208600785e-8
555,1,1.000000000000e-9,0,475,555,474,763,811,812,-3.247021423739e-6,-3.247012971608e-6,8.452131499067e-12
555,1,1.000000000000e-9,0,475,555,474,811,859,860,-1.458216591173e-4,-9.836496625195e-6,1.359851624921e-4
555,1,1.000000000000e-9,0,475,555,474,811,860,812,-9.836368446114e-6,-9.836300638811e-6,6.780730353427e-11
555,1,1.000000000000e-9,0,475,556,555,812,860,861,0.000000000000e0,0.000000000000e0,0.000000000000e0
555,1,1.000000000000e-9,0,538,555,539,811,859,860,-1.458216591173e-4,-1.458068070313e-4,1.485208600785e-8
555,1,1.000000000000e-9,0,554,555,538,811,859,860,-1.458216591173e-4,-1.458068070313e-4,1.485208600785e-8
555,1,1.000000000000e-9,0,555,556,539,812,860,861,0.000000000000e0,0.000000000000e0,0.000000000000e0
555,1,1.000000000000e-9,0,762,810,811,474,555,554,0.000000000000e0,0.000000000000e0,0.000000000000e0
555,1,1.000000000000e-9,0,762,810,811,475,555,474,0.000000000000e0,0.000000000000e0,0.000000000000e0
555,1,1.000000000000e-9,0,762,811,763,475,555,474,0.000000000000e0,0.000000000000e0,0.000000000000e0
555,1,1.000000000000e-9,0,763,811,812,475,556,555,-3.247021368938e-6,-3.247013082863e-6,8.286074990991e-12
555,1,1.000000000000e-9,0,810,858,859,474,555,554,0.000000000000e0,0.000000000000e0,0.000000000000e0
555,1,1.000000000000e-9,0,810,858,859,554,555,538,0.000000000000e0,0.000000000000e0,0.000000000000e0
555,1,1.000000000000e-9,0,810,859,811,474,555,554,0.000000000000e0,0.000000000000e0,0.000000000000e0
555,1,1.000000000000e-9,0,810,859,811,475,555,474,-3.001769452576e-6,-3.001759979497e-6,9.473079170005e-12
555,1,1.000000000000e-9,0,810,859,811,554,555,538,-3.807879398565e-6,-3.806939577693e-6,9.398208726420e-10
555,1,1.000000000000e-9,0,811,859,860,475,556,555,-1.458216591173e-4,-9.836496563777e-6,1.359851625536e-4
555,1,1.000000000000e-9,0,811,859,860,555,556,539,-1.458216591173e-4,-1.458068070313e-4,1.485208600785e-8
555,1,1.000000000000e-9,0,811,860,812,475,556,555,-9.836368444667e-6,-9.836300703744e-6,6.774092229064e-11
555,1,1.000000000000e-9,0,811,860,812,555,556,539,-1.286471590071e-6,-1.286466519092e-6,5.070979046389e-12
555,1,1.000000000000e-10,0,474,555,554,811,859,860,-1.458149756957e-4,-1.458134905446e-4,1.485151091056e-9
555,1,1.000000000000e-10,0,475,555,474,763,811,812,-3.247016925117e-6,-3.247016625264e-6,2.998529718387e-13
555,1,1.000000000000e-10,0,475,555,474,811,859,860,-1.458149756957e-4,-9.838291086207e-6,1.359766846095e-4
555,1,1.000000000000e-10,0,475,555,474,811,860,812,-9.836336762408e-6,-9.836331857227e-6,4.905181033286e-12
555,1,1.000000000000e-10,0,475,556,555,812,860,861,0.000000000000e0,0.000000000000e0,0.000000000000e0
555,1,1.000000000000e-10,0,538,555,539,811,859,860,-1.458149756957e-4,-1.458134905446e-4,1.485151091056e-9
555,1,1.000000000000e-10,0,554,555,538,811,859,860,-1.458149756957e-4,-1.458134905446e-4,1.485151091056e-9
555,1,1.000000000000e-10,0,555,556,539,812,860,861,0.000000000000e0,0.000000000000e0,0.000000000000e0
555,1,1.000000000000e-10,0,762,810,811,474,555,554,0.000000000000e0,0.000000000000e0,0.000000000000e0
555,1,1.000000000000e-10,0,762,810,811,475,555,474,0.000000000000e0,0.000000000000e0,0.000000000000e0
555,1,1.000000000000e-10,0,762,811,763,475,555,474,0.000000000000e0,0.000000000000e0,0.000000000000e0
555,1,1.000000000000e-10,0,763,811,812,475,556,555,-3.247016910642e-6,-3.247017202223e-6,-2.915811657132e-13
555,1,1.000000000000e-10,0,810,858,859,474,555,554,0.000000000000e0,0.000000000000e0,0.000000000000e0
555,1,1.000000000000e-10,0,810,858,859,554,555,538,0.000000000000e0,0.000000000000e0,0.000000000000e0
555,1,1.000000000000e-10,0,810,859,811,474,555,554,0.000000000000e0,0.000000000000e0,0.000000000000e0
555,1,1.000000000000e-10,0,810,859,811,475,555,474,-3.001765224029e-6,-3.001763627570e-6,1.596458582227e-12
555,1,1.000000000000e-10,0,810,859,811,554,555,538,-3.807456457601e-6,-3.807362464066e-6,9.399353466872e-11
555,1,1.000000000000e-10,0,811,859,860,475,556,555,-1.458149756957e-4,-9.838290494773e-6,1.359766852009e-4
555,1,1.000000000000e-10,0,811,859,860,555,556,539,-1.458149756957e-4,-1.458134905446e-4,1.485151091056e-9
555,1,1.000000000000e-10,0,811,860,812,475,556,555,-9.836338623565e-6,-9.836331319560e-6,7.304004807996e-12
555,1,1.000000000000e-10,0,811,860,812,555,556,539,-1.286469128537e-6,-1.286468968270e-6,1.602662435763e-13
547,1,1.000000000000e-8,0,466,547,546,754,802,803,0.000000000000e0,0.000000000000e0,0.000000000000e0
547,1,1.000000000000e-8,0,466,547,546,802,850,851,0.000000000000e0,0.000000000000e0,0.000000000000e0
547,1,1.000000000000e-8,0,466,547,546,802,851,803,0.000000000000e0,0.000000000000e0,0.000000000000e0
547,1,1.000000000000e-8,0,467,547,466,754,802,803,0.000000000000e0,0.000000000000e0,0.000000000000e0
547,1,1.000000000000e-8,0,467,547,466,754,803,755,0.000000000000e0,0.000000000000e0,0.000000000000e0
547,1,1.000000000000e-8,0,467,547,466,802,851,803,3.001717392248e-6,3.001812011112e-6,9.461886382449e-11
547,1,1.000000000000e-8,0,467,548,547,803,851,852,9.836000174966e-6,1.458885192306e-4,1.360525190556e-4
547,1,1.000000000000e-8,0,546,547,530,802,850,851,0.000000000000e0,0.000000000000e0,0.000000000000e0
547,1,1.000000000000e-8,0,546,547,530,802,851,803,3.802712384423e-6,3.812110578068e-6,9.398193644271e-9
547,1,1.000000000000e-8,0,547,548,531,803,851,852,1.457399982729e-4,1.458885192306e-4,1.485209576649e-7
547,1,1.000000000000e-8,0,755,803,804,467,547,466,3.246975408447e-6,3.247058900253e-6,8.349180600028e-11
547,1,1.000000000000e-8,0,755,803,804,467,548,547,3.246975408199e-6,3.247058900542e-6,8.349234366758e-11
547,1,1.000000000000e-8,0,803,851,852,466,547,546,1.457399982729e-4,1.458885192306e-4,1.485209576649e-7
547,1,1.000000000000e-8,0,803,851,852,467,547,466,9.836000187311e-6,1.458885192306e-4,1.360525190433e-4
547,1,1.000000000000e-8,0,803,851,852,530,547,531,1.457399982729e-4,1.458885192306e-4,1.485209576649e-7
547,1,1.000000000000e-8,0,803,851,852,546,547,530,1.457399982729e-4,1.458885192306e-4,1.485209576649e-7
547,1,1.000000000000e-8,0,803,852,804,467,547,466,9.835995368405e-6,9.836673460610e-6,6.780922052450e-10
547,1,1.000000000000e-8,0,803,852,804,467,548,547,9.835995368509e-6,9.836673460652e-6,6.780921432066e-10
547,1,1.000000000000e-8,0,803,852,804,547,548,531,1.286443594934e-6,1.286494515237e-6,5.092030276055e-11
547,1,1.000000000000e-8,0,804,852,853,467,548,547,0.000000000000e0,0.000000000000e0,0.000000000000e0
547,1,1.000000000000e-8,0,804,852,853,547,548,531,0.000000000000e0,0.000000000000e0,0.000000000000e0
547,1,1.000000000000e-9,0,466,547,546,754,802,803,0.000000000000e0,0.000000000000e0,0.000000000000e0
547,1,1.000000000000e-9,0,466,547,546,802,850,851,0.000000000000e0,0.000000000000e0,0.000000000000e0
547,1,1.000000000000e-9,0,466,547,546,802,851,803,0.000000000000e0,0.000000000000e0,0.000000000000e0
547,1,1.000000000000e-9,0,467,547,466,754,802,803,0.000000000000e0,0.000000000000e0,0.000000000000e0
547,1,1.000000000000e-9,0,467,547,466,754,803,755,0.000000000000e0,0.000000000000e0,0.000000000000e0
547,1,1.000000000000e-9,0,467,547,466,802,851,803,3.001760008862e-6,3.001769390538e-6,9.381675712106e-12
547,1,1.000000000000e-9,0,467,548,547,803,851,852,9.836348646512e-6,1.458216573561e-4,1.359853087096e-4
547,1,1.000000000000e-9,0,546,547,530,802,850,851,0.000000000000e0,0.000000000000e0,0.000000000000e0
547,1,1.000000000000e-9,0,546,547,530,802,851,803,3.806939420587e-6,3.807879242146e-6,9.398215592668e-10
547,1,1.000000000000e-9,0,547,548,531,803,851,852,1.458068052595e-4,1.458216573561e-4,1.485209655437e-8
547,1,1.000000000000e-9,0,755,803,804,467,547,466,3.247012990426e-6,3.247021330061e-6,8.339634935760e-12
547,1,1.000000000000e-9,0,755,803,804,467,548,547,3.247012989392e-6,3.247021331095e-6,8.341702887503e-12
547,1,1.000000000000e-9,0,803,851,852,466,547,546,1.458068052595e-4,1.458216573561e-4,1.485209655437e-8
547,1,1.000000000000e-9,0,803,851,852,467,547,466,9.836348584060e-6,1.458216573561e-4,1.359853087720e-4
547,1,1.000000000000e-9,0,803,851,852,530,547,531,1.458068052595e-4,1.458216573561e-4,1.485209655437e-8
547,1,1.000000000000e-9,0,803,851,852,546,547,530,1.458068052595e-4,1.458216573561e-4,1.485209655437e-8
547,1,1.000000000000e-9,0,803,852,804,467,547,466,9.836300521765e-6,9.836368265168e-6,6.774340383121e-11
547,1,1.000000000000e-9,0,803,852,804,467,548,547,9.836300462208e-6,9.836368323691e-6,6.786148386460e-11
547,1,1.000000000000e-9,0,803,852,804,547,548,531,1.286466486935e-6,1.286471626519e-6,5.139583338575e-12
547,1,1.000000000000e-9,0,804,852,853,467,548,547,0.000000000000e0,0.000000000000e0,0.000000000000e0
547,1,1.000000000000e-9,0,804,852,853,547,548,531,0.000000000000e0,0.000000000000e0,0.000000000000e0
547,1,1.000000000000e-10,0,466,547,546,754,802,803,0.000000000000e0,0.000000000000e0,0.000000000000e0
547,1,1.000000000000e-10,0,466,547,546,802,850,851,0.000000000000e0,0.000000000000e0,0.000000000000e0
547,1,1.000000000000e-10,0,466,547,546,802,851,803,0.000000000000e0,0.000000000000e0,0.000000000000e0
547,1,1.000000000000e-10,0,467,547,466,754,802,803,0.000000000000e0,0.000000000000e0,0.000000000000e0
547,1,1.000000000000e-10,0,467,547,466,754,803,755,0.000000000000e0,0.000000000000e0,0.000000000000e0
547,1,1.000000000000e-10,0,467,547,466,802,851,803,3.001764298621e-6,3.001764560217e-6,2.615958686140e-13
547,1,1.000000000000e-10,0,467,548,547,803,851,852,9.836811770875e-6,1.458149733238e-4,1.359781615529e-4
547,1,1.000000000000e-10,0,546,547,530,802,850,851,0.000000000000e0,0.000000000000e0,0.000000000000e0
547,1,1.000000000000e-10,0,546,547,530,802,851,803,3.807362326499e-6,3.807456276041e-6,9.394954223087e-11
547,1,1.000000000000e-10,0,547,548,531,803,851,852,1.458134880941e-4,1.458149733238e-4,1.485229673216e-9
547,1,1.000000000000e-10,0,755,803,804,467,547,466,3.247016639740e-6,3.247017932210e-6,1.292469707326e-12
547,1,1.000000000000e-10,0,755,803,804,467,548,547,3.247017723347e-6,3.247017942549e-6,2.192028623266e-13
547,1,1.000000000000e-10,0,803,851,852,466,547,546,1.458134880941e-4,1.458149733238e-4,1.485229673216e-9
547,1,1.000000000000e-10,0,803,851,852,467,547,466,9.836812407804e-6,1.458149733238e-4,1.359781609159e-4
547,1,1.000000000000e-10,0,803,851,852,530,547,531,1.458134880941e-4,1.458149733238e-4,1.485229673216e-9
547,1,1.000000000000e-10,0,803,851,852,546,547,530,1.458134880941e-4,1.458149733238e-4,1.485229673216e-9
547,1,1.000000000000e-10,0,803,852,804,467,547,466,9.836332407302e-6,9.836337264921e-6,4.857618146159e-12
547,1,1.000000000000e-10,0,803,852,804,467,548,547,9.836330539942e-6,9.836337235969e-6,6.696027059040e-12
547,1,1.000000000000e-10,0,803,852,804,547,548,531,1.286468800249e-6,1.286469478020e-6,6.777711144636e-13
547,1,1.000000000000e-10,0,804,852,853,467,548,547,0.000000000000e0,0.000000000000e0,0.000000000000e0
547,1,1.000000000000e-10,0,804,852,853,547,548,531,0.000000000000e0,0.000000000000e0,0.000000000000e0
814,1,1.000000000000e-8,0,397,478,477,765,813,814,1.417949344278e-4,1.419268632359e-4,1.319288081305e-7
814,1,1.000000000000e-8,0,398,478,397,765,813,814,1.417949344278e-4,1.419268632359e-4,1.319288081305e-7
814,1,1.000000000000e-8,0,398,478,397,765,814,766,1.979858864097e-11,1.305210140876e-4,1.305209942890e-4
814,1,1.000000000000e-8,0,478,558,477,765,813,814,1.428397983641e-4,1.429728409490e-4,1.330425849051e-7
814,1,1.000000000000e-8,0,478,558,477,813,862,814,1.428397983685e-4,1.429728409558e-4,1.330425873039e-7
814,1,1.000000000000e-8,0,765,813,814,398,479,478,1.417949344278e-4,1.419268632359e-4,1.319288081305e-7
814,1,1.000000000000e-8,0,765,813,814,478,559,558,1.428397983750e-4,1.429728409512e-4,1.330425762610e-7
814,1,1.000000000000e-8,0,765,813,814,479,559,478,1.417949344278e-4,1.419268632359e-4,1.319288081305e-7
814,1,1.000000000000e-8,0,765,814,766,398,479,478,1.979027547582e-11,1.305210140961e-4,1.305209943058e-4
814,1,1.000000000000e-8,0,765,814,766,399,479,398,0.000000000000e0,0.000000000000e0,0.000000000000e0
814,1,1.000000000000e-8,0,813,862,814,478,559,558,1.428397983573e-4,1.429728409621e-4,1.330426047987e-7
814,1,1.000000000000e-8,0,813,862,814,479,559,478,2.362806604138e-5,2.365685020274e-5,2.878416135871e-8
814,1,1.000000000000e-9,0,397,478,477,765,813,814,1.418542794978e-4,1.418674723123e-4,1.319281443181e-8
814,1,1.000000000000e-9,0,398,478,397,765,813,814,1.418542794978e-4,1.418674723123e-4,1.319281443181e-8
814,1,1.000000000000e-9,0,398,478,397,765,814,766,1.979858864097e-10,1.304669414555e-4,1.304667434697e-4
814,1,1.000000000000e-9,0,478,558,477,765,813,814,1.428996443356e-4,1.429129486109e-4,1.330427536498e-8
814,1,1.000000000000e-9,0,478,558,477,813,862,814,1.428996443356e-4,1.429129486409e-4,1.330430535027e-8
814,1,1.000000000000e-9,0,765,813,814,398,479,478,1.418542794978e-4,1.418674723123e-4,1.319281443181e-8
814,1,1.000000000000e-9,0,765,813,814,478,559,558,1.428996444445e-4,1.429129484612e-4,1.330401666423e-8
814,1,1.000000000000e-9,0,765,813,814,479,559,478,1.418542794978e-4,1.418674723123e-4,1.319281443181e-8
814,1,1.000000000000e-9,0,765,814,766,398,479,478,1.979027547582e-10,1.304669416024e-4,1.304667436996e-4
814,1,1.000000000000e-9,0,765,814,766,399,479,398,0.000000000000e0,0.000000000000e0,0.000000000000e0
814,1,1.000000000000e-9,0,813,862,814,478,559,558,1.428996442681e-4,1.429129486376e-4,1.330436945679e-8
814,1,1.000000000000e-9,0,813,862,814,479,559,478,2.364101499672e-5,2.364389335830e-5,2.878361574004e-9
814,1,1.000000000000e-10,0,397,478,477,765,813,814,1.418602164851e-4,1.418615351599e-4,1.318674788911e-9
814,1,1.000000000000e-10,0,398,478,397,765,813,814,1.418602164851e-4,1.418615351599e-4,1.318674788911e-9
814,1,1.000000000000e-10,0,398,478,397,765,814,766,1.979858864097e-9,1.304615355620e-4,1.304595557032e-4
814,1,1.000000000000e-10,0,478,558,477,765,813,814,1.429056315238e-4,1.429069621989e-4,1.330675111657e-9
814,1,1.000000000000e-10,0,478,558,477,813,862,814,1.429056312509e-4,1.429069614793e-4,1.330228434105e-9
814,1,1.000000000000e-10,0,765,813,814,398,479,478,1.418602164851e-4,1.418615351599e-4,1.318674788911e-9
814,1,1.000000000000e-10,0,765,813,814,478,559,558,1.429056316624e-4,1.429069608341e-4,1.329171710901e-9
814,1,1.000000000000e-10,0,765,813,814,479,559,478,1.418602164851e-4,1.418615351599e-4,1.318674788911e-9
814,1,1.000000000000e-10,0,765,814,766,398,479,478,1.979027547582e-9,1.304615365629e-4,1.304595575354e-4
814,1,1.000000000000e-10,0,765,814,766,399,479,398,0.000000000000e0,0.000000000000e0,0.000000000000e0
814,1,1.000000000000e-10,0,813,862,814,478,559,558,1.429056305726e-4,1.429069614793e-4,1.330906722205e-9
814,1,1.000000000000e-10,0,813,862,814,479,559,478,2.364231039837e-5,2.364259785501e-5,2.874566365987e-10
859,1,1.000000000000e-8,0,473,554,553,810,858,859,5.256867159011e-6,5.257300339808e-6,4.331807969552e-10
859,1,1.000000000000e-8,0,474,554,473,810,858,859,7.648199340239e-6,7.648822299875e-6,6.229596351405e-10
859,1,1.000000000000e-8,0,474,554,473,810,859,811,0.000000000000e0,0.000000000000e0,0.000000000000e0
859,1,1.000000000000e-8,0,474,555,554,811,859,860,1.358380948387e-4,1.359671113006e-4,1.290164618824e-7
859,1,1.000000000000e-8,0,475,555,474,811,859,860,1.959247591184e-11,1.359671113006e-4,1.359670917081e-4
859,1,1.000000000000e-8,0,537,554,538,810,858,859,5.256867159011e-6,5.257300339808e-6,4.331807969552e-10
859,1,1.000000000000e-8,0,538,555,539,811,859,860,1.358380948387e-4,1.359671113006e-4,1.290164618824e-7
859,1,1.000000000000e-8,0,553,554,537,810,858,859,5.256867159011e-6,5.257300339808e-6,4.331807969552e-10
859,1,1.000000000000e-8,0,554,555,538,811,859,860,1.358380948387e-4,1.359671113006e-4,1.290164618824e-7
859,1,1.000000000000e-8,0,810,858,859,474,555,554,7.648199340363e-6,7.648822297414e-6,6.229570502026e-10
859,1,1.000000000000e-8,0,810,858,859,554,555,538,5.256867159011e-6,5.257300339808e-6,4.331807969552e-10
859,1,1.000000000000e-8,0,810,859,811,474,555,554,0.000000000000e0,0.000000000000e0,0.000000000000e0
859,1,1.000000000000e-8,0,810,859,811,475,555,474,0.000000000000e0,0.000000000000e0,0.000000000000e0
859,1,1.000000000000e-8,0,810,859,811,554,555,538,4.003371362708e-6,4.013791818742e-6,1.042045603408e-8
859,1,1.000000000000e-8,0,811,859,860,475,556,555,1.959867976643e-11,1.359671113006e-4,1.359670917019e-4
859,1,1.000000000000e-8,0,811,859,860,539,556,540,0.000000000000e0,0.000000000000e0,0.000000000000e0
859,1,1.000000000000e-8,0,811,859,860,555,556,539,1.358380948387e-4,1.359671113006e-4,1.290164618824e-7
859,1,1.000000000000e-9,0,473,554,553,810,858,859,5.257062065252e-6,5.257105454391e-6,4.338913864548e-11
859,1,1.000000000000e-9,0,474,554,473,810,858,859,7.648479649022e-6,7.648541976668e-6,6.232764556578e-11
859,1,1.000000000000e-9,0,474,554,473,810,859,811,0.000000000000e0,0.000000000000e0,0.000000000000e0
859,1,1.000000000000e-9,0,474,555,554,811,859,860,1.358961300147e-4,1.359090316074e-4,1.290159267587e-8
859,1,1.000000000000e-9,0,475,555,474,811,859,860,1.959247591184e-10,1.359090316074e-4,1.359088356826e-4
859,1,1.000000000000e-9,0,537,554,538,810,858,859,5.257062065252e-6,5.257105454391e-6,4.338913864548e-11
859,1,1.000000000000e-9,0,538,555,539,811,859,860,1.358961300147e-4,1.359090316074e-4,1.290159267587e-8
859,1,1.000000000000e-9,0,553,554,537,810,858,859,5.257062065252e-6,5.257105454391e-6,4.338913864548e-11
859,1,1.000000000000e-9,0,554,555,538,811,859,860,1.358961300147e-4,1.359090316074e-4,1.290159267587e-8
859,1,1.000000000000e-9,0,810,858,859,474,555,554,7.648479650263e-6,7.648541934378e-6,6.228411518567e-11
859,1,1.000000000000e-9,0,810,858,859,554,555,538,5.257062065252e-6,5.257105454391e-6,4.338913864548e-11
859,1,1.000000000000e-9,0,810,859,811,474,555,554,0.000000000000e0,0.000000000000e0,0.000000000000e0
859,1,1.000000000000e-9,0,810,859,811,475,555,474,0.000000000000e0,0.000000000000e0,0.000000000000e0
859,1,1.000000000000e-9,0,810,859,811,554,555,538,4.008058053531e-6,4.009100099602e-6,1.042046070942e-9
859,1,1.000000000000e-9,0,811,859,860,475,556,555,1.959867976643e-10,1.359090316074e-4,1.359088356206e-4
859,1,1.000000000000e-9,0,811,859,860,539,556,540,0.000000000000e0,0.000000000000e0,0.000000000000e0
859,1,1.000000000000e-9,0,811,859,860,555,556,539,1.358961300147e-4,1.359090316074e-4,1.290159267587e-8
859,1,1.000000000000e-10,0,473,554,553,810,858,859,5.257081532121e-6,5.257085969945e-6,4.437823985923e-12
859,1,1.000000000000e-10,0,474,554,473,810,858,859,7.648507632749e-6,7.648514070282e-6,6.437533116982e-12
859,1,1.000000000000e-10,0,474,554,473,810,859,811,0.000000000000e0,0.000000000000e0,0.000000000000e0
859,1,1.000000000000e-10,0,474,555,554,811,859,860,1.359019352547e-4,1.359032259832e-4,1.290728491942e-9
859,1,1.000000000000e-10,0,475,555,474,811,859,860,1.959247591184e-9,1.359032259832e-4,1.359012667356e-4
859,1,1.000000000000e-10,0,537,554,538,810,858,859,5.257081532121e-6,5.257085969945e-6,4.437823985923e-12
859,1,1.000000000000e-10,0,538,555,539,811,859,860,1.359019352547e-4,1.359032259832e-4,1.290728491942e-9
859,1,1.000000000000e-10,0,553,554,537,810,858,859,5.257081532121e-6,5.257085969945e-6,4.437823985923e-12
859,1,1.000000000000e-10,0,554,555,538,811,859,860,1.359019352547e-4,1.359032259832e-4,1.290728491942e-9
859,1,1.000000000000e-10,0,810,858,859,474,555,554,7.648507716501e-6,7.648513205879e-6,5.489377339526e-12
859,1,1.000000000000e-10,0,810,858,859,554,555,538,5.257081532121e-6,5.257085969945e-6,4.437823985923e-12
859,1,1.000000000000e-10,0,810,859,811,474,555,554,0.000000000000e0,0.000000000000e0,0.000000000000e0
859,1,1.000000000000e-10,0,810,859,811,475,555,474,0.000000000000e0,0.000000000000e0,0.000000000000e0
859,1,1.000000000000e-10,0,810,859,811,554,555,538,4.008526933101e-6,4.008631146646e-6,1.042135450074e-10
859,1,1.000000000000e-10,0,811,859,860,475,556,555,1.959867976643e-9,1.359032259832e-4,1.359012661152e-4
859,1,1.000000000000e-10,0,811,859,860,539,556,540,0.000000000000e0,0.000000000000e0,0.000000000000e0
859,1,1.000000000000e-10,0,811,859,860,555,556,539,1.359019352547e-4,1.359032259832e-4,1.290728491942e-9
