node,axis,step_m,term,analytic_n,central_n,left_n,right_n
762,1,1.000000000000e-8,without_surface_contact,-8.088359601305e-3,-8.088359607192e-3,-8.089899860035e-3,-8.086819354349e-3
762,1,1.000000000000e-8,surface_contact,8.110275504452e-3,8.111945677355e-3,8.018401632774e-3,8.205489721936e-3
762,1,1.000000000000e-9,without_surface_contact,-8.088359601305e-3,-8.088359571955e-3,-8.088513582874e-3,-8.088205561037e-3
762,1,1.000000000000e-9,surface_contact,8.110275504452e-3,8.110292195858e-3,8.100941141856e-3,8.119643249861e-3
762,1,1.000000000000e-10,without_surface_contact,-8.088359601305e-3,-8.088359626165e-3,-8.088374804996e-3,-8.088344447335e-3
762,1,1.000000000000e-10,surface_contact,8.110275504452e-3,8.110275959931e-3,8.109341106607e-3,8.111210813254e-3
394,1,1.000000000000e-8,without_surface_contact,8.563978424781e-3,8.563978438078e-3,8.561951858220e-3,8.566005017937e-3
394,1,1.000000000000e-8,surface_contact,-8.585814625165e-3,-8.587897228204e-3,-8.696153980291e-3,-8.479640476117e-3
394,1,1.000000000000e-9,without_surface_contact,8.563978424781e-3,8.563978410973e-3,8.563775773587e-3,8.564181048359e-3
394,1,1.000000000000e-9,surface_contact,-8.585814625165e-3,-8.585835438880e-3,-8.596656589713e-3,-8.575014288047e-3
394,1,1.000000000000e-10,without_surface_contact,8.563978424781e-3,8.563978248343e-3,8.563957919552e-3,8.563998577134e-3
394,1,1.000000000000e-10,surface_contact,-8.585814625165e-3,-8.585814893249e-3,-8.586896927017e-3,-8.584732859480e-3
306,1,1.000000000000e-8,without_surface_contact,-7.783060991290e-3,-7.783061001243e-3,-7.785115499308e-3,-7.781006503178e-3
306,1,1.000000000000e-8,surface_contact,7.765572733577e-3,7.767115775418e-3,7.678349790837e-3,7.855881759998e-3
306,1,1.000000000000e-9,without_surface_contact,-7.783060991290e-3,-7.783060979559e-3,-7.783266435871e-3,-7.782855523247e-3
306,1,1.000000000000e-9,surface_contact,7.765572733577e-3,7.765588167083e-3,7.756714595717e-3,7.774461738448e-3
306,1,1.000000000000e-10,without_surface_contact,-7.783060991290e-3,-7.783061033769e-3,-7.783081362560e-3,-7.783040704978e-3
306,1,1.000000000000e-10,surface_contact,7.765572733577e-3,7.765572852727e-3,7.764685704299e-3,7.766460001155e-3
706,1,1.000000000000e-8,without_surface_contact,7.446804209674e-3,7.446804211144e-3,7.445243353039e-3,7.448365069249e-3
706,1,1.000000000000e-8,surface_contact,-7.430598989635e-3,-7.431834268541e-3,-7.508490373507e-3,-7.355178163575e-3
706,1,1.000000000000e-9,without_surface_contact,7.446804209674e-3,7.446804213855e-3,7.446648115847e-3,7.446960311863e-3
706,1,1.000000000000e-9,surface_contact,-7.430598989635e-3,-7.430611302043e-3,-7.438274659839e-3,-7.422947944247e-3
706,1,1.000000000000e-10,without_surface_contact,7.446804209674e-3,7.446803590438e-3,7.446787869507e-3,7.446819311370e-3
706,1,1.000000000000e-10,surface_contact,-7.430598989635e-3,-7.430598833718e-3,-7.431365093603e-3,-7.429832573833e-3
390,1,1.000000000000e-8,without_surface_contact,-5.763933475741e-3,-5.763933503666e-3,-5.766553494478e-3,-5.761313512853e-3
390,1,1.000000000000e-8,surface_contact,5.775821604819e-3,5.775911351849e-3,5.759305559587e-3,5.792517144112e-3
390,1,1.000000000000e-9,without_surface_contact,-5.763933475741e-3,-5.763933465719e-3,-5.764195436068e-3,-5.763671495369e-3
390,1,1.000000000000e-9,surface_contact,5.775821604819e-3,5.775822474376e-3,5.774161964539e-3,5.777482984214e-3
390,1,1.000000000000e-10,without_surface_contact,-5.763933475741e-3,-5.763933438614e-3,-5.763959188415e-3,-5.763907688812e-3
390,1,1.000000000000e-10,surface_contact,5.775821604819e-3,5.775821715435e-3,5.775655561452e-3,5.775987869418e-3
466,1,1.000000000000e-8,without_surface_contact,-8.797587052976e-3,-8.797587062060e-3,-8.799591692246e-3,-8.795582431874e-3
466,1,1.000000000000e-8,surface_contact,8.808493925095e-3,8.810518848236e-3,8.703989959336e-3,8.917047737136e-3
466,1,1.000000000000e-9,without_surface_contact,-8.797587052976e-3,-8.797587062060e-3,-8.797787476832e-3,-8.797386647288e-3
466,1,1.000000000000e-9,surface_contact,8.808493925095e-3,8.808514166550e-3,8.797865647808e-3,8.819162685293e-3
466,1,1.000000000000e-10,without_surface_contact,-8.797587052976e-3,-8.797586953640e-3,-8.797606198228e-3,-8.797567709051e-3
466,1,1.000000000000e-10,surface_contact,8.808493925095e-3,8.808494027495e-3,8.807429069911e-3,8.809558985079e-3
