stage,residual_n,min_j,wall_max_displacement_m,support_max_displacement_m,minimum_surface_distance_m,contact_energy_j,cross_tissue_contact_energy_j,support_pressure_pa,load_factor,applied_support_pressure_pa,contact_law,load_law,physical_time_s
load-1-sub-1,9.737768781342e-8,9.334605071144e-1,5.312996926943e-4,6.675259176536e-4,8.578992289165e-6,3.374663176227e-7,3.374663176227e-7,2.000000000000e2,2.500000000000e-1,5.000000000000e1,ExperimentalPrimitiveSum,closed-follower,5.000000000000e-2
load-1,9.069033778770e-8,9.328834117978e-1,5.419964030707e-4,6.775940493728e-4,8.362995756947e-6,3.398794634174e-7,3.398794634174e-7,2.000000000000e2,2.500000000000e-1,5.000000000000e1,ExperimentalPrimitiveSum,closed-follower,1.000000000000e-1
load-2-sub-1,9.526541919985e-8,8.676614831369e-1,9.612799775283e-4,1.106601369348e-3,2.094854965295e-6,7.855735518232e-7,7.855735518232e-7,2.000000000000e2,5.000000000000e-1,1.000000000000e2,ExperimentalPrimitiveSum,closed-follower,1.500000000000e-1
load-2,9.802327401054e-8,8.665964724435e-1,9.786072051763e-4,1.123292929861e-3,2.088415440500e-6,7.895960783331e-7,7.895960783331e-7,2.000000000000e2,5.000000000000e-1,1.000000000000e2,ExperimentalPrimitiveSum,closed-follower,2.000000000000e-1
load-3-sub-1,9.893988872952e-8,8.021355985200e-1,1.390826909974e-3,1.539664774748e-3,1.559504427172e-6,1.161359242061e-6,1.161359242061e-6,2.000000000000e2,7.500000000000e-1,1.500000000000e2,ExperimentalPrimitiveSum,closed-follower,2.500000000000e-1
load-3,9.868759399264e-8,8.006138050875e-1,1.412964064829e-3,1.561180218813e-3,1.558118239251e-6,1.165025544721e-6,1.165025544721e-6,2.000000000000e2,7.500000000000e-1,1.500000000000e2,ExperimentalPrimitiveSum,closed-follower,3.000000000000e-1
loaded-sub-1,9.904006242918e-8,7.365948306659e-1,1.823587431416e-3,1.973850666403e-3,1.366634197086e-6,1.423348730211e-6,1.423348730211e-6,2.000000000000e2,1.000000000000e0,2.000000000000e2,ExperimentalPrimitiveSum,closed-follower,3.500000000000e-1
loaded,9.546846126278e-8,7.346777002320e-1,1.849489501744e-3,1.999154163873e-3,1.365456770994e-6,1.425410578119e-6,1.425410578119e-6,2.000000000000e2,1.000000000000e0,2.000000000000e2,ExperimentalPrimitiveSum,closed-follower,4.000000000000e-1
hold-1-sub-1,9.472778159564e-8,7.329575747911e-1,1.873087469126e-3,2.022217986560e-3,1.364417368257e-6,1.427313562092e-6,1.427313562092e-6,2.000000000000e2,1.000000000000e0,2.000000000000e2,ExperimentalPrimitiveSum,closed-follower,4.500000000000e-1
hold-1,9.480706229771e-8,7.314074087314e-1,1.894669275498e-3,2.043319914037e-3,1.363492842789e-6,1.429069049380e-6,1.429069049380e-6,2.000000000000e2,1.000000000000e0,2.000000000000e2,ExperimentalPrimitiveSum,closed-follower,5.000000000000e-1
hold-2-sub-1,9.482551374894e-8,7.300032323990e-1,1.914484884516e-3,2.062703297208e-3,1.362666859794e-6,1.430688146068e-6,1.430688146068e-6,2.000000000000e2,1.000000000000e0,2.000000000000e2,ExperimentalPrimitiveSum,closed-follower,5.500000000000e-1
hold-2,9.909473651369e-8,7.287264265223e-1,1.932741529556e-3,2.080568497674e-3,1.361926092322e-6,1.432181995099e-6,1.432181995099e-6,2.000000000000e2,1.000000000000e0,2.000000000000e2,ExperimentalPrimitiveSum,closed-follower,6.000000000000e-1
hold-3-sub-1,9.440488342157e-8,7.275594428222e-1,1.949627459814e-3,2.097098469676e-3,1.361254152252e-6,1.433559039677e-6,1.433559039677e-6,2.000000000000e2,1.000000000000e0,2.000000000000e2,ExperimentalPrimitiveSum,closed-follower,6.500000000000e-1
hold-3,9.092605404140e-8,7.264893961490e-1,1.965284547155e-3,2.112430947781e-3,1.360647665251e-6,1.434831821086e-6,1.434831821086e-6,2.000000000000e2,1.000000000000e0,2.000000000000e2,ExperimentalPrimitiveSum,closed-follower,7.000000000000e-1
hold-4-sub-1,9.910668821675e-8,7.255040101955e-1,1.979854020788e-3,2.126703300610e-3,1.360092010879e-6,1.436008878353e-6,1.436008878353e-6,2.000000000000e2,1.000000000000e0,2.000000000000e2,ExperimentalPrimitiveSum,closed-follower,7.500000000000e-1
hold-4,8.316076417009e-8,7.245929313354e-1,1.993449331134e-3,2.140025690903e-3,1.359584813224e-6,1.437099314134e-6,1.437099314134e-6,2.000000000000e2,1.000000000000e0,2.000000000000e2,ExperimentalPrimitiveSum,closed-follower,8.000000000000e-1
hold-5-sub-1,9.971924536786e-8,7.237484927510e-1,2.006169106323e-3,2.152493884944e-3,1.359117808358e-6,1.438106168568e-6,1.438106168568e-6,2.000000000000e2,1.000000000000e0,2.000000000000e2,ExperimentalPrimitiveSum,closed-follower,8.500000000000e-1
hold-5,9.991525993321e-8,7.229625139324e-1,2.018100712448e-3,2.164193054218e-3,1.358685758018e-6,1.439040530754e-6,1.439040530754e-6,2.000000000000e2,1.000000000000e0,2.000000000000e2,ExperimentalPrimitiveSum,closed-follower,9.000000000000e-1
unload-1-sub-1,9.506618960411e-8,7.853428916393e-1,1.644567496456e-3,1.787028939931e-3,1.539672583600e-6,1.200373986520e-6,1.200373986520e-6,2.000000000000e2,7.500000000000e-1,1.500000000000e2,ExperimentalPrimitiveSum,closed-follower,9.500000000000e-1
unload-1,9.042865056619e-8,7.853075047573e-1,1.647066118652e-3,1.789486081150e-3,1.539733109484e-6,1.201872305554e-6,1.201872305554e-6,2.000000000000e2,7.500000000000e-1,1.500000000000e2,ExperimentalPrimitiveSum,closed-follower,1.000000000000e0
unload-2-sub-1,9.866497405313e-8,8.493825268629e-1,1.260536403455e-3,1.396769437188e-3,2.037621164423e-6,8.494982751107e-7,8.494982751107e-7,2.000000000000e2,5.000000000000e-1,1.000000000000e2,ExperimentalPrimitiveSum,closed-follower,1.050000000000e0
unload-2,9.383998168753e-8,8.498740460178e-1,1.254981969337e-3,1.391421070983e-3,2.040604503702e-6,8.504810988808e-7,8.504810988808e-7,2.000000000000e2,5.000000000000e-1,1.000000000000e2,ExperimentalPrimitiveSum,closed-follower,1.100000000000e0
unload-3-sub-1,8.313719890542e-8,9.155552603224e-1,8.491303682148e-4,9.720296464868e-4,5.666438181079e-6,3.750227793813e-7,3.750227793813e-7,2.000000000000e2,2.500000000000e-1,5.000000000000e1,ExperimentalPrimitiveSum,closed-follower,1.150000000000e0
unload-3,9.510265713242e-8,9.164245609186e-1,8.359512448945e-4,9.594310463813e-4,5.712654831449e-6,3.754350481272e-7,3.754350481272e-7,2.000000000000e2,2.500000000000e-1,5.000000000000e1,ExperimentalPrimitiveSum,closed-follower,1.200000000000e0
released-sub-1,9.895463962583e-8,9.761442576430e-1,3.390587478824e-4,3.404893428457e-4,6.465100076356e-5,0.000000000000e0,0.000000000000e0,2.000000000000e2,0.000000000000e0,0.000000000000e0,ExperimentalPrimitiveSum,closed-follower,1.250000000000e0
released,9.077363967438e-8,9.779079469290e-1,3.159589601384e-4,3.174594992207e-4,7.347961035449e-5,0.000000000000e0,0.000000000000e0,2.000000000000e2,0.000000000000e0,0.000000000000e0,ExperimentalPrimitiveSum,closed-follower,1.300000000000e0
recover-1-sub-1,9.558482236584e-8,9.794691159156e-1,2.952572079416e-4,2.967298406971e-4,8.191765272068e-5,0.000000000000e0,0.000000000000e0,2.000000000000e2,0.000000000000e0,0.000000000000e0,ExperimentalPrimitiveSum,closed-follower,1.350000000000e0
recover-1,9.248924767682e-8,9.808611714211e-1,2.766635067678e-4,2.780041834811e-4,8.967234563978e-5,0.000000000000e0,0.000000000000e0,2.000000000000e2,0.000000000000e0,0.000000000000e0,ExperimentalPrimitiveSum,closed-follower,1.400000000000e0
recover-2-sub-1,8.851238556882e-8,9.821023428103e-1,2.598939005558e-4,2.610326931036e-4,9.690243713671e-5,0.000000000000e0,0.000000000000e0,2.000000000000e2,0.000000000000e0,0.000000000000e0,ExperimentalPrimitiveSum,closed-follower,1.450000000000e0
recover-2,9.379162787801e-8,9.832144350862e-1,2.447308201042e-4,2.456145860946e-4,1.024777148533e-4,0.000000000000e0,0.000000000000e0,2.000000000000e2,0.000000000000e0,0.000000000000e0,ExperimentalPrimitiveSum,closed-follower,1.500000000000e0
recover-3-sub-1,8.309320220490e-8,9.842169009373e-1,2.309970172313e-4,2.315820681103e-4,1.061262468594e-4,0.000000000000e0,0.000000000000e0,2.000000000000e2,0.000000000000e0,0.000000000000e0,ExperimentalPrimitiveSum,closed-follower,1.550000000000e0
recover-3,9.445994019524e-8,9.851225879268e-1,2.185160124531e-4,2.187887493705e-4,1.094756045050e-4,0.000000000000e0,0.000000000000e0,2.000000000000e2,0.000000000000e0,0.000000000000e0,ExperimentalPrimitiveSum,closed-follower,1.600000000000e0
recover-4-sub-1,9.012310577150e-8,9.859409257270e-1,2.071311335206e-4,2.070987532086e-4,1.125799032419e-4,0.000000000000e0,0.000000000000e0,2.000000000000e2,0.000000000000e0,0.000000000000e0,ExperimentalPrimitiveSum,closed-follower,1.650000000000e0
recover-4,9.572418522460e-8,9.866860550179e-1,1.967278021942e-4,1.963991559689e-4,1.153685439175e-4,0.000000000000e0,0.000000000000e0,2.000000000000e2,0.000000000000e0,0.000000000000e0,ExperimentalPrimitiveSum,closed-follower,1.700000000000e0
recover-5-sub-1,9.690723457780e-8,9.873629334831e-1,1.872028585088e-4,1.886832539236e-4,1.179374809402e-4,0.000000000000e0,0.000000000000e0,2.000000000000e2,0.000000000000e0,0.000000000000e0,ExperimentalPrimitiveSum,closed-follower,1.750000000000e0
recover-5,8.469467161558e-8,9.879842083759e-1,1.784390891587e-4,1.819819176821e-4,1.202308017833e-4,0.000000000000e0,0.000000000000e0,2.000000000000e2,0.000000000000e0,0.000000000000e0,ExperimentalPrimitiveSum,closed-follower,1.800000000000e0
recover-6-sub-1,9.579532604755e-8,9.885521829826e-1,1.703872795679e-4,1.755880573311e-4,1.223116210416e-4,0.000000000000e0,0.000000000000e0,2.000000000000e2,0.000000000000e0,0.000000000000e0,ExperimentalPrimitiveSum,closed-follower,1.850000000000e0
recover-6,9.890290287397e-8,9.890744887745e-1,1.629572111666e-4,1.694791276150e-4,1.241826766831e-4,0.000000000000e0,0.000000000000e0,2.000000000000e2,0.000000000000e0,0.000000000000e0,ExperimentalPrimitiveSum,closed-follower,1.900000000000e0
recover-7-sub-1,9.854482472764e-8,9.895531888016e-1,1.560759045549e-4,1.636543180121e-4,1.258986873751e-4,0.000000000000e0,0.000000000000e0,2.000000000000e2,0.000000000000e0,0.000000000000e0,ExperimentalPrimitiveSum,closed-follower,1.950000000000e0
recover-7,9.086454217689e-8,9.899963403362e-1,1.497124739530e-4,1.581098017708e-4,1.274350663345e-4,0.000000000000e0,0.000000000000e0,2.000000000000e2,0.000000000000e0,0.000000000000e0,ExperimentalPrimitiveSum,closed-follower,2.000000000000e0
recover-8-sub-1,7.426206776665e-8,9.904059691087e-1,1.438084751076e-4,1.528305832403e-4,1.288233596454e-4,0.000000000000e0,0.000000000000e0,2.000000000000e2,0.000000000000e0,0.000000000000e0,ExperimentalPrimitiveSum,closed-follower,2.050000000000e0
recover-8,9.788513550589e-8,9.907836649640e-1,1.383180916917e-4,1.477953525130e-4,1.300956336455e-4,0.000000000000e0,0.000000000000e0,2.000000000000e2,0.000000000000e0,0.000000000000e0,ExperimentalPrimitiveSum,closed-follower,2.100000000000e0
recover-9-sub-1,9.713375263815e-8,9.911352825898e-1,1.332035738517e-4,1.429950395481e-4,1.312331315164e-4,0.000000000000e0,0.000000000000e0,2.000000000000e2,0.000000000000e0,0.000000000000e0,ExperimentalPrimitiveSum,closed-follower,2.150000000000e0
recover-9,9.721595236525e-8,9.914623022896e-1,1.284383646739e-4,1.384252043242e-4,1.322653489132e-4,0.000000000000e0,0.000000000000e0,2.000000000000e2,0.000000000000e0,0.000000000000e0,ExperimentalPrimitiveSum,closed-follower,2.200000000000e0
recover-10-sub-1,9.786478956469e-8,9.917675052783e-1,1.239815647996e-4,1.340774270124e-4,1.332024464120e-4,0.000000000000e0,0.000000000000e0,2.000000000000e2,0.000000000000e0,0.000000000000e0,ExperimentalPrimitiveSum,closed-follower,2.250000000000e0
recover-10,9.733781882343e-8,9.920516864527e-1,1.198190590337e-4,1.299313442919e-4,1.340488922193e-4,0.000000000000e0,0.000000000000e0,2.000000000000e2,0.000000000000e0,0.000000000000e0,ExperimentalPrimitiveSum,closed-follower,2.300000000000e0
