specimen,stage,lumen_volume_m3,tip_z_m,min_j,residual_n
urethra,rest,7.636753236815e-8,2.000000000000e-2,1.000000000000e0,1.638315910741e-16
urethra,pressure,7.925939299142e-8,2.002236488493e-2,9.846254010994e-1,9.779086675378e-8
urethra,longitudinal,7.630306717780e-8,1.992424057925e-2,9.973271940078e-1,9.265223538656e-8
urethra,circular,7.590262176531e-8,2.003697609924e-2,9.963298192288e-1,9.346769918863e-8
urethra,local_outer,7.623258993040e-8,2.001669736427e-2,9.982216893084e-1,6.251183873412e-8
vagina,rest,1.629174023854e-6,3.000000000000e-2,1.000000000000e0,1.134212487607e-15
vagina,pressure,1.752692404828e-6,3.009206900839e-2,9.588604806227e-1,9.435202044748e-8
vagina,longitudinal,1.627847013262e-6,2.988822257428e-2,9.973219576059e-1,9.843310599999e-8
vagina,circular,1.626734029020e-6,3.005106124225e-2,9.977894712773e-1,9.303247201388e-8
vagina,local_outer,1.628936466287e-6,3.002040062596e-2,9.987816207501e-1,9.906070638823e-8
