specimen,sectors,stage,lumen_volume_m3,tip_z_m,min_j,residual_n,min_pair_distance_m,barrier_energy_j,segments,contact_mode,radial
urethra,16,rest,8.265962139086e-8,2.000000000000e-2,1.000000000000e0,3.828310042411e-17,1.800000000000e-3,0.000000000000e0,24,surface_only,1
urethra,16,compressed,7.726958497243e-8,1.999316937162e-2,9.186720115158e-1,9.127860719209e-8,1.637589320818e-3,0.000000000000e0,24,surface_only,1
urethra,16,barrier,7.726958497243e-8,1.999316937162e-2,9.186720115158e-1,9.127860719209e-8,1.637589320818e-3,0.000000000000e0,24,surface_only,1
urethra,16,released,8.265984717576e-8,2.000022141760e-2,9.999875916564e-1,8.058578269622e-8,1.799964809017e-3,0.000000000000e0,24,surface_only,1
vagina,16,rest,1.763405256338e-6,3.000000000000e-2,1.000000000000e0,2.271262548598e-16,4.800000000000e-3,0.000000000000e0,24,surface_only,1
vagina,16,compressed,1.351311404225e-6,3.014976267308e-2,8.578092452378e-1,9.626212792551e-8,2.859281628538e-3,0.000000000000e0,24,surface_only,1
vagina,16,barrier,1.351311404225e-6,3.014976267308e-2,8.578092452378e-1,9.626212792551e-8,2.859281628538e-3,0.000000000000e0,24,surface_only,1
vagina,16,released,1.763400572171e-6,3.000005410609e-2,9.999949855781e-1,8.786500645253e-8,4.799952215774e-3,0.000000000000e0,24,surface_only,1
urethra,16,rest,8.265962139086e-8,2.000000000000e-2,1.000000000000e0,6.069509761641e-17,1.800000000000e-3,0.000000000000e0,24,surface_only,2
urethra,16,compressed,7.696118823601e-8,1.999496475169e-2,8.920296575638e-1,9.544535478861e-8,1.628178150084e-3,0.000000000000e0,24,surface_only,2
urethra,16,barrier,7.696118823601e-8,1.999496475169e-2,8.920296575638e-1,9.544535478861e-8,1.628178150084e-3,0.000000000000e0,24,surface_only,2
urethra,16,released,8.265969113423e-8,2.000031427333e-2,9.999927010872e-1,9.883583444123e-8,1.799946442473e-3,0.000000000000e0,24,surface_only,2
vagina,16,rest,1.763405256338e-6,3.000000000000e-2,1.000000000000e0,5.110773515800e-16,4.800000000000e-3,0.000000000000e0,24,surface_only,2
vagina,16,compressed,1.356179767787e-6,3.016223067313e-2,7.773340322577e-1,8.460788194938e-8,2.883203697372e-3,0.000000000000e0,24,surface_only,2
vagina,16,barrier,1.356179767787e-6,3.016223067313e-2,7.773340322577e-1,8.460788194938e-8,2.883203697372e-3,0.000000000000e0,24,surface_only,2
vagina,16,released,1.763411068084e-6,3.000037578294e-2,9.999827814167e-1,9.880247519095e-8,4.799980075241e-3,0.000000000000e0,24,surface_only,2
urethra,16,rest,8.265962139086e-8,2.000000000000e-2,1.000000000000e0,9.941750816436e-17,1.800000000000e-3,0.000000000000e0,24,surface_only,3
urethra,16,compressed,7.690118496562e-8,1.999595776940e-2,8.787160290730e-1,8.823593782909e-8,1.626428332843e-3,0.000000000000e0,24,surface_only,3
urethra,16,barrier,7.690118496562e-8,1.999595776940e-2,8.787160290730e-1,8.823593782909e-8,1.626428332843e-3,0.000000000000e0,24,surface_only,3
urethra,16,released,8.265960694780e-8,2.000006732647e-2,9.999856889838e-1,9.791456752102e-8,1.799964982706e-3,0.000000000000e0,24,surface_only,3
vagina,16,rest,1.763405256338e-6,3.000000000000e-2,1.000000000000e0,8.948051957195e-16,4.800000000000e-3,0.000000000000e0,24,surface_only,3
vagina,16,compressed,1.357475364170e-6,3.016567611490e-2,7.345866048974e-1,9.360087106371e-8,2.887828772632e-3,0.000000000000e0,24,surface_only,3
vagina,16,barrier,1.357475364170e-6,3.016567611490e-2,7.345866048974e-1,9.360087106371e-8,2.887828772632e-3,0.000000000000e0,24,surface_only,3
vagina,16,released,1.763402811818e-6,3.000036733063e-2,9.999792451192e-1,9.742394424684e-8,4.799952851292e-3,0.000000000000e0,24,surface_only,3
