specimen,stage,lumen_volume_m3,tip_z_m,min_j,residual_n,min_pair_distance_m,barrier_energy_j,sectors
urethra,rest,7.636753236815e-8,2.000000000000e-2,1.000000000000e0,1.638315910741e-16,1.800000000000e-3,0.000000000000e0,8
urethra,compressed,5.552231263362e-8,2.018167790222e-2,8.602469992637e-1,9.453727438056e-8,4.610615748854e-4,0.000000000000e0,8
urethra,barrier,6.901141633804e-8,1.408998680295e-2,8.158855704659e-1,9.396901799175e-8,1.517915961075e-3,5.661667446168e-8,8
urethra,released,7.636747451076e-8,2.000013919099e-2,9.999891995822e-1,9.277043520899e-8,1.799995820801e-3,0.000000000000e0,8
vagina,rest,1.629174023854e-6,3.000000000000e-2,1.000000000000e0,1.134212487607e-15,4.800000000000e-3,0.000000000000e0,8
vagina,compressed,7.492668925935e-7,3.023358448368e-2,7.178833205570e-1,9.660748632015e-8,5.457704094960e-4,0.000000000000e0,8
vagina,barrier,1.393645241471e-6,2.013994371815e-2,6.955335072284e-1,8.563754819718e-8,3.789760341306e-3,1.356800322066e-6,8
vagina,released,1.629173712323e-6,3.000004522025e-2,9.999969150826e-1,8.524062933600e-8,4.799998495712e-3,0.000000000000e0,8
urethra,rest,8.265962139086e-8,2.000000000000e-2,1.000000000000e0,9.107549749006e-17,1.800000000000e-3,0.000000000000e0,16
urethra,compressed,4.808534128181e-8,2.017786849837e-2,7.431448161705e-1,8.767656985860e-8,3.203804596066e-4,0.000000000000e0,16
urethra,barrier,7.018073690624e-8,1.492279765745e-2,8.272581968301e-1,8.121679567651e-8,1.487330206352e-3,8.756181231953e-8,16
urethra,released,8.265965219983e-8,2.000042615031e-2,9.999711610630e-1,9.653216653098e-8,1.799990467959e-3,0.000000000000e0,16
vagina,rest,1.763405256338e-6,3.000000000000e-2,1.000000000000e0,5.793065806056e-16,4.800000000000e-3,0.000000000000e0,16
vagina,compressed,1.922982880260e-7,3.007418283366e-2,6.098726489547e-1,9.552355760052e-8,9.944455899382e-4,0.000000000000e0,16
vagina,barrier,9.236838275744e-7,2.373882374199e-2,5.573752465006e-1,9.654742763349e-8,3.868378746206e-3,9.812640121026e-7,16
vagina,released,1.763406668484e-6,3.000002769189e-2,9.999991960510e-1,9.872350734956e-8,4.800001913242e-3,0.000000000000e0,16
urethra,rest,8.427901911097e-8,2.000000000000e-2,1.000000000000e0,7.346253860538e-17,1.800000000000e-3,0.000000000000e0,32
urethra,compressed,4.226948800195e-8,2.017860953239e-2,6.600590287050e-1,9.875381744747e-8,2.290227996660e-4,0.000000000000e0,32
urethra,barrier,6.821308163862e-8,1.516037593512e-2,8.121414607292e-1,9.971285663921e-8,1.488849240566e-3,8.580219687258e-8,32
urethra,released,8.427906536825e-8,2.000062506390e-2,9.999437015266e-1,8.415770321019e-8,1.800001765324e-3,0.000000000000e0,32
vagina,rest,1.797952407701e-6,3.000000000000e-2,1.000000000000e0,4.319653716824e-16,4.800000000000e-3,0.000000000000e0,32
vagina,compressed,-3.448541810181e-8,2.998776335534e-2,5.300972715367e-1,9.488690150499e-8,2.036428655185e-3,0.000000000000e0,32
vagina,barrier,4.162258753853e-8,2.910851074285e-2,4.668469342654e-1,9.773675382375e-8,3.873802241099e-3,9.583801687209e-7,32
vagina,released,1.797949393532e-6,3.000006224203e-2,9.999968536682e-1,9.821732541495e-8,4.799977325497e-3,0.000000000000e0,32
