specimen,sectors,stage,lumen_volume_m3,tip_z_m,min_j,residual_n,min_pair_distance_m,barrier_energy_j
urethra,8,rest,7.636753236815e-8,2.000000000000e-2,1.000000000000e0,1.638315910741e-16,1.800000000000e-3,0.000000000000e0
urethra,8,compressed,7.338809960719e-8,1.995766836914e-2,9.799564313212e-1,9.973660561714e-8,1.718991584199e-3,0.000000000000e0
urethra,8,barrier,7.338795280448e-8,1.995764936244e-2,9.799583161219e-1,9.551525409808e-8,1.718983637860e-3,2.879912020665e-20
urethra,8,released,7.636752824579e-8,1.999997966512e-2,9.999928154538e-1,8.855897833162e-8,1.800000973991e-3,0.000000000000e0
vagina,8,rest,1.629174023854e-6,3.000000000000e-2,1.000000000000e0,1.134212487607e-15,4.800000000000e-3,0.000000000000e0
vagina,8,compressed,1.510573128307e-6,2.995405662636e-2,9.567179836374e-1,8.878527053420e-8,4.186468036444e-3,0.000000000000e0
vagina,8,barrier,1.529193988209e-6,2.993835104193e-2,9.619409840534e-1,9.871445223598e-8,4.369410631797e-3,4.533333824159e-8
vagina,8,released,1.629174870978e-6,3.000001596927e-2,9.999992518658e-1,9.440662944399e-8,4.800001426588e-3,0.000000000000e0
urethra,16,rest,8.265962139086e-8,2.000000000000e-2,1.000000000000e0,9.107549749006e-17,1.800000000000e-3,0.000000000000e0
urethra,16,compressed,7.879873627549e-8,1.995960238711e-2,9.751907559358e-1,8.908366305104e-8,1.679286506722e-3,0.000000000000e0
urethra,16,barrier,7.890180171263e-8,1.995869105029e-2,9.756694455220e-1,8.173159790774e-8,1.692124167122e-3,1.481593019572e-10
urethra,16,released,8.265969420115e-8,2.000014974497e-2,9.999975057716e-1,8.931425033429e-8,1.799985351431e-3,0.000000000000e0
vagina,16,rest,1.763405256338e-6,3.000000000000e-2,1.000000000000e0,5.793065806056e-16,4.800000000000e-3,0.000000000000e0
vagina,16,compressed,1.572006156051e-6,2.997766407368e-2,9.404975502995e-1,9.364334778845e-8,3.706534899135e-3,0.000000000000e0
vagina,16,barrier,1.630826733535e-6,2.995280790023e-2,9.545152830151e-1,9.959305363926e-8,4.313907607933e-3,1.064468067801e-7
vagina,16,released,1.763404452171e-6,2.999999574672e-2,9.999981993197e-1,9.173460650816e-8,4.800000126250e-3,0.000000000000e0
urethra,32,rest,8.427901911097e-8,2.000000000000e-2,1.000000000000e0,7.346253860538e-17,1.800000000000e-3,0.000000000000e0
urethra,32,compressed,8.008629501337e-8,1.995942115932e-2,9.733158520665e-1,8.633868806419e-8,1.658032680260e-3,0.000000000000e0
urethra,32,barrier,8.029674097633e-8,1.995776626906e-2,9.744151870906e-1,9.624934143747e-8,1.685680950402e-3,3.218557075613e-10
urethra,32,released,8.427888479122e-8,1.999991152707e-2,9.999932375139e-1,9.023216616241e-8,1.799986906459e-3,0.000000000000e0
vagina,32,rest,1.797952407701e-6,3.000000000000e-2,1.000000000000e0,4.319653716824e-16,4.800000000000e-3,0.000000000000e0
vagina,32,compressed,1.559849574528e-6,2.998297875706e-2,9.212226887011e-1,9.602361255298e-8,3.318401248787e-3,0.000000000000e0
vagina,32,barrier,1.647483234537e-6,2.995031672614e-2,9.431789357588e-1,9.722448015554e-8,4.301465497607e-3,1.206019447864e-7
vagina,32,released,1.797954243414e-6,3.000014334895e-2,9.999925811037e-1,9.231269468401e-8,4.800007050964e-3,0.000000000000e0
