specimen,sectors,stage,lumen_volume_m3,tip_z_m,min_j,residual_n,min_pair_distance_m,barrier_energy_j,segments,contact_mode,radial,cap_anchor,balanced_caps
urethra,16,rest,8.265962139086e-8,2.000000000000e-2,1.000000000000e0,3.828310042411e-17,1.800000000000e-3,0.000000000000e0,24,surface_only,1,0,true
urethra,16,compressed,7.728534531208e-8,1.998542812983e-2,9.770525515490e-1,9.278357330961e-8,1.657063859148e-3,0.000000000000e0,24,surface_only,1,0,true
urethra,16,barrier,7.728534531208e-8,1.998542812983e-2,9.770525515490e-1,9.278357330961e-8,1.657063859148e-3,0.000000000000e0,24,surface_only,1,0,true
urethra,16,released,8.265975773279e-8,2.000003437780e-2,9.999930460302e-1,8.339655249086e-8,1.799974258465e-3,0.000000000000e0,24,surface_only,1,0,true
vagina,16,rest,1.763405256338e-6,3.000000000000e-2,1.000000000000e0,2.271262548598e-16,4.800000000000e-3,0.000000000000e0,24,surface_only,1,0,true
vagina,16,compressed,1.351234725917e-6,3.006233980064e-2,9.305225731330e-1,9.910033215026e-8,2.859191811623e-3,0.000000000000e0,24,surface_only,1,0,true
vagina,16,barrier,1.351234725917e-6,3.006233980064e-2,9.305225731330e-1,9.910033215026e-8,2.859191811623e-3,0.000000000000e0,24,surface_only,1,0,true
vagina,16,released,1.763402103093e-6,2.999997340539e-2,9.999968345757e-1,9.101766816301e-8,4.799965980303e-3,0.000000000000e0,24,surface_only,1,0,true
urethra,16,rest,8.265962139086e-8,2.000000000000e-2,1.000000000000e0,6.069509761641e-17,1.800000000000e-3,0.000000000000e0,24,surface_only,2,0,true
urethra,16,compressed,7.697685549862e-8,1.998808380945e-2,9.740394130758e-1,8.972067035881e-8,1.648242530232e-3,0.000000000000e0,24,surface_only,2,0,true
urethra,16,barrier,7.697685549862e-8,1.998808380945e-2,9.740394130758e-1,8.972067035881e-8,1.648242530232e-3,0.000000000000e0,24,surface_only,2,0,true
urethra,16,released,8.265852509685e-8,2.000028989686e-2,9.999784184534e-1,9.774479264852e-8,1.799909692491e-3,0.000000000000e0,24,surface_only,2,0,true
vagina,16,rest,1.763405256338e-6,3.000000000000e-2,1.000000000000e0,5.110773515800e-16,4.800000000000e-3,0.000000000000e0,24,surface_only,2,0,true
vagina,16,compressed,1.355783495669e-6,3.007835943791e-2,9.277870969822e-1,9.176732428332e-8,2.880966255186e-3,0.000000000000e0,24,surface_only,2,0,true
vagina,16,barrier,1.355783495669e-6,3.007835943791e-2,9.277870969822e-1,9.176732428332e-8,2.880966255186e-3,0.000000000000e0,24,surface_only,2,0,true
vagina,16,released,1.763402567187e-6,2.999999417891e-2,9.999968528492e-1,9.117970946884e-8,4.799943024499e-3,0.000000000000e0,24,surface_only,2,0,true
urethra,16,rest,8.265962139086e-8,2.000000000000e-2,1.000000000000e0,9.941750816436e-17,1.800000000000e-3,0.000000000000e0,24,surface_only,3,0,true
urethra,16,compressed,7.691545332918e-8,1.998849614619e-2,9.729722369569e-1,8.505648130875e-8,1.646412320018e-3,0.000000000000e0,24,surface_only,3,0,true
urethra,16,barrier,7.691545332918e-8,1.998849614619e-2,9.729722369569e-1,8.505648130875e-8,1.646412320018e-3,0.000000000000e0,24,surface_only,3,0,true
urethra,16,released,8.265950583106e-8,1.999981754448e-2,9.999898973577e-1,9.988580904274e-8,1.799980225916e-3,0.000000000000e0,24,surface_only,3,0,true
vagina,16,rest,1.763405256338e-6,3.000000000000e-2,1.000000000000e0,8.948051957195e-16,4.800000000000e-3,0.000000000000e0,24,surface_only,3,0,true
vagina,16,compressed,1.356863532996e-6,3.008272987867e-2,9.268424146450e-1,9.227345210581e-8,2.882722135366e-3,0.000000000000e0,24,surface_only,3,0,true
vagina,16,barrier,1.356863532996e-6,3.008272987867e-2,9.268424146450e-1,9.227345210581e-8,2.882722135366e-3,0.000000000000e0,24,surface_only,3,0,true
vagina,16,released,1.763397909879e-6,3.000002017807e-2,9.999971275791e-1,9.959539336653e-8,4.799926840767e-3,0.000000000000e0,24,surface_only,3,0,true
