specimen,sectors,stage,lumen_volume_m3,tip_z_m,min_j,residual_n,min_pair_distance_m,barrier_energy_j,segments,contact_mode
urethra,16,rest,8.265962139086e-8,2.000000000000e-2,1.000000000000e0,9.107549749006e-17,1.800000000000e-3,0.000000000000e0,3,surface_only
urethra,16,compressed,7.879873627549e-8,1.995960238711e-2,9.751907559358e-1,8.908366305104e-8,1.679286506722e-3,0.000000000000e0,3,surface_only
urethra,16,barrier,7.879873627549e-8,1.995960238711e-2,9.751907559358e-1,8.908366305104e-8,1.679286506722e-3,0.000000000000e0,3,surface_only
urethra,16,released,8.265988116696e-8,2.000006986355e-2,9.999969465992e-1,8.878171897713e-8,1.800010847390e-3,0.000000000000e0,3,surface_only
vagina,16,rest,1.763405256338e-6,3.000000000000e-2,1.000000000000e0,5.793065806056e-16,4.800000000000e-3,0.000000000000e0,3,surface_only
vagina,16,compressed,1.572006156051e-6,2.997766407368e-2,9.404975502995e-1,9.364334778845e-8,3.706534899135e-3,0.000000000000e0,3,surface_only
vagina,16,barrier,1.572006156051e-6,2.997766407368e-2,9.404975502995e-1,9.364334778845e-8,3.706534899135e-3,0.000000000000e0,3,surface_only
vagina,16,released,1.763404873143e-6,3.000000677961e-2,9.999990386098e-1,8.805544277218e-8,4.799998559899e-3,0.000000000000e0,3,surface_only
urethra,16,rest,8.265962139086e-8,2.000000000000e-2,1.000000000000e0,6.438235643542e-17,1.800000000000e-3,0.000000000000e0,6,surface_only
urethra,16,compressed,7.784294791984e-8,1.997540267681e-2,9.750949006029e-1,9.749566331026e-8,1.648233526276e-3,0.000000000000e0,6,surface_only
urethra,16,barrier,7.784294791984e-8,1.997540267681e-2,9.750949006029e-1,9.749566331026e-8,1.648233526276e-3,0.000000000000e0,6,surface_only
urethra,16,released,8.265978698170e-8,2.000018666071e-2,9.999966788594e-1,9.691051261832e-8,1.799983715947e-3,0.000000000000e0,6,surface_only
vagina,16,rest,1.763405256338e-6,3.000000000000e-2,1.000000000000e0,3.954220129430e-16,4.800000000000e-3,0.000000000000e0,6,surface_only
vagina,16,compressed,1.438984003507e-6,3.004981290095e-2,9.318052548190e-1,9.583327839842e-8,2.973713172050e-3,0.000000000000e0,6,surface_only
vagina,16,barrier,1.438984003507e-6,3.004981290095e-2,9.318052548190e-1,9.583327839842e-8,2.973713172050e-3,0.000000000000e0,6,surface_only
vagina,16,released,1.763407251812e-6,3.000002377505e-2,9.999982214052e-1,9.579373014013e-8,4.799999354920e-3,0.000000000000e0,6,surface_only
