specimen,iteration,energy_j,residual_n
urethra,0,2.032238841839e-34,0.004898979485566
urethra,100,-1.268403556185e-06,0.0005024227192819
urethra,200,-1.275536257046e-06,1.257341877394e-05
urethra,300,-1.275567514131e-06,5.377496349641e-06
urethra,400,-1.275575629697e-06,1.65504487053e-06
urethra,500,-1.275576173604e-06,1.8257260017e-06
urethra,600,-1.36240491237e-06,0.001139578023076
urethra,700,-1.524714346757e-06,0.0004315354190389
urethra,800,-1.658634851199e-06,0.0005268169353286
urethra,900,-1.839698918273e-06,0.0008095076728972
urethra,1000,-2.502184972012e-06,0.00376403595969
urethra,1100,-3.448224592114e-06,0.001431745134641
urethra,1200,-4.023286282843e-06,0.001049490205242
urethra,1300,-4.20955516183e-06,0.0002784840767341
urethra,1400,-4.223666580232e-06,0.000187165277325
urethra,1500,-4.234529000272e-06,0.000249453548719
urethra,1600,-4.24190093954e-06,7.23596116221e-05
urethra,1700,-4.243622029742e-06,4.013446762571e-05
urethra,1800,-4.245253517978e-06,7.828055017466e-05
urethra,1900,-4.247702851801e-06,5.554471478938e-05
urethra,2000,-4.248925948312e-06,2.783268397567e-05
urethra,2100,-4.24974108015e-06,3.227325766133e-05
urethra,2200,-4.250329483232e-06,3.182146406729e-05
urethra,2300,-4.250540766844e-06,2.32071556096e-05
urethra,2400,-4.250626731009e-06,7.94854710086e-06
urethra,2500,-4.250683714884e-06,7.466074496835e-06
urethra,2600,-4.250754614652e-06,1.997984903218e-05
urethra,2700,-4.250844273443e-06,1.773083730762e-05
urethra,2800,-4.250869865314e-06,5.233693738388e-06
urethra,2900,-4.250878432919e-06,8.904493002314e-06
urethra,3000,-4.25088276606e-06,3.703077417006e-06
urethra,3100,-4.250883942376e-06,1.255009398716e-06
urethra,3200,-4.250884401149e-06,1.952761755422e-06
urethra,3300,-4.25088514857e-06,1.248828611389e-06
urethra,3400,-4.250885815009e-06,1.46993774734e-06
urethra,3500,-4.250886531848e-06,2.220799267952e-06
urethra,3600,-4.250887056751e-06,5.758438988258e-07
urethra,3700,-4.250887169306e-06,2.156648015744e-07
urethra,3800,-4.250887215283e-06,1.861166086433e-07
vagina,0,3.147053037941e-33,0.02449489742783
vagina,100,-2.220022453387e-05,0.001931247963155
vagina,200,-2.57200162922e-05,0.00455480070647
vagina,300,-2.900985849634e-05,0.005691975739524
vagina,400,-3.088662425199e-05,0.002865131926949
vagina,500,-3.103522437591e-05,0.0007888261192278
vagina,600,-3.108678478177e-05,0.0006349070456294
vagina,700,-3.109374718327e-05,0.0001754735313253
vagina,800,-3.109491500149e-05,0.0001030498935557
vagina,900,-3.375571412067e-05,0.01251288664385
vagina,1000,-4.439115617419e-05,0.004605062772204
vagina,1100,-4.785007019126e-05,0.01227025352166
vagina,1200,-5.179365907309e-05,0.005165103087216
vagina,1300,-5.699827052894e-05,0.01523961457149
vagina,1400,-6.86392180457e-05,0.01713077455862
vagina,1500,-8.218939321072e-05,0.02361632342277
vagina,1600,-8.96969964376e-05,0.006171000113504
vagina,1700,-9.32122431084e-05,0.004769414678652
vagina,1800,-9.425755558251e-05,0.005683946757016
vagina,1900,-9.518086899955e-05,0.003965378981549
vagina,2000,-9.563250011016e-05,0.001739419884058
vagina,2100,-9.575419083559e-05,0.001924008719315
vagina,2200,-9.591791778629e-05,0.002940672273112
vagina,2300,-9.61705198998e-05,0.001117838710405
vagina,2400,-9.626664802285e-05,0.0006886303441122
vagina,2500,-9.62924410308e-05,0.0002849915900248
vagina,2600,-9.629827314896e-05,0.0002379618736347
vagina,2700,-9.630135770752e-05,0.0002136279130192
vagina,2800,-9.630425805999e-05,0.0001891775623227
vagina,2900,-9.630540444011e-05,0.0002094688305417
vagina,3000,-9.630654488968e-05,0.0001825608021114
vagina,3100,-9.630749618623e-05,0.0002357604020292
vagina,3200,-9.630859044468e-05,7.683649209085e-05
vagina,3300,-9.630881350349e-05,3.127144987329e-05
vagina,3400,-9.630887910665e-05,2.196930065831e-05
vagina,3500,-9.630895137735e-05,4.517400351084e-05
vagina,3600,-9.630900356003e-05,2.399877544179e-05
vagina,3700,-9.630902911126e-05,1.680102007778e-05
vagina,3800,-9.630904434508e-05,1.782335778159e-05
vagina,3900,-9.630906138382e-05,8.273648291963e-06
vagina,4000,-9.630906900525e-05,7.863604302839e-06
vagina,4100,-9.630907198284e-05,3.464053705739e-06
vagina,4200,-9.630907346745e-05,4.447467936563e-06
vagina,4300,-9.630907485728e-05,5.828522962728e-06
vagina,4400,-9.630907561828e-05,5.905904966598e-06
vagina,4500,-9.630907594072e-05,1.540813865486e-06
vagina,4600,-9.630907607619e-05,8.54348318655e-07
vagina,4700,-9.63090762104e-05,5.247652905104e-06
vagina,4800,-9.63090763169e-05,1.244149832693e-06
vagina,4900,-9.630907634396e-05,9.141366654045e-07
vagina,5000,-9.630907636003e-05,4.586746856289e-07
vagina,5100,-9.630907637994e-05,7.832593964972e-07
vagina,5200,-9.630907638887e-05,1.90743479062e-07
