time_s,sample,offset_x_m,offset_y_m,offset_z_m
0.000000,0,0.000000004,-0.000000012,0.000000000
0.000000,1,-0.000000004,-0.000000012,0.000000000
0.000000,2,0.000000004,0.000000000,0.000000004
0.000000,3,-0.000000004,0.000000000,0.000000004
0.050000,0,-0.000023357,-0.004342243,-0.001244448
0.050000,1,-0.000023359,-0.004337752,-0.001227012
0.050000,2,0.000009215,-0.002627005,-0.001603046
0.050000,3,0.000009215,-0.002660722,-0.001617550
0.100000,0,-0.000142107,-0.007304832,-0.003775894
0.100000,1,-0.000142007,-0.007276453,-0.003701896
0.100000,2,0.000016419,-0.003256311,-0.002672626
0.100000,3,0.000016420,-0.003298449,-0.002708625
0.150000,0,-0.000326218,-0.006156407,-0.005022508
0.150000,1,-0.000325885,-0.006101001,-0.004947444
0.150000,2,0.000015627,-0.002025219,-0.001236321
0.150000,3,0.000015940,-0.001995033,-0.001244886
0.200000,0,-0.000418010,-0.005217495,-0.003077526
0.200000,1,-0.000417680,-0.005205005,-0.003126077
0.200000,2,-0.000000339,-0.001521852,-0.000852804
0.200000,3,0.000000286,-0.001376531,-0.000791227
0.250000,0,-0.000200942,-0.004103812,-0.000897912
0.250000,1,-0.000201169,-0.004219319,-0.001150028
0.250000,2,-0.000027698,-0.002686907,-0.001881562
0.250000,3,-0.000027989,-0.002435938,-0.001784121
0.300000,0,0.000458865,-0.003566624,-0.001127122
0.300000,1,0.000459429,-0.003804824,-0.001513968
0.300000,2,-0.000051485,-0.002891469,-0.002091505
0.300000,3,-0.000053002,-0.002713050,-0.001978009
0.350000,0,0.001436985,-0.005332834,-0.002936282
0.350000,1,0.001442510,-0.005556864,-0.003246809
0.350000,2,-0.000062825,-0.002183803,-0.001488395
0.350000,3,-0.000060785,-0.002233376,-0.001436228
0.400000,0,0.002347792,-0.006498490,-0.003977050
0.400000,1,0.002360498,-0.006526691,-0.003947905
0.400000,2,-0.000050256,-0.001846987,-0.001326688
0.400000,3,-0.000038845,-0.002229876,-0.001399100
0.450000,0,0.002635081,-0.005075591,-0.003430348
0.450000,1,0.002649558,-0.004809752,-0.002913706
0.450000,2,-0.000004144,-0.001695478,-0.001343660
0.450000,3,0.000008331,-0.002383383,-0.001515111
0.500000,0,0.001811717,-0.003824207,-0.002066098
0.500000,1,0.001821052,-0.003312946,-0.001168507
0.500000,2,0.000069382,-0.001613214,-0.001183033
0.500000,3,0.000058183,-0.002395503,-0.001446458
0.550000,0,-0.000217190,-0.004665447,-0.001755243
0.550000,1,-0.000203891,-0.004097557,-0.000820349
0.550000,2,0.000155472,-0.002191675,-0.001528102
0.550000,3,0.000105498,-0.002796065,-0.001805351
0.600000,0,-0.003035854,-0.006414387,-0.003199939
0.600000,1,-0.002989763,-0.006055451,-0.002653901
0.600000,2,0.000205356,-0.003168720,-0.002153465
0.600000,3,0.000141062,-0.003088130,-0.002342338
0.650000,0,-0.005700466,-0.006787073,-0.004386613
0.650000,1,-0.005599673,-0.006843324,-0.004560922
0.650000,2,0.000197886,-0.003122445,-0.001930842
0.650000,3,0.000161029,-0.002143116,-0.001849684
0.700000,0,-0.007007954,-0.004618298,-0.003014503
0.700000,1,-0.006868348,-0.005154314,-0.004030414
0.700000,2,0.000167822,-0.002024877,-0.001019468
0.700000,3,0.000139870,-0.000709988,-0.000565607
0.750000,0,-0.006025721,-0.001908454,-0.000027744
0.750000,1,-0.005888270,-0.002825968,-0.001673480
0.750000,2,0.000128288,-0.001828423,-0.000800011
0.750000,3,-0.000009258,-0.000450864,-0.000280167
0.800000,0,-0.002581119,-0.002277694,0.000923359
0.800000,1,-0.002450433,-0.003309252,-0.000815541
0.800000,2,0.000075979,-0.003297558,-0.001920502
0.800000,3,-0.000278230,-0.001824293,-0.001460835
0.850000,0,0.002561763,-0.006179543,-0.001909723
0.850000,1,0.002761714,-0.006905333,-0.003070141
0.850000,2,0.000018181,-0.004200746,-0.003179582
0.850000,3,-0.000503727,-0.003675066,-0.002647243
0.900000,0,0.007865552,-0.009118098,-0.005679859
0.900000,1,0.008230555,-0.009187468,-0.005717804
0.900000,2,-0.000057428,-0.002776693,-0.002587848
0.900000,3,-0.000585339,-0.004197597,-0.002511325
0.950000,0,0.011342095,-0.007004553,-0.005994048
0.950000,1,0.011879421,-0.006291435,-0.004654280
0.950000,2,-0.000114232,-0.000465393,-0.000433383
0.950000,3,-0.000592465,-0.002692631,-0.001241284
1.000000,0,0.011349152,-0.002061631,-0.002056244
1.000000,1,0.011959118,-0.000689762,0.000408876
1.000000,2,0.000073503,0.000524365,0.000667832
1.000000,3,-0.000618231,-0.001207964,-0.000268176
1.050000,0,0.007408183,-0.000339085,0.001250766
1.050000,1,0.008003223,0.001334644,0.004059966
1.050000,2,0.000632321,-0.000530407,-0.000472596
1.050000,3,-0.000646779,-0.002566625,-0.001036594
1.100000,0,0.000245344,-0.004834842,-0.000902985
1.100000,1,0.000913507,-0.003520517,0.001224406
1.100000,2,0.001292450,-0.003091582,-0.002539039
1.100000,3,-0.000607755,-0.005169444,-0.003415840
1.150000,0,-0.008277011,-0.011112924,-0.006326437
1.150000,1,-0.007323995,-0.010750111,-0.005691141
1.150000,2,0.001701880,-0.005375275,-0.003473000
1.150000,3,-0.000474673,-0.004534817,-0.004276434
1.200000,0,-0.015314677,-0.010619628,-0.007908581
1.200000,1,-0.013961324,-0.011347342,-0.009176584
1.200000,2,0.001870683,-0.004693001,-0.002258146
1.200000,3,-0.000253193,-0.001151357,-0.001381048
1.250000,0,-0.017838323,-0.002445717,-0.001830984
1.250000,1,-0.016179505,-0.004118424,-0.004848251
1.250000,2,0.002033379,-0.001317451,-0.000305961
1.250000,3,-0.000261214,0.001097167,0.001602833
1.300000,0,-0.014700163,0.004560903,0.006367910
1.300000,1,-0.012954331,0.002294876,0.002534782
1.300000,2,0.002230280,-0.000675865,0.000080826
1.300000,3,-0.001033909,0.000799082,0.001028516
1.350000,0,-0.006791151,0.002386737,0.006649367
1.350000,1,-0.004988749,0.000252772,0.003304188
1.350000,2,0.002297873,-0.004845200,-0.002431623
1.350000,3,-0.002328205,-0.001644185,-0.001671696
1.400000,0,0.003663859,-0.008671133,-0.002497104
1.400000,1,0.005799862,-0.009577563,-0.004133095
1.400000,2,0.002068411,-0.006786794,-0.005628296
1.400000,3,-0.003433350,-0.005110799,-0.003875481
1.450000,0,0.013634880,-0.015787932,-0.011167002
1.450000,1,0.016362099,-0.015264703,-0.010527200
1.450000,2,0.001640524,-0.003004074,-0.003718419
1.450000,3,-0.004028019,-0.006801374,-0.003716019
1.500000,0,0.019232224,-0.009863768,-0.010144038
1.500000,1,0.022555272,-0.008103302,-0.007087049
1.500000,2,0.001228817,0.000859820,0.001557762
1.500000,3,-0.004422225,-0.003577723,-0.001420142
1.550000,0,0.018011547,0.001569005,0.000426950
1.550000,1,0.021684442,0.004196542,0.004950953
1.550000,2,0.001804699,0.001650358,0.002715853
1.550000,3,-0.004827382,0.000611040,0.000261825
1.600000,0,0.010673938,0.005523534,0.007318301
1.600000,1,0.014419732,0.008526064,0.011877274
1.600000,2,0.003588391,-0.000058729,-0.000159343
1.600000,3,-0.005128256,-0.002164260,-0.000760260
1.650000,0,-0.000912277,-0.003283434,0.001370138
1.650000,1,0.003113223,-0.001479359,0.004285701
1.650000,2,0.005586237,-0.003431758,-0.003192205
1.650000,3,-0.004915859,-0.007804177,-0.005078938
1.700000,0,-0.013831644,-0.016182218,-0.009869510
1.700000,1,-0.009207771,-0.016309015,-0.009474995
1.700000,2,0.006982133,-0.007045603,-0.004742326
1.700000,3,-0.004198142,-0.006035599,-0.006543688
1.750000,0,-0.023942773,-0.015707938,-0.012644653
1.750000,1,-0.018615555,-0.017344022,-0.015092591
1.750000,2,0.007845667,-0.006756862,-0.003332710
1.750000,3,-0.003317626,-0.000439513,-0.000506175
1.800000,0,-0.026535121,-0.001149340,-0.001287644
1.800000,1,-0.020603470,-0.003820370,-0.005934906
1.800000,2,0.008570862,-0.000924648,-0.000858183
1.800000,3,-0.003089049,0.001923918,0.004004369
1.850000,0,-0.021318855,0.010509632,0.012888047
1.850000,1,-0.015168418,0.007079457,0.007575752
1.850000,2,0.009137380,0.001074006,-0.000138724
1.850000,3,-0.004717306,0.001169839,0.001786322
1.900000,0,-0.010608871,0.007773591,0.012321693
1.900000,1,-0.004313592,0.004824763,0.008097315
1.900000,2,0.009245336,-0.005612888,-0.003014314
1.900000,3,-0.007272913,-0.001564529,-0.001854016
1.950000,0,0.002459204,-0.010282497,-0.003313534
1.950000,1,0.009197445,-0.010864254,-0.004962955
1.950000,2,0.008364382,-0.008694248,-0.007465701
1.950000,3,-0.009476884,-0.005279568,-0.004397057
2.000000,0,0.014617843,-0.021698712,-0.016000764
2.000000,1,0.021914177,-0.020401726,-0.014740740
2.000000,2,0.007137594,-0.003120599,-0.004211436
2.000000,3,-0.010904100,-0.007954858,-0.004940971
2.050000,0,0.020874737,-0.012656919,-0.013798411
2.050000,1,0.028688707,-0.010183535,-0.009717210
2.050000,2,0.006017260,0.001478441,0.003432836
2.050000,3,-0.011946316,-0.004557618,-0.002720065
2.100000,0,0.018577537,0.003565251,0.002291974
2.100000,1,0.026717452,0.006861553,0.007616061
2.100000,2,0.006629542,0.001975676,0.003976084
2.100000,3,-0.012729000,0.001471639,-0.000824520
2.150000,0,0.010013530,0.009484452,0.011856003
2.150000,1,0.018103001,0.013154435,0.016859372
2.150000,2,0.009024442,-0.000018583,-0.000173827
2.150000,3,-0.013129497,-0.001263194,-0.001432567
2.200000,0,-0.002324088,-0.001324465,0.003001965
2.200000,1,0.005895083,0.000356222,0.005837025
2.200000,2,0.011613607,-0.003141869,-0.003153459
2.200000,3,-0.012551565,-0.008302087,-0.005788841
2.250000,0,-0.015433069,-0.018247586,-0.011847471
2.250000,1,-0.006991582,-0.018929667,-0.011802704
2.250000,2,0.013469933,-0.006492160,-0.005090338
2.250000,3,-0.011091025,-0.006425196,-0.007025131
2.300000,0,-0.025371298,-0.018597998,-0.015439783
2.300000,1,-0.016772426,-0.020636403,-0.018328652
2.300000,2,0.014667959,-0.006880468,-0.004527997
2.300000,3,-0.009486390,-0.000180736,0.000186666
2.350000,0,-0.027288950,-0.001532778,-0.002043939
2.350000,1,-0.018544642,-0.004291864,-0.006740049
2.350000,2,0.015508136,-0.001334719,-0.002208950
2.350000,3,-0.008650934,0.002216375,0.004802631
2.400000,0,-0.021842483,0.011626041,0.014321337
2.400000,1,-0.013240884,0.008229339,0.009429721
2.400000,2,0.015946471,0.001340384,-0.001160340
2.400000,3,-0.009858490,0.001135988,0.001791836
2.450000,0,-0.011807327,0.009266990,0.013447779
2.450000,1,-0.003449867,0.006660664,0.009877312
2.450000,2,0.015737677,-0.004636356,-0.003428387
2.450000,3,-0.011921578,-0.001542912,-0.001850079
2.500000,0,-0.000021011,-0.009795346,-0.003737995
2.500000,1,0.008195871,-0.009947406,-0.004864447
2.500000,2,0.014430568,-0.007815683,-0.006914725
2.500000,3,-0.013596636,-0.004359885,-0.003906135
2.550000,0,0.010806265,-0.022088248,-0.016830669
2.550000,1,0.018841673,-0.020688152,-0.015405628
2.550000,2,0.012698249,-0.002970844,-0.003595387
2.550000,3,-0.014543567,-0.006435985,-0.004822101
2.600000,0,0.016463058,-0.013400975,-0.014357952
2.600000,1,0.024261412,-0.011291152,-0.010801296
2.600000,2,0.010987723,0.001444399,0.002956561
2.600000,3,-0.014997104,-0.004201465,-0.003296781
2.650000,0,0.014955803,0.002485271,0.001834328
2.650000,1,0.022457440,0.005072571,0.005904970
2.650000,2,0.010550790,0.001765312,0.003072642
2.650000,3,-0.015138530,0.000392894,-0.001312810
2.700000,0,0.008651287,0.008579245,0.011332617
2.700000,1,0.015635340,0.011205606,0.014773242
2.700000,2,0.011325873,-0.000389281,-0.000541705
2.700000,3,-0.014878002,-0.001157221,-0.001629636
2.750000,0,-0.000206747,-0.000577511,0.003170432
2.750000,1,0.006291812,0.000388005,0.004873779
2.750000,2,0.012181509,-0.002832032,-0.002713153
2.750000,3,-0.013910388,-0.006122936,-0.004686471
2.800000,0,-0.009417766,-0.015588953,-0.010507602
2.800000,1,-0.003377442,-0.016235178,-0.010829929
2.800000,2,0.012521627,-0.004789108,-0.003842644
2.800000,3,-0.012350246,-0.005183820,-0.005135215
2.850000,0,-0.016170089,-0.017061165,-0.014147688
2.850000,1,-0.010619456,-0.018482645,-0.016387033
2.850000,2,0.012360227,-0.004903732,-0.003549397
2.850000,3,-0.010573275,-0.000639457,-0.000383787
2.900000,0,-0.017536895,-0.003722583,-0.003599519
2.900000,1,-0.012445177,-0.005432764,-0.006629097
2.900000,2,0.011927010,-0.001871470,-0.001733808
2.900000,3,-0.009119354,0.001373038,0.002331831
2.950000,0,-0.014114779,0.006932316,0.009479149
2.950000,1,-0.009562911,0.005054144,0.006777841
2.950000,2,0.011305290,-0.000391694,-0.000790426
2.950000,3,-0.008546509,0.000192765,0.000355800
3.000000,0,-0.007950656,0.005560575,0.009245766
3.000000,1,-0.003988031,0.004359219,0.007552628
3.000000,2,0.010380351,-0.003377561,-0.002377226
3.000000,3,-0.008318158,-0.001943115,-0.001858063
3.050000,0,-0.000836539,-0.007543183,-0.003318281
3.050000,1,0.002591752,-0.007463055,-0.003593207
3.050000,2,0.009098433,-0.005135088,-0.004178971
3.050000,3,-0.007934267,-0.003505674,-0.002735580
3.100000,0,0.005404377,-0.016529044,-0.013014868
3.100000,1,0.008336957,-0.015728383,-0.011908369
3.100000,2,0.007644533,-0.002712404,-0.002472238
3.100000,3,-0.007284757,-0.004167373,-0.002880714
3.150000,0,0.008708690,-0.011517534,-0.011137619
3.150000,1,0.011171122,-0.010458710,-0.009181085
3.150000,2,0.006171784,-0.000068983,0.000342469
3.150000,3,-0.006475867,-0.003055356,-0.001947245
3.200000,0,0.008400233,-0.000804141,-0.000085606
3.200000,1,0.010415778,0.000312688,0.001733034
3.200000,2,0.005039258,0.000012769,0.000263924
3.200000,3,-0.005639157,-0.001374350,-0.000799011
3.250000,0,0.005696072,0.003636623,0.006466281
3.250000,1,0.007239010,0.004509666,0.007669871
3.250000,2,0.004208211,-0.001490922,-0.001314548
3.250000,3,-0.004760798,-0.001992028,-0.001139625
3.300000,0,0.001917606,-0.001580187,0.001611288
3.300000,1,0.003027070,-0.001424060,0.001983449
3.300000,2,0.003440756,-0.002736184,-0.002108975
3.300000,3,-0.003816851,-0.003696973,-0.002566622
3.350000,0,-0.001790393,-0.010329953,-0.007051312
3.350000,1,-0.001047859,-0.010711527,-0.007514900
3.350000,2,0.002656560,-0.003247726,-0.002212297
3.350000,3,-0.002860271,-0.003343203,-0.002638005
3.400000,0,-0.004235123,-0.011931237,-0.009555351
3.400000,1,-0.003816649,-0.012520107,-0.010614509
3.400000,2,0.001885817,-0.002986068,-0.001889965
3.400000,3,-0.001925098,-0.001581671,-0.001161014
3.450000,0,-0.004728918,-0.005393144,-0.003928040
3.450000,1,-0.004580579,-0.005974165,-0.004970117
3.450000,2,0.001177097,-0.002155309,-0.001247872
3.450000,3,-0.001099223,-0.000852572,-0.000528450
3.500000,0,-0.003671454,0.000414167,0.002931087
3.500000,1,-0.003767789,-0.000021810,0.002300931
3.500000,2,0.000540893,-0.001925291,-0.001082222
3.500000,3,-0.000430169,-0.001551521,-0.001208457
3.550000,0,-0.001902551,-0.000078580,0.002955473
3.550000,1,-0.002211636,-0.000173199,0.002785522
3.550000,2,-0.000033225,-0.002595980,-0.001687312
3.550000,3,0.000133800,-0.002385115,-0.001800388
3.600000,0,-0.000112081,-0.005723421,-0.002993999
3.600000,1,-0.000577770,-0.005523846,-0.002767545
3.600000,2,-0.000532654,-0.002855568,-0.002060049
3.600000,3,0.000612379,-0.002647279,-0.001836142
3.650000,0,0.001158220,-0.009714935,-0.007476241
3.650000,1,0.000574816,-0.009427314,-0.006992428
3.650000,2,-0.000952751,-0.002222105,-0.001607984
3.650000,3,0.000996299,-0.002537654,-0.001682691
3.700000,0,0.001639717,-0.007975958,-0.006191687
3.700000,1,0.000974169,-0.007732893,-0.005747702
3.700000,2,-0.001291304,-0.001715288,-0.001181642
3.700000,3,0.001286406,-0.002292593,-0.001498734
3.750000,0,0.001497610,-0.003588973,-0.001383792
3.750000,1,0.000782771,-0.003461074,-0.001203381
3.750000,2,-0.001539769,-0.001948441,-0.001381582
3.750000,3,0.001493237,-0.002152668,-0.001405748
3.800000,0,0.001096249,-0.001652645,0.001102916
3.800000,1,0.000355383,-0.001684036,0.001050477
3.800000,2,-0.001702995,-0.002355064,-0.001688622
3.800000,3,0.001630323,-0.002268841,-0.001534809
3.850000,0,0.000721083,-0.003540512,-0.000954399
3.850000,1,-0.000013601,-0.003673082,-0.001115819
3.850000,2,-0.001784448,-0.002387870,-0.001663367
3.850000,3,0.001705508,-0.002376313,-0.001667745
3.900000,0,0.000512166,-0.006561399,-0.004281845
3.900000,1,-0.000192606,-0.006670139,-0.004446666
3.900000,2,-0.001789817,-0.002239570,-0.001524489
3.900000,3,0.001726249,-0.002252025,-0.001573767
3.950000,0,0.000454101,-0.007286259,-0.005097236
3.950000,1,-0.000206729,-0.007312733,-0.005153932
3.950000,2,-0.001732883,-0.002213268,-0.001519294
3.950000,3,0.001697724,-0.002142338,-0.001461247
4.000000,0,0.000422487,-0.005461492,-0.003147907
4.000000,1,-0.000179551,-0.005412758,-0.003061443
4.000000,2,-0.001631010,-0.002267167,-0.001575714
4.000000,3,0.001621230,-0.002252234,-0.001545791
4.050000,0,0.000361338,-0.007752010,-0.002212284
4.050000,1,-0.000164282,-0.007677378,-0.002120146
4.050000,2,-0.001479226,-0.005105610,-0.003279986
4.050000,3,0.001460935,-0.005143790,-0.003324639
4.100000,0,0.000291103,-0.011151984,-0.004753767
4.100000,1,-0.000138563,-0.011134656,-0.004761166
4.100000,2,-0.001240650,-0.005737303,-0.004604334
4.100000,3,0.001241367,-0.005754745,-0.004619685
4.150000,0,0.000206881,-0.011326015,-0.007784305
4.150000,1,-0.000107129,-0.011385203,-0.007838358
4.150000,2,-0.000954706,-0.004157727,-0.003035364
4.150000,3,0.000970468,-0.004122466,-0.002998057
4.200000,0,0.000133060,-0.010641089,-0.006871784
4.200000,1,-0.000067159,-0.010689139,-0.006913674
4.200000,2,-0.000644117,-0.002925866,-0.002087615
4.200000,3,0.000679068,-0.002924781,-0.002085496
4.250000,0,0.000068323,-0.007908077,-0.003537820
4.250000,1,-0.000025555,-0.007894872,-0.003532986
4.250000,2,-0.000340843,-0.003078673,-0.002715754
4.250000,3,0.000388870,-0.003100044,-0.002743860
4.300000,0,0.000006548,-0.004214895,-0.001471078
4.300000,1,0.000011827,-0.004173986,-0.001427779
4.300000,2,-0.000060761,-0.002332294,-0.002270935
4.300000,3,0.000119212,-0.002327821,-0.002265497
4.350000,0,-0.000044117,-0.003152451,-0.001479917
4.350000,1,0.000043544,-0.003131491,-0.001450815
4.350000,2,0.000183424,-0.001018009,-0.000793000
4.350000,3,-0.000114993,-0.001006968,-0.000774633
4.400000,0,-0.000084832,-0.003437724,-0.001958855
4.400000,1,0.000072716,-0.003451906,-0.001977331
4.400000,2,0.000389051,-0.000501810,-0.000312840
4.400000,3,-0.000314793,-0.000506071,-0.000320167
4.450000,0,-0.000121816,-0.002220519,-0.001695594
4.450000,1,0.000094502,-0.002249256,-0.001728520
4.450000,2,0.000559790,-0.000353710,-0.000439329
4.450000,3,-0.000481577,-0.000360510,-0.000450833
4.500000,0,-0.000150703,-0.000262835,-0.000426394
4.500000,1,0.000113641,-0.000273515,-0.000434250
4.500000,2,0.000703996,0.000051814,0.000062899
4.500000,3,-0.000622483,0.000055995,0.000070788
4.550000,0,-0.000176448,0.001078708,0.001009898
4.550000,1,0.000130110,0.001094220,0.001026695
4.550000,2,0.000829179,0.000427973,0.000588965
4.550000,3,-0.000744789,0.000430989,0.000595275
4.600000,0,-0.000198915,0.001381873,0.001276123
4.600000,1,0.000144234,0.001401357,0.001294412
4.600000,2,0.000941352,0.000330487,0.000393299
4.600000,3,-0.000854094,0.000326587,0.000387132
4.650000,0,-0.000216651,0.000331473,0.000274305
4.650000,1,0.000157740,0.000333252,0.000277072
4.650000,2,0.001042695,0.000053875,0.000027650
4.650000,3,-0.000952315,0.000051652,0.000025132
4.700000,0,-0.000232594,-0.001401189,-0.000906803
4.700000,1,0.000168437,-0.001414513,-0.000919553
4.700000,2,0.001130766,-0.000200121,-0.000140885
4.700000,3,-0.001037694,-0.000197338,-0.000135962
4.750000,0,-0.000244724,-0.002755158,-0.001571726
4.750000,1,0.000175830,-0.002766129,-0.001584288
4.750000,2,0.001198811,-0.000694112,-0.000533710
4.750000,3,-0.001104096,-0.000693839,-0.000532537
4.800000,0,-0.000250358,-0.003859161,-0.001968024
4.800000,1,0.000179902,-0.003857391,-0.001966469
4.800000,2,0.001237641,-0.001549384,-0.001237314
4.800000,3,-0.001142719,-0.001552369,-0.001240054
4.850000,0,-0.000248585,-0.005343226,-0.002584590
4.850000,1,0.000178847,-0.005333606,-0.002573436
4.850000,2,0.001237469,-0.002464533,-0.001872666
4.850000,3,-0.001144415,-0.002464863,-0.001872171
4.900000,0,-0.000236960,-0.007182436,-0.003609767
4.900000,1,0.000172363,-0.007176584,-0.003603487
4.900000,2,0.001190617,-0.003284270,-0.002351033
4.900000,3,-0.001101658,-0.003282758,-0.002348761
4.950000,0,-0.000214833,-0.008928825,-0.004756291
4.950000,1,0.000160136,-0.008932172,-0.004760098
4.950000,2,0.001094065,-0.004065345,-0.002821947
4.950000,3,-0.001011119,-0.004066112,-0.002822119
5.000000,0,-0.000182336,-0.010129015,-0.005494304
5.000000,1,0.000143214,-0.010136032,-0.005501610
5.000000,2,0.000951029,-0.004671284,-0.003224582
5.000000,3,-0.000875312,-0.004672694,-0.003225484
5.050000,0,-0.000142358,-0.006364997,-0.004491193
5.050000,1,0.000126437,-0.006367333,-0.004493740
5.050000,2,0.000787282,-0.002064652,-0.001700903
5.050000,3,-0.000717638,-0.002064229,-0.001700134
5.100000,0,-0.000101716,-0.002879327,-0.001722086
5.100000,1,0.000108776,-0.002875783,-0.001718246
5.100000,2,0.000622250,-0.001161719,-0.000331138
5.100000,3,-0.000558269,-0.001161174,-0.000330352
5.150000,0,-0.000065312,-0.003585664,-0.000066871
5.150000,1,0.000091482,-0.003581154,-0.000061998
5.150000,2,0.000461031,-0.002373359,-0.001731033
5.150000,3,-0.000404236,-0.002373992,-0.001731479
5.200000,0,-0.000030413,-0.004447573,-0.001805606
5.200000,1,0.000073911,-0.004447097,-0.001805136
5.200000,2,0.000309880,-0.003060748,-0.002312822
5.200000,3,-0.000259329,-0.003061129,-0.002313096
5.250000,0,0.000001011,-0.005621081,-0.004030067
5.250000,1,0.000056218,-0.005624293,-0.004033434
5.250000,2,0.000171404,-0.001955500,-0.001263754
5.250000,3,-0.000125552,-0.001955081,-0.001263299
5.300000,0,0.000028453,-0.006625455,-0.004135130
5.300000,1,0.000041461,-0.006628097,-0.004137979
5.300000,2,0.000047863,-0.001775905,-0.001087176
5.300000,3,-0.000007079,-0.001775779,-0.001087046
5.350000,0,0.000053773,-0.005296445,-0.002624488
5.350000,1,0.000029021,-0.005295909,-0.002623939
5.350000,2,-0.000059814,-0.002559396,-0.001839889
5.350000,3,0.000095399,-0.002559714,-0.001840217
5.400000,0,0.000073884,-0.003722837,-0.001610367
5.400000,1,0.000017780,-0.003720487,-0.001607773
5.400000,2,-0.000149477,-0.002493479,-0.001791743
5.400000,3,0.000180814,-0.002493478,-0.001791778
5.450000,0,0.000089062,-0.004214366,-0.001800521
5.450000,1,0.000008208,-0.004213004,-0.001799053
5.450000,2,-0.000221401,-0.002002552,-0.001297188
5.450000,3,0.000249412,-0.002002306,-0.001296993
5.500000,0,0.000100182,-0.005311738,-0.002759818
5.500000,1,-0.000000001,-0.005312589,-0.002760715
5.500000,2,-0.000276064,-0.002130395,-0.001435576
5.500000,3,0.000300815,-0.002130408,-0.001435638
5.550000,0,0.000106945,-0.005637432,-0.003432882
5.550000,1,-0.000006401,-0.005639146,-0.003434649
5.550000,2,-0.000314186,-0.002452609,-0.001739426
5.550000,3,0.000336146,-0.002452728,-0.001739591
5.600000,0,0.000110930,-0.005382707,-0.003111346
5.600000,1,-0.000010397,-0.005383293,-0.003111942
5.600000,2,-0.000336703,-0.002282807,-0.001581232
5.600000,3,0.000356733,-0.002282728,-0.001581202
5.650000,0,0.000112032,-0.004789735,-0.002309357
5.650000,1,-0.000012741,-0.004788863,-0.002308393
5.650000,2,-0.000345335,-0.002111379,-0.001409336
5.650000,3,0.000363991,-0.002111273,-0.001409277
5.700000,0,0.000109794,-0.004432283,-0.002045890
5.700000,1,-0.000013850,-0.004431227,-0.002044705
5.700000,2,-0.000341831,-0.002257068,-0.001554320
5.700000,3,0.000359390,-0.002257103,-0.001554396
5.750000,0,0.000105071,-0.004792623,-0.002467164
5.750000,1,-0.000013856,-0.004792530,-0.002467031
5.750000,2,-0.000327923,-0.002344850,-0.001638175
5.750000,3,0.000344884,-0.002344876,-0.001638239
5.800000,0,0.000098441,-0.005309884,-0.002930919
5.800000,1,-0.000012879,-0.005310647,-0.002931712
5.800000,2,-0.000305477,-0.002225614,-0.001522771
5.800000,3,0.000322394,-0.002225549,-0.001522743
5.850000,0,0.000090526,-0.005320379,-0.002971608
5.850000,1,-0.000010827,-0.005321026,-0.002972272
5.850000,2,-0.000276474,-0.002193105,-0.001490625
5.850000,3,0.000293641,-0.002193069,-0.001490623
5.900000,0,0.000081927,-0.004996213,-0.002661928
5.900000,1,-0.000007854,-0.004996107,-0.002661791
5.900000,2,-0.000242724,-0.002280328,-0.001575719
5.900000,3,0.000260356,-0.002280350,-0.001575771
5.950000,0,0.000072717,-0.004765726,-0.002375828
5.950000,1,-0.000004411,-0.004765157,-0.002375202
5.950000,2,-0.000205884,-0.002283520,-0.001578797
5.950000,3,0.000224276,-0.002283512,-0.001578817
6.000000,0,0.000063127,-0.004797249,-0.002409711
6.000000,1,-0.000000757,-0.004796925,-0.002409351
6.000000,2,-0.000167527,-0.002224077,-0.001520717
6.000000,3,0.000186904,-0.002224040,-0.001520704
6.050000,0,0.000052118,-0.009198208,-0.003799875
6.050000,1,0.000002440,-0.009198418,-0.003800088
6.050000,2,-0.000126284,-0.005070310,-0.003239493
6.050000,3,0.000146464,-0.005070303,-0.003239504
6.100000,0,0.000042429,-0.012717262,-0.006448749
6.100000,1,0.000007652,-0.012717665,-0.006449175
6.100000,2,-0.000081164,-0.005786430,-0.004647770
6.100000,3,0.000103933,-0.005786439,-0.004647794
6.150000,0,0.000035488,-0.011272589,-0.007782612
6.150000,1,0.000016270,-0.011272708,-0.007782755
6.150000,2,-0.000033087,-0.004170716,-0.003047969
6.150000,3,0.000064926,-0.004170706,-0.003047969
6.200000,0,0.000033385,-0.009418659,-0.005512122
6.200000,1,0.000028272,-0.009418444,-0.005511879
6.200000,2,0.000011487,-0.002896340,-0.002050327
6.200000,3,0.000028336,-0.002896330,-0.002050317
6.250000,0,0.000032591,-0.007081420,-0.002610495
6.250000,1,0.000039729,-0.007081174,-0.002610217
6.250000,2,0.000049477,-0.003078301,-0.002714244
6.250000,3,-0.000004013,-0.003078311,-0.002714247
6.300000,0,0.000030419,-0.004523645,-0.001858171
6.300000,1,0.000048096,-0.004523625,-0.001858167
6.300000,2,0.000080771,-0.002350522,-0.002297399
6.300000,3,-0.000030765,-0.002350538,-0.002297398
6.350000,0,0.000028347,-0.004047833,-0.002443146
6.350000,1,0.000054157,-0.004048016,-0.002443351
6.350000,2,0.000105211,-0.001014810,-0.000788285
6.350000,3,-0.000051579,-0.001014823,-0.000788267
6.400000,0,0.000026717,-0.003854849,-0.002364686
6.400000,1,0.000059078,-0.003854995,-0.002364840
6.400000,2,0.000123464,-0.000491615,-0.000294616
6.400000,3,-0.000068085,-0.000491636,-0.000294599
6.450000,0,0.000024820,-0.001820644,-0.001281928
6.450000,1,0.000062436,-0.001820603,-0.001281896
6.450000,2,0.000137150,-0.000358543,-0.000446338
6.450000,3,-0.000081105,-0.000358572,-0.000446328
6.500000,0,0.000023548,0.000351704,0.000210803
6.500000,1,0.000065281,0.000351850,0.000210943
6.500000,2,0.000148214,0.000045022,0.000052727
6.500000,3,-0.000091758,0.000044993,0.000052742
6.550000,0,0.000022198,0.001226021,0.001170504
6.550000,1,0.000067587,0.001226103,0.001170579
6.550000,2,0.000157969,0.000430442,0.000596910
6.550000,3,-0.000101021,0.000430413,0.000596931
6.600000,0,0.000021183,0.001016820,0.000893272
6.600000,1,0.000069730,0.001016774,0.000893211
6.600000,2,0.000167179,0.000332115,0.000400122
6.600000,3,-0.000109546,0.000332081,0.000400142
6.650000,0,0.000020563,-0.000054175,-0.000133018
6.650000,1,0.000071808,-0.000054267,-0.000133130
6.650000,2,0.000175965,0.000048091,0.000023224
6.650000,3,-0.000117414,0.000048055,0.000023245
6.700000,0,0.000019817,-0.001404346,-0.000910783
6.700000,1,0.000073378,-0.001404372,-0.000910826
6.700000,2,0.000183721,-0.000204416,-0.000141672
6.700000,3,-0.000124266,-0.000204453,-0.000141645
6.750000,0,0.000019094,-0.002461100,-0.001263446
6.750000,1,0.000074193,-0.002461041,-0.001263401
6.750000,2,0.000189179,-0.000693651,-0.000527375
6.750000,3,-0.000129306,-0.000693687,-0.000527345
6.800000,0,0.000018353,-0.003643405,-0.001736022
6.800000,1,0.000073839,-0.003643335,-0.001735964
6.800000,2,0.000190846,-0.001551458,-0.001234184
6.800000,3,-0.000131421,-0.001551494,-0.001234154
6.850000,0,0.000017463,-0.005409249,-0.002651151
6.850000,1,0.000071836,-0.005409237,-0.002651151
6.850000,2,0.000187367,-0.002469707,-0.001872934
6.850000,3,-0.000129374,-0.002469740,-0.001872904
6.900000,0,0.000016815,-0.007396173,-0.003838977
6.900000,1,0.000068238,-0.007396210,-0.003839030
6.900000,2,0.000177814,-0.003286559,-0.002348499
6.900000,3,-0.000122117,-0.003286587,-0.002348469
6.950000,0,0.000016938,-0.009032881,-0.004872685
6.950000,1,0.000063483,-0.009032912,-0.004872731
6.950000,2,0.000161948,-0.004065521,-0.002818101
6.950000,3,-0.000109157,-0.004065544,-0.002818075
7.000000,0,0.000018538,-0.010039041,-0.005398244
7.000000,1,0.000058429,-0.010039029,-0.005398242
7.000000,2,0.000140518,-0.004673223,-0.003223458
7.000000,3,-0.000090636,-0.004673243,-0.003223438
7.050000,0,0.000022817,-0.006221456,-0.004331617
7.050000,1,0.000055230,-0.006221420,-0.004331585
7.050000,2,0.000117565,-0.002066765,-0.001700904
7.050000,3,-0.000068873,-0.002066780,-0.001700888
7.100000,0,0.000026880,-0.002840377,-0.001683427
7.100000,1,0.000051709,-0.002840355,-0.001683410
7.100000,2,0.000094987,-0.001161802,-0.000329923
7.100000,3,-0.000047065,-0.001161813,-0.000329911
7.150000,0,0.000029662,-0.003668543,-0.000161580
7.150000,1,0.000047563,-0.003668553,-0.000161596
7.150000,2,0.000072462,-0.002373074,-0.001730055
7.150000,3,-0.000027046,-0.002373081,-0.001730047
7.200000,0,0.000031671,-0.004539665,-0.001899202
7.200000,1,0.000042883,-0.004539687,-0.001899227
7.200000,2,0.000051802,-0.003061414,-0.002313152
7.200000,3,-0.000008283,-0.003061418,-0.002313147
7.250000,0,0.000032589,-0.005620268,-0.004029915
7.250000,1,0.000037620,-0.005620276,-0.004029924
7.250000,2,0.000033549,-0.001955858,-0.001264011
7.250000,3,0.000009243,-0.001955860,-0.001264009
7.300000,0,0.000033996,-0.006554639,-0.004062525
7.300000,1,0.000033760,-0.006554627,-0.004062512
7.300000,2,0.000017082,-0.001775498,-0.001086772
7.300000,3,0.000024129,-0.001775497,-0.001086772
7.350000,0,0.000035841,-0.005247590,-0.002569670
7.350000,1,0.000030945,-0.005247576,-0.002569654
7.350000,2,0.000002580,-0.002559279,-0.001839764
7.350000,3,0.000036418,-0.002559277,-0.001839767
7.400000,0,0.000036678,-0.003739265,-0.001627581
7.400000,1,0.000027980,-0.003739264,-0.001627578
7.400000,2,-0.000009263,-0.002493820,-0.001792000
7.400000,3,0.000046464,-0.002493816,-0.001792004
7.450000,0,0.000036604,-0.004264619,-0.001856307
7.450000,1,0.000024956,-0.004264631,-0.001856317
7.450000,2,-0.000018523,-0.002002649,-0.001297118
7.450000,3,0.000054335,-0.002002645,-0.001297122
7.500000,0,0.000035943,-0.005336675,-0.002785782
7.500000,1,0.000022050,-0.005336685,-0.002785790
7.500000,2,-0.000025673,-0.002130312,-0.001435237
7.500000,3,0.000059640,-0.002130307,-0.001435242
7.550000,0,0.000034871,-0.005615829,-0.003409333
7.550000,1,0.000019526,-0.005615829,-0.003409329
7.550000,2,-0.000030645,-0.002452806,-0.001739284
7.550000,3,0.000062756,-0.002452801,-0.001739290
7.600000,0,0.000034164,-0.005347709,-0.003074437
7.600000,1,0.000018018,-0.005347702,-0.003074428
7.600000,2,-0.000033403,-0.002283128,-0.001581161
7.600000,3,0.000064077,-0.002283123,-0.001581167
7.650000,0,0.000033385,-0.004781353,-0.002300278
7.650000,1,0.000017008,-0.004781350,-0.002300271
7.650000,2,-0.000034308,-0.002111524,-0.001409074
7.650000,3,0.000063706,-0.002111519,-0.001409079
7.700000,0,0.000032107,-0.004452754,-0.002067560
7.700000,1,0.000016068,-0.004452758,-0.002067562
7.700000,2,-0.000033706,-0.002257182,-0.001554036
7.700000,3,0.000061761,-0.002257177,-0.001554041
7.750000,0,0.000030545,-0.004814050,-0.002490256
7.750000,1,0.000015281,-0.004814057,-0.002490261
7.750000,2,-0.000031717,-0.002345079,-0.001638035
7.750000,3,0.000058643,-0.002345075,-0.001638040
7.800000,0,0.000028912,-0.005309911,-0.002931022
7.800000,1,0.000014771,-0.005309913,-0.002931023
7.800000,2,-0.000028548,-0.002225811,-0.001522646
7.800000,3,0.000054669,-0.002225807,-0.001522650
7.850000,0,0.000027420,-0.005303783,-0.002953724
7.850000,1,0.000014679,-0.005303781,-0.002953720
7.850000,2,-0.000024553,-0.002193187,-0.001490446
7.850000,3,0.000049990,-0.002193184,-0.001490450
7.900000,0,0.000026194,-0.004984050,-0.002648814
7.900000,1,0.000015034,-0.004984047,-0.002648809
7.900000,2,-0.000019984,-0.002280407,-0.001575597
7.900000,3,0.000044831,-0.002280404,-0.001575599
7.950000,0,0.000024999,-0.004769683,-0.002380162
7.950000,1,0.000015533,-0.004769683,-0.002380161
7.950000,2,-0.000015001,-0.002283624,-0.001578755
7.950000,3,0.000039482,-0.002283622,-0.001578757
8.000000,0,0.000023757,-0.004809535,-0.002422868
8.000000,1,0.000016039,-0.004809537,-0.002422870
8.000000,2,-0.000009818,-0.002224129,-0.001520672
8.000000,3,0.000034132,-0.002224127,-0.001520674
8.050000,0,0.000022583,-0.005026091,-0.002677124
8.050000,1,0.000016600,-0.005026093,-0.002677125
8.050000,2,-0.000004665,-0.002234697,-0.001531068
8.050000,3,0.000028901,-0.002234696,-0.001531070
8.100000,0,0.000021595,-0.005170483,-0.002820081
8.100000,1,0.000017283,-0.005170483,-0.002820081
8.100000,2,0.000000319,-0.002272699,-0.001568033
8.100000,3,0.000023943,-0.002272698,-0.001568034
8.150000,0,0.000020858,-0.005085075,-0.002722721
8.150000,1,0.000018111,-0.005085073,-0.002722719
8.150000,2,0.000005028,-0.002257246,-0.001553035
8.150000,3,0.000019397,-0.002257246,-0.001553035
8.200000,0,0.000020312,-0.004915561,-0.002550560
8.200000,1,0.000018991,-0.004915560,-0.002550559
8.200000,2,0.000009346,-0.002235008,-0.001531306
8.200000,3,0.000015332,-0.002235007,-0.001531306
8.250000,0,0.000019858,-0.004869277,-0.002498939
8.250000,1,0.000019801,-0.004869277,-0.002498940
8.250000,2,0.000013180,-0.002250197,-0.001546147
8.250000,3,0.000011787,-0.002250197,-0.001546147
8.300000,0,0.000019487,-0.004956692,-0.002588560
8.300000,1,0.000020517,-0.004956693,-0.002588561
8.300000,2,0.000016495,-0.002261959,-0.001557593
8.300000,3,0.000008811,-0.002261959,-0.001557593
8.350000,0,0.000019242,-0.005055039,-0.002697265
8.350000,1,0.000021174,-0.005055040,-0.002697266
8.350000,2,0.000019269,-0.002249141,-0.001545110
8.350000,3,0.000006420,-0.002249141,-0.001545109
8.400000,0,0.000019161,-0.005065924,-0.002709417
8.400000,1,0.000021808,-0.005065923,-0.002709417
8.400000,2,0.000021486,-0.002243983,-0.001540075
8.400000,3,0.000004596,-0.002243984,-0.001540074
8.450000,0,0.000019225,-0.004994736,-0.002631156
8.450000,1,0.000022406,-0.004994735,-0.002631156
8.450000,2,0.000023152,-0.002253745,-0.001549596
8.450000,3,0.000003310,-0.002253746,-0.001549595
8.500000,0,0.000019368,-0.004932410,-0.002565091
8.500000,1,0.000022910,-0.004932409,-0.002565091
8.500000,2,0.000024302,-0.002255119,-0.001550934
8.500000,3,0.000002534,-0.002255120,-0.001550933
8.550000,0,0.000019550,-0.004944973,-0.002579088
8.550000,1,0.000023296,-0.004944973,-0.002579089
8.550000,2,0.000024976,-0.002248230,-0.001544218
8.550000,3,0.000002218,-0.002248231,-0.001544217
8.600000,0,0.000019773,-0.005001468,-0.002639035
8.600000,1,0.000023578,-0.005001468,-0.002639036
8.600000,2,0.000025213,-0.002248792,-0.001544767
8.600000,3,0.000002304,-0.002248793,-0.001544766
8.650000,0,0.000020047,-0.005031587,-0.002671449
8.650000,1,0.000023788,-0.005031587,-0.002671449
8.650000,2,0.000025071,-0.002253322,-0.001549182
8.650000,3,0.000002731,-0.002253323,-0.001549181
8.700000,0,0.000020372,-0.005011361,-0.002649973
8.700000,1,0.000023944,-0.005011361,-0.002649973
8.700000,2,0.000024610,-0.002251962,-0.001547857
8.700000,3,0.000003441,-0.002251963,-0.001547856
8.750000,0,0.000020719,-0.004973382,-0.002609065
8.750000,1,0.000024037,-0.004973382,-0.002609065
8.750000,2,0.000023888,-0.002249199,-0.001545163
8.750000,3,0.000004373,-0.002249200,-0.001545162
8.800000,0,0.000021053,-0.004960388,-0.002595171
8.800000,1,0.000024053,-0.004960388,-0.002595172
8.800000,2,0.000022962,-0.002250714,-0.001546640
8.800000,3,0.000005463,-0.002250715,-0.001546639
8.850000,0,0.000021365,-0.004980729,-0.002617021
8.850000,1,0.000024000,-0.004980729,-0.002617022
8.850000,2,0.000021891,-0.002252252,-0.001548139
8.850000,3,0.000006657,-0.002252253,-0.001548138
8.900000,0,0.000021658,-0.005005810,-0.002643853
8.900000,1,0.000023900,-0.005005810,-0.002643853
8.900000,2,0.000020729,-0.002250897,-0.001546818
8.900000,3,0.000007906,-0.002250897,-0.001546817
8.950000,0,0.000021937,-0.005007975,-0.002646238
8.950000,1,0.000023773,-0.005007975,-0.002646238
8.950000,2,0.000019524,-0.002250152,-0.001546091
8.950000,3,0.000009161,-0.002250152,-0.001546090
9.000000,0,0.000022195,-0.004990374,-0.002627356
9.000000,1,0.000023628,-0.004990374,-0.002627356
9.000000,2,0.000018318,-0.002251228,-0.001547140
9.000000,3,0.000010384,-0.002251228,-0.001547140
9.050000,0,0.000022420,-0.004976026,-0.002611909
9.050000,1,0.000023462,-0.004976026,-0.002611909
9.050000,2,0.000017148,-0.002251498,-0.001547404
9.050000,3,0.000011542,-0.002251499,-0.001547403
9.100000,0,0.000022601,-0.004978907,-0.002615056
9.100000,1,0.000023277,-0.004978907,-0.002615056
9.100000,2,0.000016046,-0.002250714,-0.001546638
9.100000,3,0.000012610,-0.002250714,-0.001546638
9.150000,0,0.000022743,-0.004992113,-0.002629226
9.150000,1,0.000023083,-0.004992113,-0.002629227
9.150000,2,0.000015035,-0.002250701,-0.001546626
9.150000,3,0.000013566,-0.002250701,-0.001546626
9.200000,0,0.000022853,-0.004999653,-0.002637260
9.200000,1,0.000022895,-0.004999653,-0.002637260
9.200000,2,0.000014133,-0.002251234,-0.001547145
9.200000,3,0.000014398,-0.002251234,-0.001547145
9.250000,0,0.000022935,-0.004994874,-0.002632166
9.250000,1,0.000022720,-0.004994874,-0.002632166
9.250000,2,0.000013353,-0.002251127,-0.001547041
9.250000,3,0.000015097,-0.002251127,-0.001547041
9.300000,0,0.000022987,-0.004985553,-0.002622190
9.300000,1,0.000022558,-0.004985553,-0.002622190
9.300000,2,0.000012701,-0.002250790,-0.001546713
9.300000,3,0.000015662,-0.002250790,-0.001546713
9.350000,0,0.000023009,-0.004982503,-0.002618881
9.350000,1,0.000022409,-0.004982503,-0.002618881
9.350000,2,0.000012179,-0.002250935,-0.001546854
9.350000,3,0.000016094,-0.002250935,-0.001546854
9.400000,0,0.000023003,-0.004987430,-0.002624175
9.400000,1,0.000022274,-0.004987431,-0.002624175
9.400000,2,0.000011784,-0.002251131,-0.001547045
9.400000,3,0.000016398,-0.002251131,-0.001547045
9.450000,0,0.000022975,-0.004993362,-0.002630558
9.450000,1,0.000022158,-0.004993362,-0.002630558
9.450000,2,0.000011510,-0.002250991,-0.001546908
9.450000,3,0.000016584,-0.002250991,-0.001546909
9.500000,0,0.000022932,-0.004993928,-0.002631145
9.500000,1,0.000022064,-0.004993928,-0.002631145
9.500000,2,0.000011350,-0.002250889,-0.001546809
9.500000,3,0.000016662,-0.002250889,-0.001546809
9.550000,0,0.000022877,-0.004989755,-0.002626666
9.550000,1,0.000021993,-0.004989755,-0.002626666
9.550000,2,0.000011290,-0.002251006,-0.001546923
9.550000,3,0.000016645,-0.002251005,-0.001546923
9.600000,0,0.000022812,-0.004986254,-0.002622927
9.600000,1,0.000021940,-0.004986254,-0.002622927
9.600000,2,0.000011320,-0.002251049,-0.001546965
9.600000,3,0.000016548,-0.002251049,-0.001546966
9.650000,0,0.000022739,-0.004986933,-0.002623649
9.650000,1,0.000021904,-0.004986933,-0.002623649
9.650000,2,0.000011425,-0.002250961,-0.001546879
9.650000,3,0.000016384,-0.002250961,-0.001546880
9.700000,0,0.000022662,-0.004990132,-0.002627072
9.700000,1,0.000021883,-0.004990132,-0.002627072
9.700000,2,0.000011592,-0.002250951,-0.001546869
9.700000,3,0.000016168,-0.002250951,-0.001546869
9.750000,0,0.000022584,-0.004991932,-0.002629012
9.750000,1,0.000021878,-0.004991932,-0.002629012
9.750000,2,0.000011807,-0.002251013,-0.001546929
9.750000,3,0.000015915,-0.002251012,-0.001546930
9.800000,0,0.000022509,-0.004990785,-0.002627782
9.800000,1,0.000021887,-0.004990785,-0.002627782
9.800000,2,0.000012056,-0.002251006,-0.001546923
9.800000,3,0.000015636,-0.002251006,-0.001546923
9.850000,0,0.000022439,-0.004988562,-0.002625392
9.850000,1,0.000021908,-0.004988562,-0.002625392
9.850000,2,0.000012327,-0.002250966,-0.001546884
9.850000,3,0.000015345,-0.002250966,-0.001546884
9.900000,0,0.000022374,-0.004987817,-0.002624596
9.900000,1,0.000021937,-0.004987817,-0.002624596
9.900000,2,0.000012608,-0.002250979,-0.001546897
9.900000,3,0.000015052,-0.002250979,-0.001546897
9.950000,0,0.000022314,-0.004988990,-0.002625856
9.950000,1,0.000021972,-0.004988990,-0.002625856
9.950000,2,0.000012890,-0.002251003,-0.001546920
9.950000,3,0.000014765,-0.002251003,-0.001546921
10.000000,0,0.000022262,-0.004990424,-0.002627391
10.000000,1,0.000022011,-0.004990424,-0.002627391
10.000000,2,0.000013164,-0.002250989,-0.001546907
10.000000,3,0.000014494,-0.002250989,-0.001546907
10.050000,0,0.000022219,-0.004990564,-0.002627541
10.050000,1,0.000022053,-0.004990564,-0.002627541
10.050000,2,0.000013422,-0.002250976,-0.001546894
10.050000,3,0.000014244,-0.002250976,-0.001546894
10.100000,0,0.000022184,-0.004989559,-0.002626466
10.100000,1,0.000022097,-0.004989559,-0.002626466
10.100000,2,0.000013659,-0.002250988,-0.001546906
10.100000,3,0.000014019,-0.002250988,-0.001546906
10.150000,0,0.000022157,-0.004988720,-0.002625564
10.150000,1,0.000022141,-0.004988720,-0.002625564
10.150000,2,0.000013871,-0.002250995,-0.001546912
10.150000,3,0.000013824,-0.002250995,-0.001546912
10.200000,0,0.000022138,-0.004988880,-0.002625736
10.200000,1,0.000022182,-0.004988880,-0.002625736
10.200000,2,0.000014055,-0.002250985,-0.001546902
10.200000,3,0.000013659,-0.002250985,-0.001546902
10.250000,0,0.000022125,-0.004989645,-0.002626557
10.250000,1,0.000022221,-0.004989645,-0.002626557
10.250000,2,0.000014208,-0.002250983,-0.001546900
10.250000,3,0.000013526,-0.002250983,-0.001546900
10.300000,0,0.000022120,-0.004990081,-0.002627024
10.300000,1,0.000022256,-0.004990081,-0.002627024
10.300000,2,0.000014331,-0.002250990,-0.001546907
10.300000,3,0.000013424,-0.002250990,-0.001546907
10.350000,0,0.000022120,-0.004989808,-0.002626731
10.350000,1,0.000022287,-0.004989808,-0.002626731
10.350000,2,0.000014425,-0.002250990,-0.001546907
10.350000,3,0.000013352,-0.002250990,-0.001546907
10.400000,0,0.000022126,-0.004989273,-0.002626158
10.400000,1,0.000022314,-0.004989273,-0.002626158
10.400000,2,0.000014490,-0.002250985,-0.001546903
10.400000,3,0.000013307,-0.002250985,-0.001546903
10.450000,0,0.000022136,-0.004989093,-0.002625964
10.450000,1,0.000022337,-0.004989093,-0.002625964
10.450000,2,0.000014528,-0.002250986,-0.001546904
10.450000,3,0.000013288,-0.002250986,-0.001546904
10.500000,0,0.000022148,-0.004989374,-0.002626266
10.500000,1,0.000022354,-0.004989374,-0.002626266
10.500000,2,0.000014543,-0.002250989,-0.001546906
10.500000,3,0.000013291,-0.002250989,-0.001546906
10.550000,0,0.000022163,-0.004989718,-0.002626635
10.550000,1,0.000022367,-0.004989718,-0.002626635
10.550000,2,0.000014537,-0.002250987,-0.001546905
10.550000,3,0.000013313,-0.002250988,-0.001546905
10.600000,0,0.000022180,-0.004989753,-0.002626672
10.600000,1,0.000022376,-0.004989753,-0.002626672
10.600000,2,0.000014513,-0.002250986,-0.001546903
10.600000,3,0.000013351,-0.002250986,-0.001546903
10.650000,0,0.000022198,-0.004989513,-0.002626414
10.650000,1,0.000022381,-0.004989513,-0.002626414
10.650000,2,0.000014474,-0.002250987,-0.001546905
10.650000,3,0.000013401,-0.002250987,-0.001546905
10.700000,0,0.000022216,-0.004989310,-0.002626197
10.700000,1,0.000022382,-0.004989310,-0.002626197
10.700000,2,0.000014424,-0.002250988,-0.001546906
10.700000,3,0.000013460,-0.002250988,-0.001546906
10.750000,0,0.000022233,-0.004989348,-0.002626238
10.750000,1,0.000022380,-0.004989348,-0.002626238
10.750000,2,0.000014366,-0.002250987,-0.001546905
10.750000,3,0.000013525,-0.002250987,-0.001546905
10.800000,0,0.000022250,-0.004989532,-0.002626435
10.800000,1,0.000022376,-0.004989532,-0.002626435
10.800000,2,0.000014303,-0.002250987,-0.001546904
10.800000,3,0.000013593,-0.002250987,-0.001546904
10.850000,0,0.000022265,-0.004989637,-0.002626547
10.850000,1,0.000022369,-0.004989637,-0.002626547
10.850000,2,0.000014237,-0.002250987,-0.001546905
10.850000,3,0.000013662,-0.002250987,-0.001546905
10.900000,0,0.000022279,-0.004989572,-0.002626478
10.900000,1,0.000022361,-0.004989572,-0.002626478
10.900000,2,0.000014172,-0.002250987,-0.001546905
10.900000,3,0.000013729,-0.002250987,-0.001546905
10.950000,0,0.000022292,-0.004989443,-0.002626340
10.950000,1,0.000022352,-0.004989443,-0.002626340
10.950000,2,0.000014108,-0.002250987,-0.001546905
10.950000,3,0.000013792,-0.002250987,-0.001546904
11.000000,0,0.000022302,-0.004989399,-0.002626293
11.000000,1,0.000022342,-0.004989399,-0.002626293
11.000000,2,0.000014047,-0.002250987,-0.001546905
11.000000,3,0.000013851,-0.002250987,-0.001546905
11.050000,0,0.000022310,-0.004989467,-0.002626365
11.050000,1,0.000022332,-0.004989467,-0.002626365
11.050000,2,0.000013991,-0.002250987,-0.001546905
11.050000,3,0.000013903,-0.002250987,-0.001546905
11.100000,0,0.000022317,-0.004989549,-0.002626454
11.100000,1,0.000022322,-0.004989549,-0.002626454
11.100000,2,0.000013942,-0.002250987,-0.001546905
11.100000,3,0.000013949,-0.002250987,-0.001546905
11.150000,0,0.000022321,-0.004989558,-0.002626463
11.150000,1,0.000022312,-0.004989558,-0.002626463
11.150000,2,0.000013899,-0.002250987,-0.001546905
11.150000,3,0.000013988,-0.002250987,-0.001546905
11.200000,0,0.000022324,-0.004989500,-0.002626401
11.200000,1,0.000022303,-0.004989500,-0.002626401
11.200000,2,0.000013862,-0.002250987,-0.001546905
11.200000,3,0.000014020,-0.002250987,-0.001546905
11.250000,0,0.000022326,-0.004989452,-0.002626349
11.250000,1,0.000022295,-0.004989452,-0.002626349
11.250000,2,0.000013833,-0.002250987,-0.001546905
11.250000,3,0.000014044,-0.002250987,-0.001546905
11.300000,0,0.000022326,-0.004989461,-0.002626359
11.300000,1,0.000022288,-0.004989461,-0.002626359
11.300000,2,0.000013811,-0.002250987,-0.001546905
11.300000,3,0.000014061,-0.002250987,-0.001546905
11.350000,0,0.000022325,-0.004989505,-0.002626406
11.350000,1,0.000022281,-0.004989505,-0.002626406
11.350000,2,0.000013796,-0.002250987,-0.001546905
11.350000,3,0.000014071,-0.002250987,-0.001546905
11.400000,0,0.000022323,-0.004989530,-0.002626433
11.400000,1,0.000022276,-0.004989530,-0.002626433
11.400000,2,0.000013787,-0.002250987,-0.001546905
11.400000,3,0.000014076,-0.002250987,-0.001546905
11.450000,0,0.000022320,-0.004989515,-0.002626416
11.450000,1,0.000022272,-0.004989515,-0.002626416
11.450000,2,0.000013783,-0.002250987,-0.001546905
11.450000,3,0.000014076,-0.002250987,-0.001546905
11.500000,0,0.000022316,-0.004989484,-0.002626383
11.500000,1,0.000022269,-0.004989484,-0.002626383
11.500000,2,0.000013784,-0.002250987,-0.001546905
11.500000,3,0.000014071,-0.002250987,-0.001546905
11.550000,0,0.000022312,-0.004989473,-0.002626372
11.550000,1,0.000022267,-0.004989473,-0.002626372
11.550000,2,0.000013790,-0.002250987,-0.001546905
11.550000,3,0.000014062,-0.002250987,-0.001546905
11.600000,0,0.000022308,-0.004989489,-0.002626389
11.600000,1,0.000022265,-0.004989489,-0.002626389
11.600000,2,0.000013799,-0.002250987,-0.001546905
11.600000,3,0.000014050,-0.002250987,-0.001546905
11.650000,0,0.000022304,-0.004989509,-0.002626411
11.650000,1,0.000022265,-0.004989509,-0.002626411
11.650000,2,0.000013810,-0.002250987,-0.001546905
11.650000,3,0.000014037,-0.002250987,-0.001546905
11.700000,0,0.000022300,-0.004989511,-0.002626413
11.700000,1,0.000022265,-0.004989511,-0.002626413
11.700000,2,0.000013824,-0.002250987,-0.001546905
11.700000,3,0.000014021,-0.002250987,-0.001546905
11.750000,0,0.000022296,-0.004989497,-0.002626398
11.750000,1,0.000022266,-0.004989497,-0.002626398
11.750000,2,0.000013838,-0.002250987,-0.001546905
11.750000,3,0.000014006,-0.002250987,-0.001546905
11.800000,0,0.000022292,-0.004989486,-0.002626386
11.800000,1,0.000022268,-0.004989486,-0.002626386
11.800000,2,0.000013854,-0.002250987,-0.001546905
11.800000,3,0.000013990,-0.002250987,-0.001546905
11.850000,0,0.000022289,-0.004989488,-0.002626388
11.850000,1,0.000022270,-0.004989488,-0.002626388
11.850000,2,0.000013869,-0.002250987,-0.001546905
11.850000,3,0.000013974,-0.002250987,-0.001546905
11.900000,0,0.000022286,-0.004989498,-0.002626399
11.900000,1,0.000022272,-0.004989498,-0.002626399
11.900000,2,0.000013884,-0.002250987,-0.001546905
11.900000,3,0.000013959,-0.002250987,-0.001546905
11.950000,0,0.000022284,-0.004989504,-0.002626406
11.950000,1,0.000022274,-0.004989504,-0.002626406
11.950000,2,0.000013898,-0.002250987,-0.001546905
11.950000,3,0.000013945,-0.002250987,-0.001546905
12.000000,0,0.000022282,-0.004989501,-0.002626402
12.000000,1,0.000022276,-0.004989501,-0.002626402
12.000000,2,0.000013911,-0.002250987,-0.001546905
12.000000,3,0.000013933,-0.002250987,-0.001546905
